adj_close,close,date,high,low,open,volume
5.543338,8.090000,2000-01-04,8.150000,7.950000,8.000000,241226
5.570745,8.130000,2000-01-05,8.300000,8.100000,8.110000,239654
5.714639,8.340000,2000-01-06,8.350000,7.850000,8.100000,464480
5.933907,8.660000,2000-01-07,8.730000,8.380000,8.380000,801129
5.954463,8.690000,2000-01-10,8.800000,8.450000,8.750000,795358
5.652971,8.250000,2000-01-11,8.650000,8.210000,8.580000,504001
5.536486,8.080000,2000-01-12,8.490000,8.080000,8.250000,430647
5.420000,7.910000,2000-01-13,8.100000,7.900000,8.060000,257820
5.433704,7.930000,2000-01-14,8.080000,7.900000,7.920000,186292
5.509077,8.040000,2000-01-17,8.090000,7.830000,7.950000,295808
5.413147,7.900000,2000-01-18,8.110000,7.890000,8.050000,223103
5.406297,7.890000,2000-01-19,7.970000,7.830000,7.890000,287230
5.481669,8.000000,2000-01-20,8.030000,7.850000,8.030000,297611
5.413147,7.900000,2000-01-21,8.090000,7.810000,8.090000,462844
5.276106,7.700000,2000-01-24,7.900000,7.600000,7.900000,676830
5.378887,7.850000,2000-01-25,7.900000,7.700000,7.700000,346712
5.461112,7.970000,2000-01-26,7.970000,7.780000,7.840000,299316
5.358331,7.820000,2000-01-27,8.030000,7.800000,8.030000,727443
5.365182,7.830000,2000-01-28,7.900000,7.700000,7.880000,836940
5.365182,7.830000,2000-01-31,7.900000,7.700000,7.880000,0
5.365182,7.830000,2000-02-01,7.900000,7.700000,7.880000,0
5.365182,7.830000,2000-02-02,7.900000,7.700000,7.880000,0
5.365182,7.830000,2000-02-03,7.900000,7.700000,7.880000,0
5.365182,7.830000,2000-02-04,7.900000,7.700000,7.880000,0
5.365182,7.830000,2000-02-07,7.900000,7.700000,7.880000,0
5.365182,7.830000,2000-02-08,7.900000,7.700000,7.880000,0
5.365182,7.830000,2000-02-09,7.900000,7.700000,7.880000,0
5.365182,7.830000,2000-02-10,7.900000,7.700000,7.880000,0
5.365182,7.830000,2000-02-11,7.900000,7.700000,7.880000,0
5.899646,8.610000,2000-02-14,8.610000,8.050000,8.050000,1333497
6.036688,8.810000,2000-02-15,9.470000,8.700000,8.880000,2523257
6.166877,9.000000,2000-02-16,9.040000,8.600000,8.750000,1631288
5.865386,8.560000,2000-02-17,9.450000,8.410000,9.120000,1885263
5.796865,8.460000,2000-02-18,8.500000,8.180000,8.500000,933787
6.379292,9.310000,2000-02-21,9.310000,8.190000,8.460000,2794704
6.009281,8.770000,2000-02-22,9.470000,8.710000,9.450000,1832304
5.913351,8.630000,2000-02-23,8.800000,8.500000,8.580000,689464
6.098357,8.900000,2000-02-24,8.980000,8.650000,8.660000,793192
6.351884,9.270000,2000-02-25,9.600000,8.820000,8.900000,3257869
6.715044,9.800000,2000-02-28,9.980000,9.310000,9.400000,4523300
6.543743,9.550000,2000-02-29,9.900000,9.350000,9.800000,2003316
6.440959,9.400000,2000-03-01,9.880000,9.400000,9.570000,1394158
6.427257,9.380000,2000-03-02,9.490000,9.220000,9.400000,1079570
6.440959,9.400000,2000-03-03,9.560000,9.350000,9.460000,1353274
6.139469,8.960000,2000-03-06,9.560000,8.950000,9.400000,1610874
6.091505,8.890000,2000-03-07,8.950000,8.810000,8.850000,721947
6.214842,9.070000,2000-03-08,9.080000,8.850000,8.950000,561713
6.098357,8.900000,2000-03-09,9.140000,8.900000,9.100000,580506
5.968166,8.710000,2000-03-10,8.970000,8.700000,8.970000,759286
6.166877,9.000000,2000-03-13,9.060000,8.700000,8.720000,560456
6.242250,9.110000,2000-03-14,9.130000,8.700000,9.000000,744240
6.379292,9.310000,2000-03-15,9.580000,9.150000,9.150000,1678194
6.454664,9.420000,2000-03-16,9.550000,9.130000,9.310000,3069709
6.632819,9.680000,2000-03-17,9.900000,9.460000,9.600000,3284959
7.057649,10.300000,2000-03-20,10.580000,9.740000,9.750000,6617005
7.057649,10.300000,2000-03-21,10.660000,10.020000,10.480000,5932846
7.112466,10.380000,2000-03-22,10.500000,10.060000,10.280000,3344401
7.064501,10.310000,2000-03-23,10.500000,10.090000,10.400000,2402631
6.749304,9.850000,2000-03-24,10.320000,9.840000,10.010000,3408922
7.057649,10.300000,2000-03-27,10.300000,9.620000,9.760000,3666247
6.954867,10.150000,2000-03-28,10.820000,10.110000,10.400000,5493250
7.653780,11.170000,2000-03-29,11.170000,9.980000,10.150000,8110719
7.770264,11.340000,2000-03-30,11.720000,10.800000,11.250000,7161552
7.900457,11.530000,2000-03-31,11.730000,11.020000,11.350000,5642915
7.873046,11.490000,2000-04-03,12.300000,11.280000,11.500000,8820784
8.188243,11.950000,2000-04-04,12.100000,11.250000,11.860000,8682996
7.879899,11.500000,2000-04-05,12.050000,11.300000,11.950000,4041156
7.982679,11.650000,2000-04-06,11.800000,11.300000,11.500000,2938103
8.256764,12.050000,2000-04-07,12.100000,11.620000,11.620000,4772489
8.153981,11.900000,2000-04-10,12.290000,11.800000,12.110000,3159420
7.818231,11.410000,2000-04-11,11.980000,11.300000,11.950000,3201159
7.653780,11.170000,2000-04-12,11.500000,11.010000,11.410000,2451910
7.742858,11.300000,2000-04-13,11.480000,11.110000,11.170000,1957922
7.818231,11.410000,2000-04-14,12.100000,11.250000,11.350000,3134671
7.811376,11.400000,2000-04-17,11.580000,11.220000,11.300000,2150465
8.051202,11.750000,2000-04-18,12.040000,11.500000,12.000000,1782908
8.153981,11.900000,2000-04-19,11.950000,11.530000,11.800000,1568733
8.770670,12.800000,2000-04-20,13.060000,11.800000,11.930000,9179400
8.558258,12.490000,2000-04-21,13.500000,12.300000,12.800000,6316221
8.565106,12.500000,2000-04-24,12.930000,12.060000,12.060000,3733151
8.407509,12.270000,2000-04-25,12.690000,12.270000,12.500000,1969735
8.407509,12.270000,2000-04-26,12.270000,12.270000,12.270000,0
8.702148,12.700000,2000-04-27,13.450000,12.180000,12.260000,6652441
8.667890,12.650000,2000-04-28,13.380000,12.570000,13.380000,3873771
8.667890,12.650000,2000-05-01,13.380000,12.570000,13.380000,0
8.667890,12.650000,2000-05-02,13.380000,12.570000,13.380000,0
8.667890,12.650000,2000-05-03,13.380000,12.570000,13.380000,0
8.667890,12.650000,2000-05-04,13.380000,12.570000,13.380000,0
8.667890,12.650000,2000-05-05,13.380000,12.570000,13.380000,0
8.551403,12.480000,2000-05-08,12.850000,12.360000,12.850000,1028873
8.291026,12.100000,2000-05-09,12.650000,12.030000,12.500000,1771723
7.968974,11.630000,2000-05-10,12.100000,11.620000,12.000000,1719493
7.592112,11.080000,2000-05-11,11.600000,11.000000,11.420000,1521612
7.537295,11.000000,2000-05-12,11.290000,10.900000,11.050000,1275085
7.667483,11.190000,2000-05-15,11.300000,10.820000,11.100000,963597
7.763412,11.330000,2000-05-16,11.380000,11.200000,11.300000,523939
7.749709,11.310000,2000-05-17,11.580000,11.300000,11.330000,755488
7.879899,11.500000,2000-05-18,11.530000,11.230000,11.300000,652804
8.044348,11.740000,2000-05-19,11.800000,11.420000,11.500000,856289
8.455475,12.340000,2000-05-22,12.550000,11.720000,11.800000,1875656
8.633630,12.600000,2000-05-23,12.780000,12.210000,12.400000,1851831
8.633630,12.600000,2000-05-24,12.950000,12.480000,12.650000,2020018
8.791225,12.830000,2000-05-25,12.960000,12.600000,12.750000,2265104
8.914562,13.010000,2000-05-26,13.180000,12.650000,12.830000,3243271
9.654588,14.090000,2000-05-29,14.210000,13.100000,13.120000,5816130
9.524400,13.900000,2000-05-30,14.380000,13.500000,14.220000,3074793
9.455879,13.800000,2000-05-31,14.060000,13.600000,13.900000,2505885
9.510695,13.880000,2000-06-01,14.500000,13.600000,13.810000,2309768
9.305133,13.580000,2000-06-02,13.980000,13.420000,13.980000,1856712
8.935120,13.040000,2000-06-05,13.680000,13.000000,13.580000,3242746
9.284576,13.550000,2000-06-06,13.790000,12.800000,13.000000,2593189
9.579216,13.980000,2000-06-07,14.350000,13.560000,13.680000,4542040
9.599771,14.010000,2000-06-08,14.150000,13.800000,13.960000,1347673
9.469584,13.820000,2000-06-09,14.150000,13.600000,13.900000,1515455
9.757370,14.240000,2000-06-12,14.350000,13.420000,13.750000,2144250
9.935524,14.500000,2000-06-13,15.000000,14.310000,14.350000,3994261
10.004044,14.600000,2000-06-14,14.760000,14.350000,14.480000,1683730
10.072567,14.700000,2000-06-15,14.990000,14.450000,14.550000,2392561
9.798486,14.300000,2000-06-16,14.700000,14.120000,14.650000,2107223
9.935524,14.500000,2000-06-19,14.650000,14.210000,14.300000,953499
9.798486,14.300000,2000-06-20,14.560000,14.150000,14.450000,812466
9.764223,14.250000,2000-06-21,14.310000,14.100000,14.300000,823233
9.729961,14.200000,2000-06-22,14.430000,13.980000,14.300000,714361
9.757370,14.240000,2000-06-23,14.320000,14.000000,14.020000,589482
9.634034,14.060000,2000-06-26,14.400000,13.800000,14.240000,1683024
9.935524,14.500000,2000-06-27,14.680000,13.950000,13.950000,1341803
10.072567,14.700000,2000-06-28,14.770000,14.410000,14.500000,672984
9.928671,14.490000,2000-06-29,14.790000,14.200000,14.750000,889618
10.415171,15.200000,2000-06-30,15.250000,14.250000,14.250000,2655592
10.545361,15.390000,2000-07-03,15.780000,15.020000,15.380000,5146294
10.250721,14.960000,2000-07-04,15.250000,14.750000,15.250000,1105098
10.106829,14.750000,2000-07-05,15.090000,14.650000,15.050000,864615
10.079420,14.710000,2000-07-06,14.920000,14.500000,14.700000,1186213
10.175349,14.850000,2000-07-07,15.060000,14.580000,14.810000,1185468
10.209608,14.900000,2000-07-10,15.200000,14.600000,14.600000,1406343
10.134236,14.790000,2000-07-11,15.000000,14.680000,14.750000,987199
10.189052,14.870000,2000-07-12,15.100000,14.650000,14.800000,1368820
10.449430,15.250000,2000-07-13,15.700000,14.950000,15.000000,6493431
10.339797,15.090000,2000-07-14,15.250000,14.700000,15.250000,2492761
10.271276,14.990000,2000-07-17,15.080000,14.750000,15.050000,1064593
10.250721,14.960000,2000-07-18,15.050000,14.850000,14.930000,710243
10.141087,14.800000,2000-07-19,15.000000,14.660000,14.930000,1085536
9.873857,14.410000,2000-07-20,14.800000,14.350000,14.800000,1850954
10.004044,14.600000,2000-07-21,14.700000,14.050000,14.310000,923932
9.798486,14.300000,2000-07-24,14.800000,14.200000,14.450000,923201
9.990341,14.580000,2000-07-25,14.580000,14.000000,14.200000,1004911
9.990341,14.580000,2000-07-26,14.650000,14.200000,14.510000,677299
9.969788,14.550000,2000-07-27,15.000000,14.500000,14.580000,1315352
10.004044,14.600000,2000-07-28,14.780000,14.300000,14.700000,635162
10.065715,14.690000,2000-07-31,14.780000,14.300000,14.600000,921011
9.921821,14.480000,2000-08-01,14.750000,14.250000,14.400000,905646
10.072567,14.700000,2000-08-02,14.700000,14.020000,14.600000,703866
9.969788,14.550000,2000-08-03,14.700000,14.400000,14.700000,566644
9.723109,14.190000,2000-08-04,14.500000,14.140000,14.500000,890835
9.531253,13.910000,2000-08-07,14.190000,13.800000,14.000000,1291895
9.921821,14.480000,2000-08-08,14.500000,13.900000,13.910000,1670468
9.832743,14.350000,2000-08-09,14.450000,14.020000,14.450000,886889
10.038304,14.650000,2000-08-10,14.780000,14.450000,14.490000,1236640
10.113680,14.760000,2000-08-11,14.850000,14.600000,14.650000,1476206
10.346650,15.100000,2000-08-14,15.190000,14.750000,14.760000,2730000
10.332947,15.080000,2000-08-15,15.290000,14.910000,15.100000,1706882
10.353501,15.110000,2000-08-16,15.330000,15.010000,15.080000,2456148
10.141087,14.800000,2000-08-17,15.210000,14.700000,15.110000,2022185
10.264423,14.980000,2000-08-18,15.010000,14.600000,14.800000,2329575
10.237015,14.940000,2000-08-21,14.960000,14.650000,14.960000,853360
10.038304,14.650000,2000-08-22,14.920000,14.610000,14.910000,886848
10.195904,14.880000,2000-08-23,14.950000,14.300000,14.650000,2385066
10.449430,15.250000,2000-08-24,15.390000,14.790000,14.880000,2968298
10.956487,15.990000,2000-08-25,16.190001,15.100000,15.250000,6807786
11.066118,16.150000,2000-08-28,16.500000,16.080000,16.100000,5065407
11.237421,16.400000,2000-08-29,16.420000,16.020000,16.200001,4127586
10.929078,15.950000,2000-08-30,16.389999,15.750000,16.379999,1641115
10.517953,15.350000,2000-08-31,16.030001,15.230000,16.030001,2145677
10.552213,15.400000,2000-09-01,15.650000,15.010000,15.250000,1382003
10.757773,15.700000,2000-09-04,15.750000,15.410000,15.410000,1203098
10.552213,15.400000,2000-09-05,15.800000,15.200000,15.700000,1242706
10.607028,15.480000,2000-09-06,15.580000,15.080000,15.410000,1126784
10.620731,15.500000,2000-09-07,15.700000,15.450000,15.450000,614171
10.826295,15.800000,2000-09-08,15.800000,15.450000,15.510000,1426135
10.840000,15.820000,2000-09-11,15.930000,15.580000,15.800000,840244
10.826295,15.800000,2000-09-12,15.840000,15.500000,15.820000,764027
10.826295,15.800000,2000-09-13,15.970000,15.210000,15.800000,1553551
10.826295,15.800000,2000-09-14,15.850000,15.560000,15.650000,488804
10.977040,16.020000,2000-09-15,16.100000,15.630000,15.800000,1645715
10.874260,15.870000,2000-09-18,16.389999,15.700000,16.049999,1685898
10.812593,15.780000,2000-09-19,15.830000,15.500000,15.800000,699118
10.935929,15.960000,2000-09-20,15.960000,15.500000,15.650000,779587
11.038712,16.110001,2000-09-21,16.379999,15.720000,16.000000,2081563
10.840000,15.820000,2000-09-22,16.240000,15.750000,16.100000,777941
10.881114,15.880000,2000-09-25,16.160000,15.680000,15.880000,921628
10.552213,15.400000,2000-09-26,16.049999,15.380000,15.950000,1117010
10.401466,15.180000,2000-09-27,15.300000,14.710000,15.290000,2201122
10.476839,15.290000,2000-09-28,15.400000,15.000000,15.150000,1068191
10.538508,15.380000,2000-09-29,15.520000,15.040000,15.280000,711940
10.538508,15.380000,2000-10-02,15.520000,15.040000,15.280000,0
10.538508,15.380000,2000-10-03,15.520000,15.040000,15.280000,0
10.538508,15.380000,2000-10-04,15.520000,15.040000,15.280000,0
10.538508,15.380000,2000-10-05,15.520000,15.040000,15.280000,0
10.538508,15.380000,2000-10-06,15.520000,15.040000,15.280000,0
10.613880,15.490000,2000-10-09,15.500000,14.800000,15.320000,525814
10.682402,15.590000,2000-10-10,15.800000,15.150000,15.400000,645089
10.593325,15.460000,2000-10-11,15.640000,15.250000,15.640000,408150
10.552213,15.400000,2000-10-12,15.680000,15.200000,15.300000,376750
10.284980,15.010000,2000-10-13,15.590000,14.960000,15.400000,598526
9.969788,14.550000,2000-10-16,15.100000,14.500000,14.980000,726083
9.976636,14.560000,2000-10-17,14.650000,14.250000,14.550000,556182
9.990341,14.580000,2000-10-18,14.790000,14.400000,14.600000,366150
9.798486,14.300000,2000-10-19,14.600000,14.300000,14.580000,376692
9.880708,14.420000,2000-10-20,14.700000,14.020000,14.300000,838675
9.997194,14.590000,2000-10-23,14.720000,14.030000,14.500000,751832
9.983489,14.570000,2000-10-24,14.690000,14.200000,14.590000,458553
10.161642,14.830000,2000-10-25,14.890000,14.450000,14.570000,491354
10.038304,14.650000,2000-10-26,14.950000,14.600000,14.950000,264700
9.935524,14.500000,2000-10-27,14.880000,14.380000,14.650000,364364
9.750518,14.230000,2000-10-30,14.500000,14.200000,14.500000,438465
9.442176,13.780000,2000-10-31,14.300000,13.600000,14.260000,1221155
9.517547,13.890000,2000-11-01,14.000000,13.780000,13.800000,915344
9.455879,13.800000,2000-11-02,14.000000,13.640000,13.980000,866830
9.538102,13.920000,2000-11-03,13.920000,13.800000,13.810000,282530
9.832743,14.350000,2000-11-06,14.600000,13.900000,13.900000,1384274
9.750518,14.230000,2000-11-07,14.480000,14.100000,14.400000,186340
9.668292,14.110000,2000-11-08,14.300000,14.030000,14.200000,367712
9.729961,14.200000,2000-11-09,14.300000,14.050000,14.130000,536237
9.750518,14.230000,2000-11-10,14.340000,14.100000,14.200000,754455
9.880708,14.420000,2000-11-13,14.590000,14.170000,14.230000,1038693
9.873857,14.410000,2000-11-14,14.600000,14.380000,14.510000,836743
9.976636,14.560000,2000-11-15,14.670000,14.350000,14.420000,574111
10.113680,14.760000,2000-11-16,14.800000,14.520000,14.600000,528182
9.935524,14.500000,2000-11-17,14.880000,14.400000,14.800000,679235
10.271276,14.990000,2000-11-20,15.200000,14.500000,15.200000,2456509
10.346650,15.100000,2000-11-21,15.100000,14.800000,14.990000,6778031
10.312387,15.050000,2000-11-22,15.280000,14.970000,15.000000,1518566
10.147940,14.810000,2000-11-23,15.150000,14.800000,15.110000,574432
10.017748,14.620000,2000-11-24,15.100000,14.250000,14.850000,622400
9.901264,14.450000,2000-11-27,14.770000,14.380000,14.380000,397103
10.010899,14.610000,2000-11-28,15.000000,14.450000,14.460000,338079
10.004044,14.600000,2000-11-29,14.750000,14.480000,14.600000,256122
9.990341,14.580000,2000-11-30,14.740000,14.520000,14.630000,228250
9.894411,14.440000,2000-12-01,14.600000,14.380000,14.580000,386881
10.004044,14.600000,2000-12-04,15.000000,14.400000,14.440000,842961
10.031454,14.640000,2000-12-05,14.780000,14.510000,14.510000,417216
9.976636,14.560000,2000-12-06,14.680000,14.500000,14.640000,479240
9.969788,14.550000,2000-12-07,14.900000,14.460000,14.900000,672528
9.873857,14.410000,2000-12-08,14.550000,14.400000,14.550000,292086
9.668292,14.110000,2000-12-11,14.380000,14.020000,14.380000,543916
9.606625,14.020000,2000-12-12,14.200000,14.010000,14.120000,407580
9.784781,14.280000,2000-12-13,14.380000,13.960000,14.050000,2426071
9.873857,14.410000,2000-12-14,14.500000,13.950000,13.980000,409609
9.969788,14.550000,2000-12-15,14.650000,14.290000,14.410000,339542
10.004044,14.600000,2000-12-18,14.860000,14.410000,14.570000,300340
10.141087,14.800000,2000-12-19,14.800000,14.600000,14.600000,744326
10.127383,14.780000,2000-12-20,14.840000,14.620000,14.800000,1274733
10.195904,14.880000,2000-12-21,14.990000,14.750000,14.780000,1857325
10.004044,14.600000,2000-12-22,14.880000,14.600000,14.830000,1278700
10.161642,14.830000,2000-12-25,14.970000,14.550000,14.600000,1405320
10.298684,15.030000,2000-12-26,15.030000,14.830000,14.990000,419635
10.202758,14.890000,2000-12-27,15.200000,14.800000,15.030000,1630361
10.058862,14.680000,2000-12-28,14.880000,14.600000,14.880000,368348
10.141087,14.800000,2000-12-29,14.960000,14.700000,14.700000,1428567
10.141087,14.800000,2001-01-01,14.960000,14.700000,14.700000,0
10.401466,15.180000,2001-01-02,15.200000,14.800000,14.820000,884437
10.613880,15.490000,2001-01-03,15.500000,15.050000,15.180000,827116
10.483692,15.300000,2001-01-04,15.490000,15.210000,15.490000,496110
10.613880,15.490000,2001-01-05,15.540000,15.350000,15.350000,709963
10.620731,15.500000,2001-01-08,15.880000,15.280000,15.800000,1225593
10.627585,15.510000,2001-01-09,15.590000,15.140000,15.500000,1830338
10.620731,15.500000,2001-01-10,15.640000,15.450000,15.550000,2934706
10.415171,15.200000,2001-01-11,15.490000,15.190000,15.490000,796100
10.305535,15.040000,2001-01-12,15.180000,14.950000,15.180000,615414
10.127383,14.780000,2001-01-15,15.000000,14.550000,15.000000,672600
10.024602,14.630000,2001-01-16,14.700000,14.400000,14.600000,743673
9.873857,14.410000,2001-01-17,14.620000,14.380000,14.600000,466250
9.990341,14.580000,2001-01-18,14.640000,14.280000,14.300000,304562
10.154791,14.820000,2001-01-19,14.840000,14.600000,14.600000,267152
10.154791,14.820000,2001-01-22,14.840000,14.600000,14.600000,0
10.154791,14.820000,2001-01-23,14.840000,14.600000,14.600000,0
10.154791,14.820000,2001-01-24,14.840000,14.600000,14.600000,0
10.154791,14.820000,2001-01-25,14.840000,14.600000,14.600000,0
10.154791,14.820000,2001-01-26,14.840000,14.600000,14.600000,0
10.154791,14.820000,2001-01-29,14.840000,14.600000,14.600000,0
10.154791,14.820000,2001-01-30,14.840000,14.600000,14.600000,0
10.154791,14.820000,2001-01-31,14.840000,14.600000,14.600000,0
10.154791,14.820000,2001-02-01,14.840000,14.600000,14.600000,0
10.154791,14.820000,2001-02-02,14.840000,14.600000,14.600000,0
9.784781,14.280000,2001-02-05,14.920000,14.230000,14.900000,300500
9.798486,14.300000,2001-02-06,14.500000,13.950000,14.250000,297810
9.661443,14.100000,2001-02-07,14.300000,14.080000,14.300000,154250
9.599771,14.010000,2001-02-08,14.380000,14.000000,14.380000,153590
9.716259,14.180000,2001-02-09,14.330000,14.030000,14.050000,169300
9.819040,14.330000,2001-02-12,14.440000,14.110000,14.180000,232802
9.846450,14.370000,2001-02-13,14.430000,14.260000,14.350000,189760
9.736815,14.210000,2001-02-14,14.380000,14.210000,14.380000,53148
9.654588,14.090000,2001-02-15,14.300000,14.060000,14.250000,80900
9.784781,14.280000,2001-02-16,14.280000,13.700000,14.000000,412719
9.935524,14.500000,2001-02-19,14.500000,14.020000,14.280000,297302
9.736815,14.210000,2001-02-20,14.500000,14.170000,14.170000,121616
9.709408,14.170000,2001-02-21,14.250000,13.880000,14.080000,152953
9.688850,14.140000,2001-02-22,14.290000,13.960000,14.000000,99650
9.524400,13.900000,2001-02-23,14.350000,13.750000,14.350000,339022
9.531253,13.910000,2001-02-26,14.000000,13.850000,13.900000,198054
9.695701,14.150000,2001-02-27,14.150000,13.980000,14.000000,122654
9.627179,14.050000,2001-02-28,14.100000,14.010000,14.100000,92266
9.702555,14.160000,2001-03-01,14.460000,14.060000,14.460000,122900
9.647738,14.080000,2001-03-02,14.200000,14.020000,14.180000,279416
9.681998,14.130000,2001-03-05,14.300000,14.080000,14.120000,180119
9.592920,14.000000,2001-03-06,14.200000,13.980000,14.200000,173010
9.579216,13.980000,2001-03-07,14.050000,13.920000,14.020000,132512
9.709408,14.170000,2001-03-08,14.290000,13.980000,13.980000,183270
9.771076,14.260000,2001-03-09,14.300000,14.010000,14.170000,622453
9.757370,14.240000,2001-03-12,14.380000,14.200000,14.320000,191472
9.853301,14.380000,2001-03-13,14.460000,14.230000,14.240000,268288
9.914968,14.470000,2001-03-14,14.490000,14.320000,14.320000,214760
9.997194,14.590000,2001-03-15,14.680000,14.470000,14.510000,702976
9.969788,14.550000,2001-03-16,14.680000,14.380000,14.600000,255630
9.873857,14.410000,2001-03-19,14.590000,14.300000,14.400000,261346
9.880708,14.420000,2001-03-20,14.550000,14.320000,14.480000,227027
9.935524,14.500000,2001-03-21,14.500000,14.320000,14.480000,369350
9.942376,14.510000,2001-03-22,14.670000,14.490000,14.500000,483770
10.065715,14.690000,2001-03-23,14.900000,14.500000,14.550000,901201
10.175349,14.850000,2001-03-26,14.850000,14.700000,14.700000,392605
10.182201,14.860000,2001-03-27,14.960000,14.800000,14.900000,357086
10.168495,14.840000,2001-03-28,14.910000,14.800000,14.860000,473574
10.052010,14.670000,2001-03-29,14.950000,14.650000,14.950000,362400
10.106829,14.750000,2001-03-30,14.880000,14.670000,14.700000,286382
10.271276,14.990000,2001-04-02,15.080000,14.790000,14.800000,960364
10.230165,14.930000,2001-04-03,15.050000,14.820000,15.020000,367851
10.045157,14.660000,2001-04-04,15.000000,14.580000,14.950000,349144
10.045157,14.660000,2001-04-05,14.700000,14.500000,14.520000,269720
10.079420,14.710000,2001-04-06,14.870000,14.510000,14.660000,211804
9.942376,14.510000,2001-04-09,14.800000,14.470000,14.790000,341509
9.935524,14.500000,2001-04-10,14.700000,14.480000,14.510000,460379
9.928671,14.490000,2001-04-11,14.620000,14.460000,14.550000,227818
9.873857,14.410000,2001-04-12,14.550000,14.280000,14.490000,685241
9.853301,14.380000,2001-04-13,14.550000,14.380000,14.380000,338673
9.860152,14.390000,2001-04-16,14.550000,14.330000,14.380000,604976
9.935524,14.500000,2001-04-17,14.500000,14.360000,14.500000,679497
10.168495,14.840000,2001-04-18,14.850000,14.480000,14.550000,1783289
10.086272,14.720000,2001-04-19,14.880000,14.600000,14.880000,613648
9.832743,14.350000,2001-04-20,14.830000,14.350000,14.830000,648400
9.853301,14.380000,2001-04-23,14.590000,14.110000,14.360000,488274
9.750518,14.230000,2001-04-24,14.390000,14.200000,14.380000,472130
9.716259,14.180000,2001-04-25,14.500000,14.180000,14.500000,286464
9.702555,14.160000,2001-04-26,14.300000,14.160000,14.180000,205898
9.661443,14.100000,2001-04-27,14.200000,14.050000,14.160000,248200
9.695701,14.150000,2001-04-30,14.150000,14.020000,14.150000,157640
9.695701,14.150000,2001-05-01,14.150000,14.020000,14.150000,0
9.695701,14.150000,2001-05-02,14.150000,14.020000,14.150000,0
9.695701,14.150000,2001-05-03,14.150000,14.020000,14.150000,0
9.695701,14.150000,2001-05-04,14.150000,14.020000,14.150000,0
9.695701,14.150000,2001-05-07,14.150000,14.020000,14.150000,0
9.634034,14.060000,2001-05-08,14.250000,14.060000,14.200000,195756
9.647738,14.080000,2001-05-09,14.380000,14.030000,14.180000,349670
9.661443,14.100000,2001-05-10,14.160000,14.050000,14.110000,257889
9.723109,14.190000,2001-05-11,14.200000,14.050000,14.120000,487799
9.867003,14.400000,2001-05-14,14.450000,14.100000,14.200000,315311
9.853301,14.380000,2001-05-15,14.550000,14.330000,14.550000,304249
9.894411,14.440000,2001-05-16,14.500000,14.240000,14.400000,382752
9.894411,14.440000,2001-05-17,14.440000,14.440000,14.440000,0
9.846450,14.370000,2001-05-18,14.580000,14.320000,14.440000,289400
9.901264,14.450000,2001-05-21,14.700000,14.300000,14.420000,1284271
10.106829,14.750000,2001-05-22,14.850000,14.520000,14.550000,1180442
9.935524,14.500000,2001-05-23,14.800000,14.450000,14.800000,733867
10.195904,14.880000,2001-05-24,15.150000,14.500000,14.670000,5686669
9.969788,14.550000,2001-05-25,14.850000,14.450000,14.840000,2903341
10.394614,15.170000,2001-05-28,15.180000,14.150000,14.600000,6576820
10.415171,15.200000,2001-05-29,15.550000,15.000000,15.100000,5686638
10.504248,15.330000,2001-05-30,15.380000,15.100000,15.260000,2968707
10.415171,15.200000,2001-05-31,15.450000,15.000000,15.330000,3757437
10.380908,15.150000,2001-06-01,15.410000,15.080000,15.400000,3155281
10.620731,15.500000,2001-06-04,15.690000,15.250000,15.250000,4227473
10.696106,15.610000,2001-06-05,15.680000,15.410000,15.580000,2899500
10.552213,15.400000,2001-06-06,15.600000,15.210000,15.600000,2329527
10.716661,15.640000,2001-06-07,15.800000,15.390000,15.400000,2712098
10.579619,15.440000,2001-06-08,15.700000,15.360000,15.580000,1586314
10.620731,15.500000,2001-06-11,15.670000,15.380000,15.510000,1721124
10.963338,16.000000,2001-06-12,16.080000,15.470000,15.480000,4214262
10.970189,16.010000,2001-06-13,16.100000,15.850000,16.000000,1815504
10.620731,15.500000,2001-06-14,16.100000,15.490000,16.080000,2384026
10.634439,15.520000,2001-06-15,15.680000,15.400000,15.490000,3107105
10.326092,15.070000,2001-06-18,15.590000,14.890000,15.500000,2009937
10.374057,15.140000,2001-06-19,15.200000,14.900000,15.050000,819655
10.374057,15.140000,2001-06-20,15.140000,15.140000,15.140000,0
10.490543,15.310000,2001-06-21,15.380000,15.020000,15.150000,985116
10.490543,15.310000,2001-06-22,15.440000,15.250000,15.380000,900611
10.552213,15.400000,2001-06-25,15.430000,15.230000,15.330000,838522
10.524803,15.360000,2001-06-26,15.590000,15.330000,15.500000,794510
10.620731,15.500000,2001-06-27,15.500000,15.350000,15.380000,661341
10.441306,15.130000,2001-06-28,15.500000,15.100000,15.440000,668040
10.379196,15.040000,2001-06-29,15.250000,15.000000,15.140000,690122
10.406799,15.080000,2001-07-02,15.150000,15.000000,15.040000,544046
10.475811,15.180000,2001-07-03,15.200000,15.000000,15.200000,279619
10.372295,15.030000,2001-07-04,15.250000,15.000000,15.250000,373594
10.379196,15.040000,2001-07-05,15.140000,15.000000,15.030000,638650
10.406799,15.080000,2001-07-06,15.200000,15.020000,15.050000,338068
10.475811,15.180000,2001-07-09,15.200000,15.020000,15.080000,291519
10.669040,15.460000,2001-07-10,15.480000,15.150000,15.250000,412660
10.689743,15.490000,2001-07-11,15.700000,15.310000,15.380000,1876763
10.606932,15.370000,2001-07-12,15.480000,15.220000,15.480000,313842
10.620732,15.390000,2001-07-13,15.590000,15.350000,15.400000,397460
10.627633,15.400000,2001-07-16,15.590000,15.300000,15.410000,586500
10.468908,15.170000,2001-07-17,15.460000,15.060000,15.420000,430713
10.524118,15.250000,2001-07-18,15.470000,15.180000,15.180000,213334
10.524118,15.250000,2001-07-19,15.380000,15.200000,15.270000,211852
10.703547,15.510000,2001-07-20,15.600000,15.250000,15.250000,671749
10.731150,15.550000,2001-07-23,15.660000,15.420000,15.580000,1078404
10.876072,15.760000,2001-07-24,15.880000,15.450000,15.500000,2392756
10.793261,15.640000,2001-07-25,15.900000,15.550000,15.760000,1249407
10.675942,15.470000,2001-07-26,15.760000,15.450000,15.630000,711180
10.268781,14.880000,2001-07-27,15.510000,14.750000,15.470000,1203387
9.592474,13.900000,2001-07-30,14.800000,13.860000,14.800000,1026632
8.971378,13.000000,2001-07-31,14.200000,12.810000,13.700000,895440
9.419950,13.650000,2001-08-01,13.750000,13.190000,13.250000,425339
9.247420,13.400000,2001-08-02,13.800000,12.920000,13.650000,699700
9.109402,13.200000,2001-08-03,13.500000,13.000000,13.400000,632472
8.557316,12.400000,2001-08-06,13.220000,12.020000,13.180000,956469
8.522813,12.350000,2001-08-07,12.570000,12.060000,12.200000,801362
8.591823,12.450000,2001-08-08,12.550000,12.320000,12.320000,306545
8.791950,12.740000,2001-08-09,12.750000,12.430000,12.550000,1083880
8.833358,12.800000,2001-08-10,12.920000,12.740000,12.850000,388470
8.992084,13.030000,2001-08-13,13.180000,12.700000,12.780000,429774
8.716042,12.630000,2001-08-14,13.080000,12.600000,13.000000,446195
8.778152,12.720000,2001-08-15,12.810000,12.630000,12.630000,224504
8.612523,12.480000,2001-08-16,12.800000,12.480000,12.720000,247950
8.557316,12.400000,2001-08-17,12.480000,12.300000,12.480000,211767
8.584918,12.440000,2001-08-20,12.500000,12.200000,12.390000,374100
8.950677,12.970000,2001-08-21,12.980000,12.440000,12.450000,412666
8.798852,12.750000,2001-08-22,12.900000,12.480000,12.850000,659701
8.667733,12.560000,2001-08-23,12.700000,12.360000,12.700000,175120
8.515911,12.340000,2001-08-24,12.770000,12.300000,12.560000,192451
8.143251,11.800000,2001-08-27,12.300000,11.800000,12.300000,587532
8.184658,11.860000,2001-08-28,11.860000,11.300000,11.700000,414107
8.108747,11.750000,2001-08-29,11.990000,11.690000,11.900000,247060
8.060439,11.680000,2001-08-30,11.850000,11.650000,11.750000,172688
7.943120,11.510000,2001-08-31,11.800000,11.510000,11.650000,167735
7.867209,11.400000,2001-09-03,11.600000,11.320000,11.510000,216235
8.074243,11.700000,2001-09-04,11.780000,11.420000,11.420000,160200
8.184658,11.860000,2001-09-05,12.080000,11.700000,11.800000,290739
8.088043,11.720000,2001-09-06,11.950000,11.660000,11.900000,196150
7.825803,11.340000,2001-09-07,11.720000,11.330000,11.720000,350600
8.005231,11.600000,2001-09-10,11.610000,11.100000,11.180000,254767
8.108747,11.750000,2001-09-11,11.760000,11.480000,11.600000,243892
8.170856,11.840000,2001-09-12,11.850000,11.210000,11.300000,418244
8.143251,11.800000,2001-09-13,12.140000,11.780000,11.980000,935100
8.005231,11.600000,2001-09-14,11.990000,11.520000,11.990000,290256
7.611869,11.030000,2001-09-17,11.590000,10.980000,11.570000,732250
7.660179,11.100000,2001-09-18,11.410000,10.900000,11.100000,278236
7.763693,11.250000,2001-09-19,11.260000,10.900000,11.100000,252795
7.770594,11.260000,2001-09-20,11.400000,11.000000,11.250000,639800
7.660179,11.100000,2001-09-21,11.250000,11.000000,11.250000,245999
7.315125,10.600000,2001-09-24,11.110000,10.570000,10.980000,600300
7.011479,10.160000,2001-09-25,10.800000,10.090000,10.760000,634029
7.066687,10.240000,2001-09-26,10.400000,10.140000,10.200000,349426
7.018379,10.170000,2001-09-27,10.400000,10.150000,10.230000,212633
7.025281,10.180000,2001-09-28,10.300000,10.140000,10.180000,246820
7.025281,10.180000,2001-10-01,10.300000,10.140000,10.180000,0
7.025281,10.180000,2001-10-02,10.300000,10.140000,10.180000,0
7.025281,10.180000,2001-10-03,10.300000,10.140000,10.180000,0
7.025281,10.180000,2001-10-04,10.300000,10.140000,10.180000,0
7.025281,10.180000,2001-10-05,10.300000,10.140000,10.180000,0
6.514603,9.440000,2001-10-08,10.180000,9.360000,10.000000,507205
6.638820,9.620000,2001-10-09,9.780000,9.450000,9.500000,362803
6.279965,9.100000,2001-10-10,9.620000,9.040000,9.600000,643652
6.266163,9.080000,2001-10-11,9.260000,8.900000,9.050000,590838
6.618116,9.590000,2001-10-12,9.700000,8.870000,9.100000,1018842
6.763040,9.800000,2001-10-15,9.970000,9.450000,9.680000,664306
6.514603,9.440000,2001-10-16,9.850000,9.410000,9.550000,382870
6.486995,9.400000,2001-10-17,9.660000,9.290000,9.450000,233530
6.411086,9.290000,2001-10-18,9.480000,9.200000,9.380000,235364
6.383482,9.250000,2001-10-19,9.390000,8.950000,9.050000,497949
6.141944,8.900000,2001-10-22,9.280000,8.850000,9.240000,378240
6.756139,9.790000,2001-10-23,9.790000,9.500000,9.790000,915817
7.018379,10.170000,2001-10-24,10.530000,9.880000,10.530000,1981123
6.776843,9.820000,2001-10-25,10.000000,9.620000,10.000000,801882
6.797545,9.850000,2001-10-26,9.940000,9.650000,9.700000,331450
6.880358,9.970000,2001-10-29,10.030000,9.800000,9.850000,309527
6.873458,9.960000,2001-10-30,10.140000,9.850000,9.970000,495219
6.887259,9.980000,2001-10-31,9.980000,9.710000,9.870000,178225
7.121894,10.320000,2001-11-01,10.400000,9.900000,9.900000,896655
6.949369,10.070000,2001-11-02,10.350000,10.070000,10.320000,374151
7.018379,10.170000,2001-11-05,10.250000,10.000000,10.070000,246514
6.935566,10.050000,2001-11-06,10.200000,10.050000,10.180000,122673
6.438690,9.330000,2001-11-07,10.050000,9.330000,10.050000,491200
6.438690,9.330000,2001-11-08,9.440000,8.900000,9.000000,410550
6.590515,9.550000,2001-11-09,9.650000,9.100000,9.380000,381400
6.445590,9.340000,2001-11-12,9.600000,9.300000,9.600000,137710
6.417988,9.300000,2001-11-13,9.350000,9.200000,9.240000,126429
6.411086,9.290000,2001-11-14,9.380000,9.290000,9.360000,68000
6.480097,9.390000,2001-11-15,9.450000,9.110000,9.300000,187100
6.666426,9.660000,2001-11-16,10.330000,9.660000,10.330000,1307515
6.983874,10.120000,2001-11-19,10.120000,9.800000,9.800000,1307515
7.059786,10.230000,2001-11-20,10.320000,10.100000,10.180000,985822
7.073587,10.250000,2001-11-21,10.250000,10.100000,10.250000,456042
7.218512,10.460000,2001-11-22,10.480000,10.270000,10.280000,1473866
7.094290,10.280000,2001-11-23,10.500000,10.250000,10.500000,640953
7.032182,10.190000,2001-11-26,10.280000,10.080000,10.280000,430287
7.121894,10.320000,2001-11-27,10.320000,10.150000,10.170000,285455
7.190905,10.420000,2001-11-28,10.490000,10.270000,10.350000,772640
7.253016,10.510000,2001-11-29,10.620000,10.320000,10.430000,758814
7.425541,10.760000,2001-11-30,10.770000,10.500000,10.500000,937039
7.411739,10.740000,2001-12-03,10.880000,10.680000,10.860000,735297
7.501454,10.870000,2001-12-04,10.940000,10.650000,10.740000,701283
7.218512,10.460000,2001-12-05,10.840000,10.450000,10.840000,927600
7.246115,10.500000,2001-12-06,10.510000,10.360000,10.400000,458399
7.177104,10.400000,2001-12-07,10.580000,10.380000,10.580000,347261
7.211610,10.450000,2001-12-10,10.470000,10.370000,10.380000,293893
7.128798,10.330000,2001-12-11,10.520000,10.300000,10.450000,254603
7.045983,10.210000,2001-12-12,10.320000,10.200000,10.230000,236700
7.018379,10.170000,2001-12-13,10.340000,10.150000,10.210000,303100
6.873458,9.960000,2001-12-14,10.180000,9.960000,10.100000,292540
6.866556,9.950000,2001-12-17,10.070000,9.900000,10.020000,167070
7.011479,10.160000,2001-12-18,10.200000,9.970000,10.000000,210172
6.887259,9.980000,2001-12-19,10.190000,9.960000,10.180000,176206
6.618116,9.590000,2001-12-20,9.920000,9.530000,9.900000,425888
6.694029,9.700000,2001-12-21,9.750000,9.550000,9.580000,165531
6.486995,9.400000,2001-12-24,9.640000,9.300000,9.630000,254400
6.535306,9.470000,2001-12-25,9.490000,9.340000,9.350000,153173
6.659523,9.650000,2001-12-26,9.660000,9.380000,9.470000,272022
6.625020,9.600000,2001-12-27,9.660000,9.510000,9.650000,282686
6.576710,9.530000,2001-12-28,9.600000,9.430000,9.600000,268042
6.549108,9.490000,2001-12-31,9.610000,9.450000,9.580000,610320
6.549108,9.490000,2002-01-01,9.610000,9.450000,9.580000,0
6.549108,9.490000,2002-01-02,9.610000,9.450000,9.580000,0
6.549108,9.490000,2002-01-03,9.610000,9.450000,9.580000,0
6.362779,9.220000,2002-01-04,9.490000,9.200000,9.490000,171452
6.314472,9.150000,2002-01-07,9.200000,9.100000,9.200000,121052
5.997022,8.690000,2002-01-08,9.140000,8.670000,9.140000,676497
5.651968,8.190000,2002-01-09,8.610000,8.080000,8.610000,938035
5.776188,8.370000,2002-01-10,8.480000,8.000000,8.180000,586733
5.555354,8.050000,2002-01-11,8.380000,8.050000,8.360000,300600
5.306915,7.690000,2002-01-14,7.930000,7.560000,7.900000,499466
5.237906,7.590000,2002-01-15,7.880000,7.580000,7.690000,379669
5.375926,7.790000,2002-01-16,7.850000,7.500000,7.650000,309785
5.079181,7.360000,2002-01-17,7.800000,7.350000,7.800000,366200
5.037775,7.300000,2002-01-18,7.500000,7.050000,7.250000,364241
4.789337,6.940000,2002-01-21,7.230000,6.920000,7.230000,361450
4.741029,6.870000,2002-01-22,7.230000,6.790000,6.930000,346649
5.023973,7.280000,2002-01-23,7.320000,6.180000,6.810000,1413882
5.092984,7.380000,2002-01-24,7.600000,6.750000,7.050000,1346492
5.037775,7.300000,2002-01-25,7.490000,7.200000,7.330000,565456
4.582304,6.640000,2002-01-28,7.390000,6.570000,7.390000,709929
4.720326,6.840000,2002-01-29,6.970000,6.280000,6.600000,426943
4.830744,7.000000,2002-01-30,7.050000,6.750000,6.850000,403611
5.210301,7.550000,2002-01-31,7.690000,7.110000,7.200000,1194770
5.444938,7.890000,2002-02-01,8.150000,7.500000,7.580000,1906620
5.520848,8.000000,2002-02-04,8.050000,7.750000,7.880000,782757
5.438036,7.880000,2002-02-05,8.030000,7.720000,8.000000,1321283
5.369026,7.780000,2002-02-06,8.080000,7.750000,7.890000,1005500
5.596760,8.110000,2002-02-07,8.180000,7.770000,7.780000,984557
5.486343,7.950000,2002-02-08,8.190000,7.940000,8.100000,650703
5.486343,7.950000,2002-02-11,8.190000,7.940000,8.100000,0
5.486343,7.950000,2002-02-12,8.190000,7.940000,8.100000,0
5.486343,7.950000,2002-02-13,8.190000,7.940000,8.100000,0
5.486343,7.950000,2002-02-14,8.190000,7.940000,8.100000,0
5.486343,7.950000,2002-02-15,8.190000,7.940000,8.100000,0
5.486343,7.950000,2002-02-18,8.190000,7.940000,8.100000,0
5.486343,7.950000,2002-02-19,8.190000,7.940000,8.100000,0
5.486343,7.950000,2002-02-20,8.190000,7.940000,8.100000,0
5.486343,7.950000,2002-02-21,8.190000,7.940000,8.100000,0
5.486343,7.950000,2002-02-22,8.190000,7.940000,8.100000,0
5.548453,8.040000,2002-02-25,8.200000,8.010000,8.110000,492548
5.555354,8.050000,2002-02-26,8.090000,7.800000,8.040000,439886
5.714079,8.280000,2002-02-27,8.290000,8.030000,8.050000,689669
5.617464,8.140000,2002-02-28,8.350000,8.080000,8.250000,492186
5.472542,7.930000,2002-03-01,8.090000,7.910000,8.090000,437030
5.576057,8.080000,2002-03-04,8.080000,7.860000,7.930000,222140
5.762386,8.350000,2002-03-05,8.420000,8.110000,8.110000,838064
5.824495,8.440000,2002-03-06,8.660000,8.300000,8.380000,1366570
6.024627,8.730000,2002-03-07,8.800000,8.430000,8.430000,1274922
6.348975,9.200000,2002-03-08,9.250000,8.730000,8.750000,2845067
6.473195,9.380000,2002-03-11,9.400000,9.080000,9.170000,1913004
6.355877,9.210000,2002-03-12,9.460000,9.180000,9.350000,1788999
6.176449,8.950000,2002-03-13,9.210000,8.950000,9.110000,1088000
6.342076,9.190000,2002-03-14,9.200000,8.840000,8.910000,1025773
6.128142,8.880000,2002-03-15,9.300000,8.860000,9.200000,899736
6.176449,8.950000,2002-03-18,9.200000,8.880000,9.000000,518171
6.279965,9.100000,2002-03-19,9.130000,8.910000,8.960000,450241
6.348975,9.200000,2002-03-20,9.270000,9.050000,9.160000,775686
6.348975,9.200000,2002-03-21,9.310000,9.070000,9.300000,617838
6.259262,9.070000,2002-03-22,9.160000,9.000000,9.080000,317986
6.279965,9.100000,2002-03-25,9.140000,8.970000,9.010000,483235
6.162648,8.930000,2002-03-26,9.130000,8.900000,9.110000,416300
6.135044,8.890000,2002-03-27,9.000000,8.800000,8.800000,395135
6.245461,9.050000,2002-03-28,9.150000,8.900000,8.910000,552053
5.983221,8.670000,2002-03-29,9.020000,8.660000,8.900000,633933
6.024627,8.730000,2002-04-01,8.770000,8.600000,8.650000,346830
5.865902,8.500000,2002-04-02,8.770000,8.400000,8.730000,479105
5.865902,8.500000,2002-04-03,8.620000,8.450000,8.470000,249181
6.100537,8.840000,2002-04-04,8.860000,8.380000,8.500000,378208
6.210956,9.000000,2002-04-05,9.180000,8.900000,8.930000,708578
6.417988,9.300000,2002-04-08,9.380000,9.060000,9.130000,1573980
6.528402,9.460000,2002-04-09,9.550000,9.300000,9.380000,1666712
6.493900,9.410000,2002-04-10,9.550000,9.350000,9.500000,806537
6.355877,9.210000,2002-04-11,9.500000,9.200000,9.500000,754149
6.376581,9.240000,2002-04-12,9.320000,9.150000,9.150000,315430
6.342076,9.190000,2002-04-15,9.300000,9.150000,9.240000,308043
6.390382,9.260000,2002-04-16,9.290000,9.170000,9.200000,271266
6.424888,9.310000,2002-04-17,9.350000,9.160000,9.220000,413960
6.328273,9.170000,2002-04-18,9.340000,9.150000,9.320000,308504
6.362779,9.220000,2002-04-19,9.250000,8.980000,9.150000,540423
6.459393,9.360000,2002-04-22,9.450000,9.060000,9.200000,465533
6.659523,9.650000,2002-04-23,9.700000,9.300000,9.360000,1859437
6.549108,9.490000,2002-04-24,9.650000,9.450000,9.650000,792230
6.549108,9.490000,2002-04-25,9.490000,9.490000,9.490000,0
6.797545,9.850000,2002-04-26,9.890000,9.500000,9.500000,1594391
6.914863,10.020000,2002-04-29,10.180000,9.860000,9.900000,2154325
6.921764,10.030000,2002-04-30,10.100000,9.910000,10.100000,1099511
6.921764,10.030000,2002-05-01,10.100000,9.910000,10.100000,0
6.921764,10.030000,2002-05-02,10.100000,9.910000,10.100000,0
6.921764,10.030000,2002-05-03,10.100000,9.910000,10.100000,0
6.921764,10.030000,2002-05-06,10.100000,9.910000,10.100000,0
6.921764,10.030000,2002-05-07,10.100000,9.910000,10.100000,0
6.818247,9.880000,2002-05-08,10.080000,9.800000,10.080000,596670
6.749238,9.780000,2002-05-09,9.850000,9.700000,9.850000,702400
6.673326,9.670000,2002-05-10,9.800000,9.650000,9.780000,402500
6.735435,9.760000,2002-05-13,9.800000,9.510000,9.560000,421638
6.597414,9.560000,2002-05-14,9.780000,9.500000,9.760000,301940
6.480097,9.390000,2002-05-15,9.560000,9.380000,9.550000,558900
6.155747,8.920000,2002-05-16,9.360000,8.910000,9.300000,847961
6.314472,9.150000,2002-05-17,9.220000,8.860000,8.880000,662116
6.224758,9.020000,2002-05-20,9.160000,8.890000,9.160000,349312
6.466294,9.370000,2002-05-21,9.480000,9.200000,9.200000,565676
6.404185,9.280000,2002-05-22,9.450000,9.240000,9.430000,300600
6.562908,9.510000,2002-05-23,9.550000,9.300000,9.350000,531034
6.569811,9.520000,2002-05-24,9.680000,9.390000,9.670000,717911
6.535306,9.470000,2002-05-27,9.800000,9.390000,9.800000,214421
6.535306,9.470000,2002-05-28,9.470000,9.470000,9.470000,0
6.279965,9.100000,2002-05-29,9.380000,9.100000,9.240000,350674
6.273064,9.090000,2002-05-30,9.200000,8.980000,9.130000,501559
5.955616,8.630000,2002-05-31,9.100000,8.560000,9.100000,1374789
5.928012,8.590000,2002-06-03,8.670000,8.310000,8.530000,646485
5.900408,8.550000,2002-06-04,8.680000,8.360000,8.600000,292345
5.762386,8.350000,2002-06-05,8.500000,8.320000,8.410000,266450
5.990121,8.680000,2002-06-06,8.850000,8.250000,8.320000,373750
6.066033,8.790000,2002-06-07,8.850000,8.680000,8.800000,421648
5.948715,8.620000,2002-06-10,8.790000,8.580000,8.790000,156498
6.010824,8.710000,2002-06-11,8.790000,8.600000,8.600000,127483
6.017726,8.720000,2002-06-12,8.730000,8.620000,8.700000,116195
5.914209,8.570000,2002-06-13,8.770000,8.570000,8.720000,109300
5.824495,8.440000,2002-06-14,8.610000,8.410000,8.570000,303000
5.872804,8.510000,2002-06-17,8.540000,8.310000,8.340000,83680
6.017726,8.720000,2002-06-18,8.770000,8.560000,8.600000,144181
5.941813,8.610000,2002-06-19,8.750000,8.500000,8.750000,268600
5.969742,8.550000,2002-06-20,8.700000,8.500000,8.500000,55300
6.283940,9.000000,2002-06-21,9.050000,8.480000,8.480000,613365
6.912333,9.900000,2002-06-24,9.900000,9.410000,9.900000,2954353
6.772690,9.700000,2002-06-25,10.170000,9.620000,9.900000,1809947
6.751744,9.670000,2002-06-26,9.790000,9.500000,9.600000,958369
6.870440,9.840000,2002-06-27,9.890000,9.650000,9.800000,1028402
6.702869,9.600000,2002-06-28,9.840000,9.430000,9.790000,1159667
6.605117,9.460000,2002-07-01,9.750000,9.420000,9.690000,383600
6.772690,9.700000,2002-07-02,9.710000,9.410000,9.470000,361653
6.814583,9.760000,2002-07-03,9.790000,9.600000,9.780000,595226
6.674940,9.560000,2002-07-04,9.790000,9.500000,9.790000,392163
6.800617,9.740000,2002-07-05,9.760000,9.480000,9.580000,716752
6.842512,9.800000,2002-07-08,9.810000,9.640000,9.740000,814533
6.772690,9.700000,2002-07-09,9.790000,9.650000,9.750000,529239
6.793635,9.730000,2002-07-10,10.070000,9.720000,9.850000,3397119
6.681921,9.570000,2002-07-11,9.700000,9.520000,9.650000,873032
6.653992,9.530000,2002-07-12,9.600000,9.450000,9.500000,343312
6.528315,9.350000,2002-07-15,9.530000,9.330000,9.530000,449016
6.493405,9.300000,2002-07-16,9.480000,9.280000,9.350000,361435
6.591155,9.440000,2002-07-17,9.450000,9.300000,9.300000,220233
6.563223,9.400000,2002-07-18,9.530000,9.370000,9.440000,469570
6.584172,9.430000,2002-07-19,9.500000,9.300000,9.490000,235291
6.493405,9.300000,2002-07-22,9.400000,9.260000,9.370000,378799
6.479440,9.280000,2002-07-23,9.370000,9.200000,9.280000,376680
6.367724,9.120000,2002-07-24,9.300000,9.100000,9.280000,286509
6.395652,9.160000,2002-07-25,9.290000,9.120000,9.160000,151901
6.360744,9.110000,2002-07-26,9.190000,9.100000,9.180000,177100
6.423581,9.200000,2002-07-29,9.200000,9.010000,9.010000,116451
6.444529,9.230000,2002-07-30,9.270000,9.090000,9.190000,77769
6.395652,9.160000,2002-07-31,9.260000,9.150000,9.200000,117337
6.381690,9.140000,2002-08-01,9.200000,9.060000,9.150000,107707
6.381690,9.140000,2002-08-02,9.180000,9.010000,9.150000,479395
6.339797,9.080000,2002-08-05,9.140000,9.040000,9.140000,108813
6.374708,9.130000,2002-08-06,9.170000,9.010000,9.060000,185660
6.353761,9.100000,2002-08-07,9.150000,9.030000,9.150000,142467
6.346777,9.090000,2002-08-08,9.150000,9.050000,9.150000,98000
6.297904,9.020000,2002-08-09,9.090000,9.010000,9.090000,184582
6.200153,8.880000,2002-08-12,9.000000,8.870000,9.000000,200300
6.200153,8.880000,2002-08-13,8.930000,8.860000,8.880000,104200
6.249028,8.950000,2002-08-14,8.950000,8.750000,8.750000,34750
6.179208,8.850000,2002-08-15,8.980000,8.850000,8.950000,66800
6.304885,9.030000,2002-08-16,9.080000,8.800000,8.800000,663101
6.311869,9.040000,2002-08-19,9.150000,9.010000,9.030000,417880
6.402636,9.170000,2002-08-20,9.190000,9.050000,9.090000,309600
6.395652,9.160000,2002-08-21,9.200000,9.070000,9.120000,384054
6.402636,9.170000,2002-08-22,9.300000,9.110000,9.150000,304525
6.388672,9.150000,2002-08-23,9.200000,9.120000,9.200000,138860
6.290921,9.010000,2002-08-26,9.130000,9.010000,9.120000,136700
6.304885,9.030000,2002-08-27,9.050000,8.960000,8.960000,217418
6.297904,9.020000,2002-08-28,9.100000,9.020000,9.030000,172600
6.283940,9.000000,2002-08-29,9.040000,8.980000,9.010000,185816
6.249028,8.950000,2002-08-30,9.000000,8.920000,9.000000,137810
6.242046,8.940000,2002-09-02,9.090000,8.900000,8.990000,103200
6.290921,9.010000,2002-09-03,9.050000,8.930000,8.930000,74800
6.242046,8.940000,2002-09-04,9.100000,8.940000,9.050000,117780
6.193172,8.870000,2002-09-05,9.130000,8.860000,9.060000,203800
6.137314,8.790000,2002-09-06,8.890000,8.770000,8.820000,230250
6.088439,8.720000,2002-09-09,8.790000,8.700000,8.700000,95710
6.137314,8.790000,2002-09-10,8.880000,8.720000,8.730000,91830
6.088439,8.720000,2002-09-11,8.820000,8.650000,8.820000,98244
6.088439,8.720000,2002-09-12,8.750000,8.650000,8.690000,90642
6.102403,8.740000,2002-09-13,8.780000,8.700000,8.720000,43753
6.011635,8.610000,2002-09-16,8.700000,8.600000,8.700000,76520
6.067492,8.690000,2002-09-17,8.700000,8.520000,8.690000,112250
6.074475,8.700000,2002-09-18,8.780000,8.680000,8.700000,162100
6.214118,8.900000,2002-09-19,8.950000,8.680000,8.700000,181923
6.130331,8.780000,2002-09-20,8.900000,8.750000,8.900000,132000
6.109385,8.750000,2002-09-23,8.780000,8.680000,8.680000,104100
6.074475,8.700000,2002-09-24,8.800000,8.660000,8.800000,177623
6.200153,8.880000,2002-09-25,8.880000,8.660000,8.770000,226046
6.193172,8.870000,2002-09-26,9.040000,8.810000,8.890000,681991
6.172225,8.840000,2002-09-27,8.920000,8.770000,8.850000,167048
6.172225,8.840000,2002-09-30,8.840000,8.840000,8.840000,0
6.172225,8.840000,2002-10-01,8.840000,8.840000,8.840000,0
6.172225,8.840000,2002-10-02,8.840000,8.840000,8.840000,0
6.172225,8.840000,2002-10-03,8.840000,8.840000,8.840000,0
6.172225,8.840000,2002-10-04,8.840000,8.840000,8.840000,0
6.172225,8.840000,2002-10-07,8.840000,8.840000,8.840000,0
6.158261,8.820000,2002-10-08,8.830000,8.650000,8.650000,118488
6.088439,8.720000,2002-10-09,8.850000,8.630000,8.750000,145461
6.067492,8.690000,2002-10-10,8.760000,8.610000,8.700000,121295
5.899920,8.450000,2002-10-11,8.700000,8.450000,8.700000,178138
5.760277,8.250000,2002-10-14,8.360000,7.660000,8.360000,236434
5.690456,8.150000,2002-10-15,8.240000,8.110000,8.200000,76725
5.697438,8.160000,2002-10-16,8.350000,8.150000,8.180000,150070
5.522884,7.910000,2002-10-17,8.200000,7.910000,8.150000,122500
5.515902,7.900000,2002-10-18,7.990000,7.800000,7.900000,176691
5.515902,7.900000,2002-10-21,7.920000,7.800000,7.900000,93581
5.655546,8.100000,2002-10-22,8.150000,7.900000,7.900000,154438
5.648564,8.090000,2002-10-23,8.100000,7.960000,8.100000,117899
5.669509,8.120000,2002-10-24,8.440000,8.090000,8.440000,130300
5.571759,7.980000,2002-10-25,8.120000,7.960000,8.100000,68400
5.571759,7.980000,2002-10-28,7.980000,7.980000,7.980000,0
5.515902,7.900000,2002-10-29,7.980000,7.720000,7.850000,156140
5.460045,7.820000,2002-10-30,7.880000,7.790000,7.800000,94220
5.480991,7.850000,2002-10-31,7.950000,7.800000,7.880000,71944
5.494956,7.870000,2002-11-01,7.880000,7.700000,7.850000,43900
5.585724,8.000000,2002-11-04,8.030000,7.860000,7.910000,164015
5.711403,8.180000,2002-11-05,8.240000,8.000000,8.000000,306450
5.683474,8.140000,2002-11-06,8.190000,8.100000,8.180000,150582
5.760277,8.250000,2002-11-07,8.300000,8.100000,8.120000,245664
5.557796,7.960000,2002-11-08,8.290000,7.950000,8.270000,147200
5.446081,7.800000,2002-11-11,8.000000,7.800000,7.890000,96400
5.299456,7.590000,2002-11-12,7.820000,7.540000,7.750000,181400
5.222652,7.480000,2002-11-13,7.580000,7.370000,7.580000,289842
5.110938,7.320000,2002-11-14,7.520000,7.310000,7.500000,124600
5.117919,7.330000,2002-11-15,7.470000,7.220000,7.250000,131055
4.971294,7.120000,2002-11-18,7.400000,7.050000,7.330000,191734
4.992242,7.150000,2002-11-19,7.180000,7.000000,7.110000,264419
4.866562,6.970000,2002-11-20,7.130000,6.950000,7.100000,246380
4.671061,6.690000,2002-11-21,6.960000,6.680000,6.900000,190623
4.740882,6.790000,2002-11-22,6.880000,6.600000,6.800000,387300
4.775794,6.840000,2002-11-25,6.890000,6.700000,6.700000,213219
4.726919,6.770000,2002-11-26,6.900000,6.750000,6.800000,167890
4.866562,6.970000,2002-11-27,7.000000,6.680000,6.750000,601459
4.992242,7.150000,2002-11-28,7.200000,6.900000,6.900000,474103
5.083008,7.280000,2002-11-29,7.380000,7.080000,7.170000,989615
4.887509,7.000000,2002-12-02,7.280000,6.960000,7.280000,420100
5.013187,7.180000,2002-12-03,7.240000,6.940000,6.940000,585900
5.076027,7.270000,2002-12-04,7.450000,7.150000,7.220000,1686253
4.999222,7.160000,2002-12-05,7.230000,7.090000,7.200000,369431
4.999222,7.160000,2002-12-06,7.390000,7.150000,7.160000,440939
5.062061,7.250000,2002-12-09,7.340000,7.160000,7.200000,450400
4.929401,7.060000,2002-12-10,7.300000,7.050000,7.200000,202916
4.992242,7.150000,2002-12-11,7.170000,7.030000,7.080000,718626
5.027151,7.200000,2002-12-12,7.290000,7.150000,7.190000,266800
5.069044,7.260000,2002-12-13,7.340000,6.900000,7.150000,480882
5.117919,7.330000,2002-12-16,7.380000,7.240000,7.280000,458766
5.173777,7.410000,2002-12-17,7.410000,7.300000,7.330000,392021
5.089991,7.290000,2002-12-18,7.450000,7.280000,7.390000,316400
5.062061,7.250000,2002-12-19,7.350000,7.190000,7.330000,248400
5.138866,7.360000,2002-12-20,7.390000,7.200000,7.290000,289918
5.166794,7.400000,2002-12-23,7.440000,7.310000,7.360000,347495
5.229633,7.490000,2002-12-24,7.530000,7.330000,7.440000,675550
5.180758,7.420000,2002-12-25,7.570000,7.390000,7.510000,461100
4.971294,7.120000,2002-12-26,7.420000,7.080000,7.400000,407086
4.971294,7.120000,2002-12-27,7.200000,7.020000,7.080000,209116
4.873545,6.980000,2002-12-30,7.100000,6.980000,7.020000,163900
5.076027,7.270000,2002-12-31,7.500000,6.760000,7.000000,486990
5.076027,7.270000,2003-01-01,7.500000,6.760000,7.000000,0
4.803723,6.880000,2003-01-02,7.060000,6.830000,6.910000,206000
4.775794,6.840000,2003-01-03,6.920000,6.810000,6.810000,95400
4.810705,6.890000,2003-01-06,6.960000,6.810000,6.900000,254987
4.775794,6.840000,2003-01-07,7.050000,6.760000,6.880000,215600
4.915437,7.040000,2003-01-08,7.050000,6.780000,6.850000,359137
5.083008,7.280000,2003-01-09,7.290000,7.010000,7.100000,826650
5.069044,7.260000,2003-01-10,7.480000,7.260000,7.310000,1410570
5.034134,7.210000,2003-01-13,7.320000,7.150000,7.210000,341710
5.229633,7.490000,2003-01-14,7.600000,7.220000,7.230000,1318004
5.474010,7.840000,2003-01-15,7.950000,7.450000,7.520000,3229144
5.536849,7.930000,2003-01-16,7.950000,7.720000,7.840000,2788137
5.439099,7.790000,2003-01-17,7.990000,7.720000,7.980000,1160779
5.397205,7.730000,2003-01-20,7.780000,7.510000,7.720000,785649
5.257563,7.530000,2003-01-21,7.770000,7.530000,7.730000,694883
5.271527,7.550000,2003-01-22,7.630000,7.430000,7.480000,534104
5.201705,7.450000,2003-01-23,7.590000,7.400000,7.400000,292848
5.341350,7.650000,2003-01-24,7.720000,7.380000,7.450000,422679
5.362295,7.680000,2003-01-27,7.790000,7.600000,7.650000,381310
5.376259,7.700000,2003-01-28,7.750000,7.600000,7.700000,370120
5.306437,7.600000,2003-01-29,7.740000,7.600000,7.680000,427610
5.306437,7.600000,2003-01-30,7.740000,7.600000,7.680000,0
5.306437,7.600000,2003-01-31,7.740000,7.600000,7.680000,0
5.306437,7.600000,2003-02-03,7.740000,7.600000,7.680000,0
5.306437,7.600000,2003-02-04,7.740000,7.600000,7.680000,0
5.306437,7.600000,2003-02-05,7.740000,7.600000,7.680000,0
5.306437,7.600000,2003-02-06,7.740000,7.600000,7.680000,0
5.306437,7.600000,2003-02-07,7.740000,7.600000,7.680000,0
5.250580,7.520000,2003-02-10,7.690000,7.500000,7.650000,151100
5.327385,7.630000,2003-02-11,7.640000,7.490000,7.570000,203351
5.404187,7.740000,2003-02-12,7.760000,7.530000,7.630000,553529
5.362295,7.680000,2003-02-13,7.800000,7.660000,7.770000,475401
5.460045,7.820000,2003-02-14,7.820000,7.680000,7.680000,626952
5.355313,7.670000,2003-02-17,7.880000,7.650000,7.850000,615000
5.285491,7.570000,2003-02-18,7.700000,7.500000,7.650000,1170127
5.348330,7.660000,2003-02-19,7.660000,7.550000,7.570000,388699
5.306437,7.600000,2003-02-20,7.680000,7.580000,7.660000,438199
5.145848,7.370000,2003-02-21,7.650000,7.360000,7.650000,783542
5.152830,7.380000,2003-02-24,7.450000,7.360000,7.370000,256829
5.271527,7.550000,2003-02-25,7.570000,7.380000,7.380000,454976
5.271527,7.550000,2003-02-26,7.590000,7.500000,7.550000,210738
5.250580,7.520000,2003-02-27,7.630000,7.500000,7.550000,321200
5.222652,7.480000,2003-02-28,7.540000,7.400000,7.510000,375900
5.271527,7.550000,2003-03-03,7.550000,7.450000,7.480000,268472
5.257563,7.530000,2003-03-04,7.600000,7.500000,7.590000,302368
5.264545,7.540000,2003-03-05,7.580000,7.400000,7.540000,317716
5.173777,7.410000,2003-03-06,7.540000,7.380000,7.520000,318052
5.222652,7.480000,2003-03-07,7.520000,7.370000,7.400000,454480
5.369276,7.690000,2003-03-10,7.700000,7.490000,7.550000,2847060
5.313420,7.610000,2003-03-11,7.670000,7.520000,7.670000,868913
5.201705,7.450000,2003-03-12,7.600000,7.310000,7.570000,945700
5.131884,7.350000,2003-03-13,7.470000,7.320000,7.460000,587895
5.027151,7.200000,2003-03-14,7.350000,7.190000,7.300000,667671
5.083008,7.280000,2003-03-17,7.300000,7.190000,7.200000,376607
5.027151,7.200000,2003-03-18,7.320000,7.200000,7.300000,313350
5.055079,7.240000,2003-03-19,7.250000,7.110000,7.180000,259355
4.964313,7.110000,2003-03-20,7.240000,7.080000,7.180000,239750
5.013187,7.180000,2003-03-21,7.200000,7.090000,7.090000,167910
5.041115,7.220000,2003-03-24,7.240000,7.150000,7.150000,129900
4.957330,7.100000,2003-03-25,7.210000,7.090000,7.200000,206602
4.943366,7.080000,2003-03-26,7.180000,7.070000,7.090000,113300
5.110938,7.320000,2003-03-27,7.430000,7.020000,7.100000,405173
5.048097,7.230000,2003-03-28,7.370000,7.210000,7.300000,325460
5.103954,7.310000,2003-03-31,7.320000,7.210000,7.210000,275580
5.131884,7.350000,2003-04-01,7.380000,7.260000,7.360000,299200
5.083008,7.280000,2003-04-02,7.350000,7.270000,7.350000,274100
5.159812,7.390000,2003-04-03,7.700000,7.270000,7.340000,628540
5.166794,7.400000,2003-04-04,7.420000,7.310000,7.390000,196638
5.069044,7.260000,2003-04-07,7.450000,7.250000,7.450000,302000
5.013187,7.180000,2003-04-08,7.270000,7.150000,7.270000,273716
5.048097,7.230000,2003-04-09,7.250000,7.100000,7.180000,335136
5.117919,7.330000,2003-04-10,7.350000,7.180000,7.230000,578760
5.131884,7.350000,2003-04-11,7.400000,7.250000,7.390000,620159
5.320401,7.620000,2003-04-14,7.640000,7.360000,7.400000,1566155
5.383241,7.710000,2003-04-15,7.740000,7.550000,7.650000,1538071
5.299456,7.590000,2003-04-16,7.920000,7.580000,7.730000,2362645
5.306437,7.600000,2003-04-17,7.700000,7.490000,7.590000,708916
5.313420,7.610000,2003-04-18,7.680000,7.580000,7.600000,637168
5.180758,7.420000,2003-04-21,7.600000,7.370000,7.600000,534676
5.180758,7.420000,2003-04-22,7.420000,7.420000,7.420000,0
5.027151,7.200000,2003-04-23,7.480000,7.190000,7.400000,440498
4.922420,7.050000,2003-04-24,7.230000,7.010000,7.200000,486899
4.915437,7.040000,2003-04-25,7.150000,7.020000,7.030000,418889
4.950347,7.090000,2003-04-28,7.100000,6.800000,7.000000,434293
4.824669,6.910000,2003-04-29,7.100000,6.900000,7.100000,412179
4.810705,6.890000,2003-04-30,7.000000,6.870000,6.910000,374010
4.810705,6.890000,2003-05-01,7.000000,6.870000,6.910000,0
4.810705,6.890000,2003-05-02,7.000000,6.870000,6.910000,0
4.810705,6.890000,2003-05-05,7.000000,6.870000,6.910000,0
4.810705,6.890000,2003-05-06,7.000000,6.870000,6.910000,0
4.810705,6.890000,2003-05-07,7.000000,6.870000,6.910000,0
4.810705,6.890000,2003-05-08,7.000000,6.870000,6.910000,0
4.810705,6.890000,2003-05-09,7.000000,6.870000,6.910000,0
4.629169,6.630000,2003-05-12,6.950000,6.610000,6.950000,436300
4.377812,6.270000,2003-05-13,6.500000,6.030000,6.500000,516806
4.447632,6.370000,2003-05-14,6.390000,6.240000,6.260000,407978
4.587276,6.570000,2003-05-15,6.590000,6.350000,6.370000,535989
4.608222,6.600000,2003-05-16,6.650000,6.550000,6.620000,281100
4.629169,6.630000,2003-05-19,6.700000,6.610000,6.660000,294463
4.517455,6.470000,2003-05-20,6.640000,6.430000,6.620000,274776
4.517455,6.470000,2003-05-21,6.530000,6.470000,6.470000,225442
4.552364,6.520000,2003-05-22,6.530000,6.400000,6.530000,248796
4.594258,6.580000,2003-05-23,6.630000,6.540000,6.540000,322154
4.615205,6.610000,2003-05-26,6.680000,6.580000,6.670000,308904
4.719936,6.760000,2003-05-27,6.760000,6.540000,6.610000,496736
4.685026,6.710000,2003-05-28,6.800000,6.680000,6.790000,483582
4.726919,6.770000,2003-05-29,6.780000,6.660000,6.700000,287571
4.747866,6.800000,2003-05-30,6.890000,6.750000,6.770000,495575
4.754847,6.810000,2003-06-02,6.860000,6.750000,6.800000,264529
4.747760,6.700000,2003-06-03,6.770000,6.650000,6.770000,360419
4.754847,6.710000,2003-06-04,6.800000,6.610000,6.800000,222070
4.676899,6.600000,2003-06-05,6.690000,6.580000,6.690000,279900
4.662726,6.580000,2003-06-06,6.790000,6.550000,6.790000,174439
4.769020,6.730000,2003-06-09,6.780000,6.520000,6.680000,347206
4.839881,6.830000,2003-06-10,6.900000,6.670000,6.730000,823615
4.861140,6.860000,2003-06-11,6.870000,6.790000,6.870000,761148
4.776105,6.740000,2003-06-12,6.880000,6.690000,6.870000,250700
4.790277,6.760000,2003-06-13,6.800000,6.690000,6.740000,267642
4.761933,6.720000,2003-06-16,6.780000,6.700000,6.760000,121800
4.783191,6.750000,2003-06-17,6.850000,6.710000,6.810000,408200
4.698158,6.630000,2003-06-18,6.790000,6.620000,6.750000,323500
4.648553,6.560000,2003-06-19,6.650000,6.520000,6.610000,386029
4.641469,6.550000,2003-06-20,6.660000,6.550000,6.650000,147314
4.598950,6.490000,2003-06-23,6.590000,6.460000,6.590000,141800
4.606036,6.500000,2003-06-24,6.520000,6.450000,6.460000,126782
4.563520,6.440000,2003-06-25,6.500000,6.420000,6.450000,127900
4.535174,6.400000,2003-06-26,6.440000,6.340000,6.430000,182595
4.471399,6.310000,2003-06-27,6.420000,6.300000,6.410000,190560
4.457225,6.290000,2003-06-30,6.350000,6.250000,6.280000,122520
4.457225,6.290000,2003-07-01,6.420000,6.280000,6.300000,140900
4.485571,6.330000,2003-07-02,6.360000,6.290000,6.310000,103131
4.499743,6.350000,2003-07-03,6.430000,6.300000,6.390000,134798
4.464313,6.300000,2003-07-04,6.370000,6.280000,6.350000,114000
4.457225,6.290000,2003-07-07,6.310000,6.250000,6.310000,125282
4.506830,6.360000,2003-07-08,6.390000,6.290000,6.300000,82760
4.464313,6.300000,2003-07-09,6.360000,6.290000,6.350000,72600
4.535174,6.400000,2003-07-10,6.430000,6.270000,6.270000,208320
4.521003,6.380000,2003-07-11,6.490000,6.370000,6.430000,70800
4.506830,6.360000,2003-07-14,6.380000,6.330000,6.380000,100728
4.478485,6.320000,2003-07-15,6.380000,6.310000,6.330000,105306
4.492657,6.340000,2003-07-16,6.340000,6.300000,6.320000,114709
4.435968,6.260000,2003-07-17,6.350000,6.240000,6.320000,262950
4.372192,6.170000,2003-07-18,6.280000,6.160000,6.260000,191600
4.322588,6.100000,2003-07-21,6.170000,6.050000,6.170000,350793
4.343847,6.130000,2003-07-22,6.170000,6.100000,6.120000,120704
4.379278,6.180000,2003-07-23,6.200000,6.110000,6.150000,110828
4.358019,6.150000,2003-07-24,6.210000,6.130000,6.190000,106700
4.329675,6.110000,2003-07-25,6.180000,6.050000,6.150000,179310
4.478485,6.320000,2003-07-28,6.420000,6.160000,6.160000,1425672
4.457225,6.290000,2003-07-29,6.350000,6.220000,6.300000,397300
4.379278,6.180000,2003-07-30,6.330000,6.180000,6.320000,229980
4.350933,6.140000,2003-07-31,6.200000,6.120000,6.180000,231227
4.365106,6.160000,2003-08-01,6.200000,6.100000,6.140000,146240
4.421795,6.240000,2003-08-04,6.240000,6.100000,6.130000,223000
4.443054,6.270000,2003-08-05,6.290000,6.200000,6.240000,169075
4.435968,6.260000,2003-08-06,6.330000,6.200000,6.270000,169895
4.393450,6.200000,2003-08-07,6.280000,6.190000,6.260000,178900
4.343847,6.130000,2003-08-08,6.200000,6.120000,6.200000,138418
4.365106,6.160000,2003-08-11,6.160000,6.110000,6.130000,122750
4.365106,6.160000,2003-08-12,6.260000,6.120000,6.160000,240151
4.365106,6.160000,2003-08-13,6.220000,6.130000,6.170000,115999
4.372192,6.170000,2003-08-14,6.260000,6.130000,6.180000,146398
4.343847,6.130000,2003-08-15,6.200000,6.130000,6.200000,126850
4.358019,6.150000,2003-08-18,6.160000,6.100000,6.150000,65186
4.350933,6.140000,2003-08-19,6.180000,6.130000,6.130000,57300
4.421795,6.240000,2003-08-20,6.240000,6.130000,6.150000,146779
4.414709,6.230000,2003-08-21,6.240000,6.150000,6.230000,194525
4.386364,6.190000,2003-08-22,6.230000,6.170000,6.170000,95800
4.343847,6.130000,2003-08-25,6.190000,6.080000,6.180000,146407
4.294244,6.060000,2003-08-26,6.170000,6.060000,6.130000,96200
4.301331,6.070000,2003-08-27,6.110000,6.060000,6.080000,101880
4.294244,6.060000,2003-08-28,6.130000,6.060000,6.070000,80000
4.287158,6.050000,2003-08-29,6.110000,6.010000,6.050000,130068
4.365106,6.160000,2003-09-01,6.160000,6.010000,6.060000,156103
4.435968,6.260000,2003-09-02,6.260000,6.100000,6.150000,509010
4.443054,6.270000,2003-09-03,6.300000,6.170000,6.280000,536869
4.421795,6.240000,2003-09-04,6.270000,6.200000,6.270000,203840
4.350933,6.140000,2003-09-05,6.240000,6.120000,6.240000,111100
4.358019,6.150000,2003-09-08,6.160000,6.090000,6.160000,136630
4.322588,6.100000,2003-09-09,6.180000,6.090000,6.150000,90611
4.358019,6.150000,2003-09-10,6.170000,6.070000,6.150000,166437
4.414709,6.230000,2003-09-11,6.250000,6.130000,6.140000,304993
4.294244,6.060000,2003-09-12,6.270000,6.000000,6.270000,436951
4.223382,5.960000,2003-09-15,6.280000,5.950000,6.080000,305000
4.202122,5.930000,2003-09-16,5.950000,5.850000,5.930000,232159
4.102916,5.790000,2003-09-17,5.980000,5.730000,5.980000,247303
4.074571,5.750000,2003-09-18,5.790000,5.730000,5.750000,163400
4.124175,5.820000,2003-09-19,5.820000,5.730000,5.750000,108101
4.081657,5.760000,2003-09-22,5.810000,5.730000,5.810000,74050
4.124175,5.820000,2003-09-23,5.820000,5.760000,5.760000,79600
4.131260,5.830000,2003-09-24,5.840000,5.770000,5.800000,223000
4.088744,5.770000,2003-09-25,5.870000,5.730000,5.850000,89900
3.996622,5.640000,2003-09-26,5.770000,5.630000,5.770000,109100
3.932848,5.550000,2003-09-29,5.630000,5.530000,5.630000,148511
3.954106,5.580000,2003-09-30,5.610000,5.540000,5.550000,80200
3.954106,5.580000,2003-10-01,5.610000,5.540000,5.550000,0
3.954106,5.580000,2003-10-02,5.610000,5.540000,5.550000,0
3.954106,5.580000,2003-10-03,5.610000,5.540000,5.550000,0
3.954106,5.580000,2003-10-06,5.610000,5.540000,5.550000,0
3.954106,5.580000,2003-10-07,5.610000,5.540000,5.550000,0
3.939933,5.560000,2003-10-08,5.580000,5.520000,5.550000,113200
3.925760,5.540000,2003-10-09,5.600000,5.500000,5.560000,124900
4.024967,5.680000,2003-10-10,5.720000,5.530000,5.530000,247889
3.989536,5.630000,2003-10-13,5.730000,5.610000,5.670000,187280
3.968277,5.600000,2003-10-14,5.630000,5.550000,5.620000,116312
4.003708,5.650000,2003-10-15,5.700000,5.560000,5.600000,324728
3.925760,5.540000,2003-10-16,5.650000,5.520000,5.650000,108500
3.932848,5.550000,2003-10-17,5.600000,5.530000,5.560000,71880
4.024967,5.680000,2003-10-20,5.680000,5.500000,5.530000,303750
4.110002,5.800000,2003-10-21,5.800000,5.560000,5.620000,443198
4.152520,5.860000,2003-10-22,5.920000,5.720000,5.880000,1758725
4.131260,5.830000,2003-10-23,5.860000,5.740000,5.860000,339350
4.159606,5.870000,2003-10-24,5.930000,5.730000,5.800000,399300
4.024967,5.680000,2003-10-27,5.870000,5.650000,5.850000,172700
3.911589,5.520000,2003-10-28,5.650000,5.500000,5.620000,423099
3.734433,5.270000,2003-10-29,5.570000,5.120000,5.510000,386652
3.656484,5.160000,2003-10-30,5.270000,5.160000,5.250000,168900
3.670657,5.180000,2003-10-31,5.260000,5.140000,5.160000,123650
3.734433,5.270000,2003-11-03,5.370000,5.180000,5.180000,208622
3.762778,5.310000,2003-11-04,5.380000,5.250000,5.250000,371604
3.663571,5.170000,2003-11-05,5.330000,5.150000,5.330000,147400
3.613967,5.100000,2003-11-06,5.170000,5.010000,5.160000,656790
3.578536,5.050000,2003-11-07,5.120000,4.860000,5.080000,580799
3.578536,5.050000,2003-11-10,5.050000,4.860000,5.050000,425085
3.720261,5.250000,2003-11-11,5.260000,5.000000,5.040000,931216
3.684829,5.200000,2003-11-12,5.300000,5.080000,5.260000,400875
3.713174,5.240000,2003-11-13,5.380000,5.100000,5.170000,1234629
3.727346,5.260000,2003-11-14,5.300000,5.160000,5.190000,683282
3.706089,5.230000,2003-11-17,5.240000,5.200000,5.240000,143490
3.571450,5.040000,2003-11-18,5.190000,5.030000,5.190000,281500
3.663571,5.170000,2003-11-19,5.180000,5.000000,5.040000,235360
3.805295,5.370000,2003-11-20,5.380000,5.180000,5.180000,812143
3.784037,5.340000,2003-11-21,5.470000,5.260000,5.390000,716957
3.869071,5.460000,2003-11-24,5.680000,5.420000,5.420000,2853221
4.003708,5.650000,2003-11-25,5.800000,5.530000,5.540000,2054175
3.947019,5.570000,2003-11-26,5.700000,5.520000,5.650000,743414
3.833640,5.410000,2003-11-27,5.620000,5.390000,5.570000,602107
3.897416,5.500000,2003-11-28,5.500000,5.400000,5.400000,398796
3.968277,5.600000,2003-12-01,5.600000,5.480000,5.500000,618043
3.918675,5.530000,2003-12-02,5.620000,5.500000,5.600000,389850
3.918675,5.530000,2003-12-03,5.600000,5.400000,5.530000,456040
3.876158,5.470000,2003-12-04,5.550000,5.440000,5.550000,362519
3.989536,5.630000,2003-12-05,5.630000,5.450000,5.480000,582284
3.869071,5.460000,2003-12-08,5.620000,5.460000,5.620000,294800
3.904502,5.510000,2003-12-09,5.510000,5.410000,5.460000,164155
3.961191,5.590000,2003-12-10,5.600000,5.500000,5.510000,408039
3.932848,5.550000,2003-12-11,5.620000,5.500000,5.580000,628519
3.982450,5.620000,2003-12-12,5.660000,5.550000,5.580000,594154
3.911589,5.520000,2003-12-15,5.640000,5.520000,5.620000,261322
3.840727,5.420000,2003-12-16,5.530000,5.370000,5.530000,439092
3.762778,5.310000,2003-12-17,5.450000,5.300000,5.420000,378600
3.691916,5.210000,2003-12-18,5.310000,5.170000,5.310000,446849
3.507674,4.950000,2003-12-19,5.280000,4.950000,5.250000,839115
3.571450,5.040000,2003-12-22,5.070000,4.760000,4.950000,749865
3.691916,5.210000,2003-12-23,5.220000,4.850000,5.050000,1013286
3.670657,5.180000,2003-12-24,5.210000,5.100000,5.180000,576199
3.833640,5.410000,2003-12-25,5.410000,5.270000,5.270000,1747797
3.798209,5.360000,2003-12-26,5.450000,5.350000,5.440000,520849
3.720261,5.250000,2003-12-29,5.320000,5.240000,5.320000,334053
3.720261,5.250000,2003-12-30,5.310000,5.230000,5.230000,237900
3.670657,5.180000,2003-12-31,5.290000,5.170000,5.260000,301200
3.670657,5.180000,2004-01-01,5.290000,5.170000,5.260000,0
3.663571,5.170000,2004-01-02,5.200000,5.130000,5.180000,381314
3.613967,5.100000,2004-01-05,5.190000,5.090000,5.170000,569365
3.543105,5.000000,2004-01-06,5.180000,4.960000,5.150000,715309
3.599795,5.080000,2004-01-07,5.090000,4.980000,5.000000,819345
3.642312,5.140000,2004-01-08,5.180000,5.030000,5.100000,595488
3.670657,5.180000,2004-01-09,5.260000,5.150000,5.150000,712093
3.656484,5.160000,2004-01-12,5.170000,5.080000,5.150000,488361
3.734433,5.270000,2004-01-13,5.300000,5.110000,5.150000,791030
3.706089,5.230000,2004-01-14,5.270000,5.170000,5.260000,386242
3.691916,5.210000,2004-01-15,5.290000,5.200000,5.230000,440027
3.727346,5.260000,2004-01-16,5.270000,5.120000,5.200000,631652
3.727346,5.260000,2004-01-19,5.270000,5.120000,5.200000,0
3.727346,5.260000,2004-01-20,5.270000,5.120000,5.200000,0
3.727346,5.260000,2004-01-21,5.270000,5.120000,5.200000,0
3.727346,5.260000,2004-01-22,5.270000,5.120000,5.200000,0
3.727346,5.260000,2004-01-23,5.270000,5.120000,5.200000,0
3.727346,5.260000,2004-01-26,5.270000,5.120000,5.200000,0
3.727346,5.260000,2004-01-27,5.270000,5.120000,5.200000,0
3.727346,5.260000,2004-01-28,5.270000,5.120000,5.200000,0
3.847812,5.430000,2004-01-29,5.430000,5.250000,5.280000,711957
3.819468,5.390000,2004-01-30,5.580000,5.380000,5.440000,946804
3.932848,5.550000,2004-02-02,5.570000,5.390000,5.560000,1063116
4.010795,5.660000,2004-02-03,5.670000,5.480000,5.540000,1382912
4.074571,5.750000,2004-02-04,5.760000,5.660000,5.680000,1340942
4.131260,5.830000,2004-02-05,5.840000,5.700000,5.800000,1311536
4.095829,5.780000,2004-02-06,5.900000,5.750000,5.830000,1441950
4.138348,5.840000,2004-02-09,5.840000,5.730000,5.780000,1001024
4.180865,5.900000,2004-02-10,5.980000,5.810000,5.860000,1166520
4.145432,5.850000,2004-02-11,5.940000,5.770000,5.900000,966703
4.280071,6.040000,2004-02-12,6.050000,5.850000,5.850000,1427158
4.145432,5.850000,2004-02-13,6.070000,5.830000,6.050000,978504
4.209208,5.940000,2004-02-16,5.960000,5.810000,5.820000,804383
4.258813,6.010000,2004-02-17,6.030000,5.910000,5.910000,1009292
4.280071,6.040000,2004-02-18,6.090000,6.000000,6.010000,1083324
4.379278,6.180000,2004-02-19,6.270000,6.040000,6.040000,2023858
4.386364,6.190000,2004-02-20,6.200000,6.080000,6.180000,877600
4.329675,6.110000,2004-02-23,6.350000,6.100000,6.200000,1368410
4.244640,5.990000,2004-02-24,6.120000,5.850000,6.100000,1234473
4.124175,5.820000,2004-02-25,6.080000,5.800000,6.000000,670846
4.060398,5.730000,2004-02-26,5.820000,5.650000,5.810000,810887
4.102916,5.790000,2004-02-27,5.810000,5.720000,5.750000,395331
4.145432,5.850000,2004-03-01,5.860000,5.730000,5.810000,517286
4.152520,5.860000,2004-03-02,5.900000,5.770000,5.870000,539504
4.095829,5.780000,2004-03-03,5.920000,5.750000,5.900000,541100
4.180865,5.900000,2004-03-04,5.920000,5.650000,5.780000,531095
4.145432,5.850000,2004-03-05,5.930000,5.830000,5.900000,400263
3.989536,5.630000,2004-03-08,5.820000,5.580000,5.810000,454400
3.968277,5.600000,2004-03-09,5.700000,5.590000,5.630000,354856
4.060398,5.730000,2004-03-10,5.730000,5.610000,5.620000,291187
4.081657,5.760000,2004-03-11,5.800000,5.710000,5.730000,429754
4.060398,5.730000,2004-03-12,5.790000,5.610000,5.790000,311039
4.124175,5.820000,2004-03-15,5.850000,5.700000,5.730000,447551
4.187949,5.910000,2004-03-16,5.920000,5.800000,5.850000,616879
4.159606,5.870000,2004-03-17,5.910000,5.800000,5.910000,452094
4.258813,6.010000,2004-03-18,6.180000,5.870000,5.880000,2196840
4.294244,6.060000,2004-03-19,6.070000,5.930000,6.020000,1235935
4.343847,6.130000,2004-03-22,6.150000,6.060000,6.080000,1045300
4.322588,6.100000,2004-03-23,6.150000,6.020000,6.140000,683714
4.258813,6.010000,2004-03-24,6.090000,5.980000,6.090000,1176387
4.301331,6.070000,2004-03-25,6.100000,6.000000,6.010000,732983
4.280071,6.040000,2004-03-26,6.080000,6.000000,6.070000,464090
4.209208,5.940000,2004-03-29,6.050000,5.920000,6.040000,609246
4.195037,5.920000,2004-03-30,5.970000,5.850000,5.950000,497445
4.393450,6.200000,2004-03-31,6.220000,5.860000,5.940000,1724587
4.457225,6.290000,2004-04-01,6.400000,6.210000,6.250000,3773363
4.478485,6.320000,2004-04-02,6.330000,6.210000,6.290000,1402553
4.542261,6.410000,2004-04-05,6.420000,6.280000,6.330000,1633681
4.528088,6.390000,2004-04-06,6.430000,6.310000,6.420000,1074515
4.528088,6.390000,2004-04-07,6.500000,6.300000,6.400000,1334112
4.478485,6.320000,2004-04-08,6.380000,6.300000,6.380000,872788
4.343847,6.130000,2004-04-09,6.360000,6.110000,6.330000,1079449
4.379278,6.180000,2004-04-12,6.210000,6.040000,6.060000,768168
4.343847,6.130000,2004-04-13,6.250000,6.110000,6.180000,578733
4.322588,6.100000,2004-04-14,6.150000,6.030000,6.120000,659793
4.237554,5.980000,2004-04-15,6.160000,5.950000,6.090000,951556
4.187949,5.910000,2004-04-16,6.050000,5.750000,5.960000,823318
4.202122,5.930000,2004-04-19,5.980000,5.850000,5.910000,472857
4.138348,5.840000,2004-04-20,5.930000,5.780000,5.900000,375783
4.110002,5.800000,2004-04-21,5.880000,5.780000,5.800000,299656
4.110002,5.800000,2004-04-22,5.800000,5.800000,5.800000,0
4.166692,5.880000,2004-04-23,5.970000,5.770000,5.820000,471082
4.159606,5.870000,2004-04-26,5.970000,5.800000,5.800000,352633
4.039139,5.700000,2004-04-27,5.900000,5.650000,5.820000,443376
4.074571,5.750000,2004-04-28,5.800000,5.660000,5.700000,271486
3.989536,5.630000,2004-04-29,5.790000,5.600000,5.790000,329420
3.975364,5.610000,2004-04-30,5.700000,5.530000,5.630000,326107
3.975364,5.610000,2004-05-03,5.700000,5.530000,5.630000,0
3.975364,5.610000,2004-05-04,5.700000,5.530000,5.630000,0
3.975364,5.610000,2004-05-05,5.700000,5.530000,5.630000,0
3.975364,5.610000,2004-05-06,5.700000,5.530000,5.630000,0
3.975364,5.610000,2004-05-07,5.700000,5.530000,5.630000,0
3.954106,5.580000,2004-05-10,5.650000,5.560000,5.560000,176352
3.961191,5.590000,2004-05-11,5.650000,5.510000,5.580000,111351
4.053312,5.720000,2004-05-12,5.750000,5.590000,5.590000,209615
4.024967,5.680000,2004-05-13,5.770000,5.640000,5.770000,144730
3.975364,5.610000,2004-05-14,5.690000,5.560000,5.680000,124720
3.947019,5.570000,2004-05-17,5.620000,5.550000,5.560000,109395
4.074571,5.750000,2004-05-18,5.750000,5.600000,5.620000,207991
4.046227,5.710000,2004-05-19,5.800000,5.700000,5.800000,200201
4.024967,5.680000,2004-05-20,5.730000,5.650000,5.670000,170460
4.017880,5.670000,2004-05-21,5.720000,5.610000,5.700000,113900
3.996622,5.640000,2004-05-24,5.710000,5.610000,5.670000,88552
3.812381,5.380000,2004-05-25,5.640000,5.380000,5.640000,346199
3.784037,5.340000,2004-05-26,5.430000,5.310000,5.390000,183246
3.876158,5.470000,2004-05-27,5.480000,5.320000,5.390000,193096
3.861984,5.450000,2004-05-28,5.520000,5.400000,5.410000,163800
3.819468,5.390000,2004-05-31,5.500000,5.350000,5.500000,184324
3.883243,5.480000,2004-06-01,5.500000,5.400000,5.400000,263779
3.904502,5.510000,2004-06-02,5.570000,5.470000,5.480000,269627
3.826554,5.400000,2004-06-03,5.520000,5.380000,5.510000,162697
3.819468,5.390000,2004-06-04,5.430000,5.380000,5.400000,157685
3.798209,5.360000,2004-06-07,5.390000,5.330000,5.330000,192165
3.755692,5.300000,2004-06-08,5.380000,5.280000,5.380000,192197
3.635226,5.130000,2004-06-09,5.320000,5.110000,5.280000,248350
3.613967,5.100000,2004-06-10,5.150000,5.060000,5.150000,223892
3.663571,5.170000,2004-06-11,5.220000,5.120000,5.120000,130680
3.585623,5.060000,2004-06-14,5.190000,5.010000,5.190000,236657
3.656484,5.160000,2004-06-15,5.170000,5.010000,5.080000,175262
3.684829,5.200000,2004-06-16,5.250000,5.090000,5.160000,203614
3.640963,4.980000,2004-06-17,5.130000,4.910000,5.130000,143757
3.611717,4.940000,2004-06-18,5.000000,4.870000,5.000000,105800
3.809119,5.210000,2004-06-21,5.210000,4.960000,5.020000,214318
3.874921,5.300000,2004-06-22,5.370000,5.200000,5.210000,746593
3.779875,5.170000,2004-06-23,5.290000,5.160000,5.290000,174500
3.728696,5.100000,2004-06-24,5.230000,5.100000,5.170000,135823
3.684829,5.040000,2004-06-25,5.190000,5.010000,5.100000,172667
3.619029,4.950000,2004-06-28,5.050000,4.900000,4.900000,147073
3.670207,5.020000,2004-06-29,5.040000,4.920000,4.950000,117800
3.619029,4.950000,2004-06-30,5.020000,4.950000,5.020000,91776
3.706763,5.070000,2004-07-01,5.100000,4.960000,5.020000,283649
3.684829,5.040000,2004-07-02,5.070000,5.000000,5.020000,140836
3.699452,5.060000,2004-07-05,5.070000,4.970000,5.010000,146317
3.728696,5.100000,2004-07-06,5.130000,5.060000,5.060000,188179
3.655585,5.000000,2004-07-07,5.120000,4.980000,5.080000,83500
3.648273,4.990000,2004-07-08,5.030000,4.980000,5.020000,91900
3.655585,5.000000,2004-07-09,5.040000,4.980000,5.010000,89700
3.567851,4.880000,2004-07-12,4.980000,4.880000,4.980000,130400
3.553228,4.860000,2004-07-13,4.930000,4.850000,4.850000,99600
3.480117,4.760000,2004-07-14,4.890000,4.660000,4.860000,178100
3.487427,4.770000,2004-07-15,4.820000,4.710000,4.750000,147500
3.567851,4.880000,2004-07-16,4.920000,4.780000,4.780000,275560
3.589784,4.910000,2004-07-19,4.920000,4.780000,4.900000,197798
3.757940,5.140000,2004-07-20,5.220000,4.980000,5.000000,1668698
3.714074,5.080000,2004-07-21,5.120000,5.030000,5.090000,334735
3.619029,4.950000,2004-07-22,5.080000,4.920000,5.070000,346900
3.611717,4.940000,2004-07-23,4.950000,4.880000,4.950000,175060
3.494739,4.780000,2004-07-26,4.930000,4.700000,4.930000,215700
3.502050,4.790000,2004-07-27,4.820000,4.720000,4.780000,154996
3.560539,4.870000,2004-07-28,4.880000,4.770000,4.770000,155060
3.611717,4.940000,2004-07-29,4.950000,4.770000,4.870000,424186
3.509362,4.800000,2004-07-30,4.940000,4.800000,4.930000,305885
3.545917,4.850000,2004-08-02,4.870000,4.760000,4.800000,123118
3.553228,4.860000,2004-08-03,4.890000,4.850000,4.850000,148660
3.633651,4.970000,2004-08-04,5.030000,4.870000,4.890000,230188
3.567851,4.880000,2004-08-05,4.960000,4.880000,4.950000,134600
3.545917,4.850000,2004-08-06,4.890000,4.810000,4.890000,121498
3.538606,4.840000,2004-08-09,4.850000,4.820000,4.850000,76386
3.538606,4.840000,2004-08-10,4.850000,4.800000,4.800000,39397
3.487427,4.770000,2004-08-11,4.820000,4.750000,4.800000,114119
3.436248,4.700000,2004-08-12,4.750000,4.650000,4.720000,134300
3.465494,4.740000,2004-08-13,4.750000,4.670000,4.700000,76409
3.407005,4.660000,2004-08-16,4.730000,4.650000,4.680000,108299
3.385071,4.630000,2004-08-17,4.670000,4.610000,4.620000,81300
3.348515,4.580000,2004-08-18,4.680000,4.570000,4.630000,105900
3.238847,4.430000,2004-08-19,4.580000,4.420000,4.580000,255496
3.216914,4.400000,2004-08-20,4.500000,4.300000,4.450000,141000
3.180359,4.350000,2004-08-23,4.400000,4.270000,4.400000,101090
3.268093,4.470000,2004-08-24,4.510000,4.330000,4.380000,143700
3.253470,4.450000,2004-08-25,4.470000,4.380000,4.460000,80500
3.231537,4.420000,2004-08-26,4.490000,4.360000,4.420000,74400
3.187670,4.360000,2004-08-27,4.470000,4.330000,4.440000,96700
3.180359,4.350000,2004-08-30,4.350000,4.280000,4.330000,131940
3.246160,4.440000,2004-08-31,4.550000,4.350000,4.350000,148300
3.216914,4.400000,2004-09-01,4.440000,4.370000,4.440000,99650
3.253470,4.450000,2004-09-02,4.490000,4.360000,4.360000,98113
3.253470,4.450000,2004-09-03,4.450000,4.450000,4.450000,0
3.290026,4.500000,2004-09-06,4.540000,4.410000,4.410000,113142
3.275404,4.480000,2004-09-07,4.510000,4.390000,4.500000,88000
3.253470,4.450000,2004-09-08,4.500000,4.430000,4.480000,105000
3.165737,4.330000,2004-09-09,4.450000,4.290000,4.450000,351408
3.151114,4.310000,2004-09-10,4.350000,4.220000,4.330000,338329
3.165737,4.330000,2004-09-13,4.350000,4.240000,4.280000,91360
3.297338,4.510000,2004-09-14,4.510000,4.390000,4.390000,729252
3.421627,4.680000,2004-09-15,4.770000,4.460000,4.520000,867727
3.399694,4.650000,2004-09-16,4.720000,4.600000,4.680000,371426
3.487427,4.770000,2004-09-17,4.780000,4.620000,4.720000,528726
3.597095,4.920000,2004-09-20,4.930000,4.770000,4.770000,740044
3.531295,4.830000,2004-09-21,4.990000,4.790000,4.930000,835743
3.502050,4.790000,2004-09-22,4.850000,4.720000,4.800000,901770
3.611717,4.940000,2004-09-23,4.960000,4.740000,4.790000,618035
3.502050,4.790000,2004-09-24,4.970000,4.750000,4.970000,697253
3.611717,4.940000,2004-09-27,4.950000,4.740000,4.850000,682113
3.604407,4.930000,2004-09-28,5.040000,4.900000,4.950000,2373527
3.465494,4.740000,2004-09-29,4.920000,4.730000,4.910000,651090
3.363137,4.600000,2004-09-30,4.750000,4.590000,4.730000,438633
3.363137,4.600000,2004-10-01,4.750000,4.590000,4.730000,0
3.363137,4.600000,2004-10-04,4.750000,4.590000,4.730000,0
3.363137,4.600000,2004-10-05,4.750000,4.590000,4.730000,0
3.363137,4.600000,2004-10-06,4.750000,4.590000,4.730000,0
3.363137,4.600000,2004-10-07,4.750000,4.590000,4.730000,0
3.436248,4.700000,2004-10-08,4.700000,4.580000,4.580000,245630
3.355827,4.590000,2004-10-11,4.700000,4.550000,4.680000,594992
3.275404,4.480000,2004-10-12,4.580000,4.440000,4.580000,419156
3.282715,4.490000,2004-10-13,4.510000,4.370000,4.480000,506743
3.136491,4.290000,2004-10-14,4.440000,4.260000,4.410000,335086
3.136491,4.290000,2004-10-15,4.350000,4.220000,4.290000,288720
3.151114,4.310000,2004-10-18,4.310000,4.220000,4.310000,187170
3.173047,4.340000,2004-10-19,4.370000,4.310000,4.310000,202810
3.092625,4.230000,2004-10-20,4.330000,4.190000,4.320000,240100
2.880600,3.940000,2004-10-21,4.280000,3.850000,4.230000,316935
2.858667,3.910000,2004-10-22,3.960000,3.830000,3.940000,324901
3.085314,4.220000,2004-10-25,4.300000,4.150000,4.300000,2117653
3.041447,4.160000,2004-10-26,4.160000,3.980000,4.090000,769987
3.070691,4.200000,2004-10-27,4.200000,4.050000,4.100000,548024
3.048758,4.170000,2004-10-28,4.250000,4.150000,4.190000,500190
2.946402,4.030000,2004-10-29,4.100000,3.900000,4.090000,297960
2.924468,4.000000,2004-11-01,4.090000,3.980000,4.000000,196440
2.924468,4.000000,2004-11-02,4.020000,3.960000,4.000000,181490
2.997579,4.100000,2004-11-03,4.100000,3.990000,3.990000,218101
3.107247,4.250000,2004-11-04,4.250000,4.010000,4.100000,804349
3.026824,4.140000,2004-11-05,4.250000,4.060000,4.250000,428970
2.968335,4.060000,2004-11-08,4.150000,4.060000,4.140000,166738
2.990268,4.090000,2004-11-09,4.110000,4.030000,4.030000,155310
3.092625,4.230000,2004-11-10,4.240000,4.070000,4.200000,785618
3.063380,4.190000,2004-11-11,4.290000,4.100000,4.240000,656100
3.121869,4.270000,2004-11-12,4.270000,4.150000,4.190000,703651
3.180359,4.350000,2004-11-15,4.360000,4.250000,4.250000,911664
3.151114,4.310000,2004-11-16,4.430000,4.300000,4.380000,1232951
3.099936,4.240000,2004-11-17,4.350000,4.210000,4.330000,384600
3.121869,4.270000,2004-11-18,4.290000,4.210000,4.240000,269633
3.151114,4.310000,2004-11-19,4.310000,4.230000,4.280000,240108
3.180359,4.350000,2004-11-22,4.390000,4.300000,4.320000,483400
3.194981,4.370000,2004-11-23,4.390000,4.330000,4.350000,405549
3.129181,4.280000,2004-11-24,4.470000,4.280000,4.370000,368457
3.107247,4.250000,2004-11-25,4.300000,4.210000,4.300000,208942
3.121869,4.270000,2004-11-26,4.310000,4.210000,4.250000,198540
3.041447,4.160000,2004-11-29,4.250000,4.150000,4.230000,199711
3.092625,4.230000,2004-11-30,4.360000,4.150000,4.150000,169460
3.078003,4.210000,2004-12-01,4.250000,4.190000,4.230000,110000
3.136491,4.290000,2004-12-02,4.300000,4.170000,4.210000,184155
3.194981,4.370000,2004-12-03,4.400000,4.170000,4.170000,626324
3.209604,4.390000,2004-12-06,4.520000,4.370000,4.450000,840490
3.143803,4.300000,2004-12-07,4.400000,4.290000,4.390000,241924
3.121869,4.270000,2004-12-08,4.350000,4.250000,4.280000,179190
3.143803,4.300000,2004-12-09,4.300000,4.230000,4.270000,212286
3.048758,4.170000,2004-12-10,4.290000,4.150000,4.290000,270100
2.990268,4.090000,2004-12-13,4.160000,4.080000,4.160000,190803
2.968335,4.060000,2004-12-14,4.100000,4.050000,4.080000,141310
2.961024,4.050000,2004-12-15,4.100000,4.010000,4.070000,309301
2.939090,4.020000,2004-12-16,4.070000,4.000000,4.020000,121799
2.939090,4.020000,2004-12-17,4.040000,3.960000,4.000000,118300
2.902534,3.970000,2004-12-20,3.990000,3.900000,3.990000,112750
2.917156,3.990000,2004-12-21,4.030000,3.950000,3.950000,44250
2.990268,4.090000,2004-12-22,4.110000,4.000000,4.000000,149190
2.931779,4.010000,2004-12-23,4.080000,4.000000,4.080000,83250
2.961024,4.050000,2004-12-24,4.050000,4.000000,4.050000,58200
2.939090,4.020000,2004-12-27,4.050000,4.000000,4.050000,40250
2.895223,3.960000,2004-12-28,4.010000,3.930000,3.950000,88400
2.873290,3.930000,2004-12-29,3.980000,3.930000,3.960000,116100
2.851356,3.900000,2004-12-30,3.980000,3.900000,3.930000,114200
2.822111,3.860000,2004-12-31,3.950000,3.850000,3.890000,136900
2.822111,3.860000,2005-01-03,3.950000,3.850000,3.890000,0
2.748999,3.760000,2005-01-04,3.850000,3.700000,3.850000,128602
2.822111,3.860000,2005-01-05,3.890000,3.760000,3.760000,121634
2.822111,3.860000,2005-01-06,3.870000,3.810000,3.860000,54250
2.844045,3.890000,2005-01-07,3.930000,3.830000,3.840000,146400
2.858667,3.910000,2005-01-10,3.930000,3.850000,3.900000,110700
2.865978,3.920000,2005-01-11,3.930000,3.880000,3.930000,63800
2.858667,3.910000,2005-01-12,3.930000,3.850000,3.910000,79100
2.844045,3.890000,2005-01-13,3.920000,3.850000,3.860000,126600
2.822111,3.860000,2005-01-14,3.930000,3.850000,3.930000,141000
2.748999,3.760000,2005-01-17,3.890000,3.760000,3.890000,186500
2.778244,3.800000,2005-01-18,3.820000,3.740000,3.740000,176504
2.858667,3.910000,2005-01-19,3.930000,3.820000,3.820000,309980
2.785556,3.810000,2005-01-20,3.900000,3.810000,3.900000,171900
2.917156,3.990000,2005-01-21,4.000000,3.760000,3.820000,579036
2.975646,4.070000,2005-01-24,4.100000,3.990000,4.050000,925839
2.931779,4.010000,2005-01-25,4.090000,3.980000,4.070000,388250
2.917156,3.990000,2005-01-26,4.060000,3.950000,4.000000,169700
2.851356,3.900000,2005-01-27,4.000000,3.900000,3.960000,153700
2.792867,3.820000,2005-01-28,3.900000,3.730000,3.890000,336000
2.705132,3.700000,2005-01-31,3.770000,3.680000,3.770000,164900
2.697821,3.690000,2005-02-01,3.800000,3.690000,3.700000,165200
2.814800,3.850000,2005-02-02,3.860000,3.690000,3.690000,230239
2.748999,3.760000,2005-02-03,3.870000,3.760000,3.860000,240100
2.778244,3.800000,2005-02-04,3.820000,3.720000,3.780000,224389
2.778244,3.800000,2005-02-07,3.820000,3.720000,3.780000,0
2.778244,3.800000,2005-02-08,3.820000,3.720000,3.780000,0
2.778244,3.800000,2005-02-09,3.820000,3.720000,3.780000,0
2.778244,3.800000,2005-02-10,3.820000,3.720000,3.780000,0
2.778244,3.800000,2005-02-11,3.820000,3.720000,3.780000,0
2.778244,3.800000,2005-02-14,3.820000,3.720000,3.780000,0
2.778244,3.800000,2005-02-15,3.820000,3.720000,3.780000,0
2.814800,3.850000,2005-02-16,3.980000,3.780000,3.850000,191000
2.822111,3.860000,2005-02-17,3.900000,3.830000,3.860000,158950
2.800178,3.830000,2005-02-18,3.890000,3.830000,3.850000,125000
2.844045,3.890000,2005-02-21,3.890000,3.810000,3.810000,221040
2.887912,3.950000,2005-02-22,3.970000,3.850000,3.870000,594534
2.902534,3.970000,2005-02-23,4.010000,3.920000,3.950000,524078
2.924468,4.000000,2005-02-24,4.020000,3.940000,3.960000,466802
2.909846,3.980000,2005-02-25,4.050000,3.980000,4.000000,567400
2.880600,3.940000,2005-02-28,3.980000,3.910000,3.980000,382050
2.902534,3.970000,2005-03-01,3.970000,3.920000,3.950000,283410
2.858667,3.910000,2005-03-02,4.010000,3.910000,3.960000,286450
2.880600,3.940000,2005-03-03,3.950000,3.880000,3.910000,183301
2.880600,3.940000,2005-03-04,3.980000,3.900000,3.980000,126559
2.873290,3.930000,2005-03-07,3.940000,3.890000,3.930000,125001
2.924468,4.000000,2005-03-08,4.000000,3.910000,3.940000,508270
2.917156,3.990000,2005-03-09,4.020000,3.960000,4.010000,389898
2.836734,3.880000,2005-03-10,4.030000,3.870000,4.020000,274551
2.792867,3.820000,2005-03-11,3.900000,3.800000,3.880000,270101
2.844045,3.890000,2005-03-14,3.920000,3.770000,3.830000,298560
2.844045,3.890000,2005-03-15,3.950000,3.830000,3.950000,374685
2.814800,3.850000,2005-03-16,3.900000,3.830000,3.860000,196490
2.785556,3.810000,2005-03-17,3.950000,3.810000,3.860000,192400
2.719755,3.720000,2005-03-18,3.870000,3.710000,3.870000,200960
2.770933,3.790000,2005-03-21,3.790000,3.700000,3.720000,124700
2.632021,3.600000,2005-03-22,3.790000,3.580000,3.790000,245428
2.697821,3.690000,2005-03-23,3.700000,3.500000,3.600000,479822
2.807489,3.840000,2005-03-24,3.840000,3.620000,3.690000,586373
2.741688,3.750000,2005-03-25,3.860000,3.740000,3.840000,566800
2.705132,3.700000,2005-03-28,3.740000,3.650000,3.700000,195500
2.646643,3.620000,2005-03-29,3.740000,3.610000,3.710000,178600
2.588154,3.540000,2005-03-30,3.610000,3.530000,3.610000,220890
2.632021,3.600000,2005-03-31,3.600000,3.500000,3.500000,132482
2.697821,3.690000,2005-04-01,3.720000,3.500000,3.540000,269025
2.646643,3.620000,2005-04-04,3.690000,3.600000,3.600000,180430
2.617399,3.580000,2005-04-05,3.690000,3.560000,3.620000,112985
2.690511,3.680000,2005-04-06,3.730000,3.540000,3.560000,239049
2.712443,3.710000,2005-04-07,3.780000,3.650000,3.650000,374824
2.763622,3.780000,2005-04-08,3.800000,3.700000,3.720000,281512
2.756311,3.770000,2005-04-11,3.790000,3.710000,3.780000,370300
2.690511,3.680000,2005-04-12,3.740000,3.660000,3.710000,178985
2.770933,3.790000,2005-04-13,3.840000,3.660000,3.660000,365797
2.712443,3.710000,2005-04-14,3.800000,3.700000,3.800000,263700
2.646643,3.620000,2005-04-15,3.730000,3.610000,3.700000,163400
2.610088,3.570000,2005-04-18,3.580000,3.550000,3.570000,114457
2.683199,3.670000,2005-04-19,3.700000,3.550000,3.570000,172100
2.588154,3.540000,2005-04-20,3.620000,3.540000,3.620000,121840
2.449242,3.350000,2005-04-21,3.560000,3.300000,3.560000,329157
2.449242,3.350000,2005-04-22,3.350000,3.350000,3.350000,0
2.339574,3.200000,2005-04-25,3.350000,3.150000,3.350000,357330
2.361508,3.230000,2005-04-26,3.280000,3.150000,3.200000,297460
2.324952,3.180000,2005-04-27,3.260000,3.160000,3.260000,129000
2.383441,3.260000,2005-04-28,3.280000,3.100000,3.170000,246140
2.361508,3.230000,2005-04-29,3.260000,3.200000,3.260000,193500
2.361508,3.230000,2005-05-02,3.260000,3.200000,3.260000,0
2.361508,3.230000,2005-05-03,3.260000,3.200000,3.260000,0
2.361508,3.230000,2005-05-04,3.260000,3.200000,3.260000,0
2.361508,3.230000,2005-05-05,3.260000,3.200000,3.260000,0
2.361508,3.230000,2005-05-06,3.260000,3.200000,3.260000,0
2.251840,3.080000,2005-05-09,3.250000,3.060000,3.250000,148500
2.237218,3.060000,2005-05-10,3.100000,3.000000,3.080000,363039
2.222596,3.040000,2005-05-11,3.090000,3.040000,3.050000,123199
2.266463,3.100000,2005-05-12,3.110000,3.030000,3.040000,131507
2.281085,3.120000,2005-05-13,3.120000,3.050000,3.090000,160000
2.295707,3.140000,2005-05-16,3.200000,3.110000,3.200000,273300
2.317641,3.170000,2005-05-17,3.190000,3.110000,3.110000,153047
2.324952,3.180000,2005-05-18,3.190000,3.130000,3.170000,118485
2.339574,3.200000,2005-05-19,3.210000,3.140000,3.150000,123429
2.346885,3.210000,2005-05-20,3.250000,3.150000,3.170000,256532
2.339574,3.200000,2005-05-23,3.280000,3.170000,3.250000,749985
2.390753,3.270000,2005-05-24,3.290000,3.180000,3.250000,330576
2.383441,3.260000,2005-05-25,3.300000,3.210000,3.270000,312430
2.354197,3.220000,2005-05-26,3.280000,3.200000,3.250000,159650
2.339574,3.200000,2005-05-27,3.280000,3.200000,3.230000,163000
2.346885,3.210000,2005-05-30,3.230000,3.170000,3.200000,191200
2.339574,3.200000,2005-05-31,3.240000,3.180000,3.210000,128687
2.288396,3.130000,2005-06-01,3.200000,3.130000,3.200000,144740
2.295707,3.140000,2005-06-02,3.160000,3.110000,3.150000,183603
2.288396,3.130000,2005-06-03,3.160000,3.100000,3.140000,173731
2.303019,3.150000,2005-06-06,3.170000,3.070000,3.070000,154272
2.346885,3.210000,2005-06-07,3.210000,3.150000,3.160000,226201
2.536976,3.470000,2005-06-08,3.470000,3.210000,3.220000,907771
2.536976,3.370000,2005-06-09,3.400000,3.320000,3.360000,701103
2.792932,3.710000,2005-06-10,3.710000,3.620000,3.710000,4559903
2.732707,3.630000,2005-06-13,3.720000,3.550000,3.710000,2439510
2.717651,3.610000,2005-06-14,3.790000,3.600000,3.660000,1650280
2.589673,3.440000,2005-06-15,3.600000,3.440000,3.600000,978100
2.672482,3.550000,2005-06-16,3.570000,3.410000,3.430000,782768
2.672482,3.550000,2005-06-17,3.550000,3.550000,3.550000,0
2.725178,3.620000,2005-06-20,3.630000,3.420000,3.520000,986018
2.695066,3.580000,2005-06-21,3.650000,3.500000,3.650000,461903
2.672482,3.550000,2005-06-22,3.600000,3.480000,3.560000,331300
2.657425,3.530000,2005-06-23,3.600000,3.510000,3.600000,309949
2.755291,3.660000,2005-06-24,3.670000,3.430000,3.500000,914829
2.966079,3.940000,2005-06-27,3.970000,3.670000,3.680000,3708284
2.830572,3.760000,2005-06-28,3.850000,3.750000,3.800000,1989182
2.853156,3.790000,2005-06-29,3.890000,3.730000,3.730000,1042853
2.777876,3.690000,2005-06-30,3.780000,3.670000,3.780000,613588
2.747763,3.650000,2005-07-01,3.790000,3.620000,3.670000,975872
2.725178,3.620000,2005-07-04,3.680000,3.460000,3.610000,745196
2.657425,3.530000,2005-07-05,3.600000,3.500000,3.600000,464624
2.664953,3.540000,2005-07-06,3.590000,3.530000,3.530000,347699
2.717651,3.610000,2005-07-07,3.650000,3.520000,3.560000,463319
2.597201,3.450000,2005-07-08,3.610000,3.410000,3.610000,628619
2.567088,3.410000,2005-07-11,3.600000,3.400000,3.500000,475830
2.695066,3.580000,2005-07-12,3.600000,3.420000,3.440000,527779
2.664953,3.540000,2005-07-13,3.590000,3.520000,3.580000,435939
2.664953,3.540000,2005-07-14,3.610000,3.520000,3.520000,305269
2.604728,3.460000,2005-07-15,3.600000,3.460000,3.570000,371400
2.582145,3.430000,2005-07-18,3.500000,3.420000,3.450000,260700
2.589673,3.440000,2005-07-19,3.500000,3.420000,3.420000,212060
2.597201,3.450000,2005-07-20,3.480000,3.400000,3.430000,310994
2.506863,3.330000,2005-07-21,3.450000,3.300000,3.430000,497830
2.582145,3.430000,2005-07-22,3.490000,3.330000,3.330000,666866
2.559560,3.400000,2005-07-25,3.470000,3.330000,3.440000,691160
2.649898,3.520000,2005-07-26,3.570000,3.380000,3.380000,1090390
2.725178,3.620000,2005-07-27,3.630000,3.500000,3.500000,1140434
2.687538,3.570000,2005-07-28,3.650000,3.520000,3.620000,777800
2.680010,3.560000,2005-07-29,3.600000,3.510000,3.550000,461781
2.747763,3.650000,2005-08-01,3.650000,3.560000,3.560000,611643
2.747763,3.650000,2005-08-02,3.660000,3.590000,3.630000,676923
2.762819,3.670000,2005-08-03,3.710000,3.620000,3.650000,1264037
2.710123,3.600000,2005-08-04,3.640000,3.570000,3.640000,636601
2.747763,3.650000,2005-08-05,3.660000,3.560000,3.560000,687649
2.792932,3.710000,2005-08-08,3.750000,3.660000,3.670000,1126333
2.823044,3.750000,2005-08-09,3.760000,3.700000,3.710000,795181
2.807988,3.730000,2005-08-10,3.790000,3.650000,3.750000,834146
2.860684,3.800000,2005-08-11,3.830000,3.720000,3.750000,1151785
2.792932,3.710000,2005-08-12,3.850000,3.670000,3.780000,977152
2.898325,3.850000,2005-08-15,3.880000,3.680000,3.710000,916205
2.838101,3.770000,2005-08-16,3.900000,3.750000,3.860000,921595
2.853156,3.790000,2005-08-17,3.790000,3.660000,3.770000,999306
2.717651,3.610000,2005-08-18,3.810000,3.600000,3.780000,1144040
2.695066,3.580000,2005-08-19,3.600000,3.520000,3.600000,709895
2.740235,3.640000,2005-08-22,3.650000,3.530000,3.580000,339857
2.657425,3.530000,2005-08-23,3.640000,3.480000,3.640000,368209
2.695066,3.580000,2005-08-24,3.620000,3.530000,3.540000,400200
2.740235,3.640000,2005-08-25,3.640000,3.550000,3.580000,506311
2.800460,3.720000,2005-08-26,3.780000,3.660000,3.700000,782515
2.845629,3.780000,2005-08-29,3.820000,3.690000,3.780000,1024925
2.928438,3.890000,2005-08-30,3.900000,3.720000,3.780000,3413518
3.214506,4.270000,2005-08-31,4.280000,3.880000,3.900000,7890685
3.222034,4.280000,2005-09-01,4.350000,4.130000,4.250000,5316217
3.146754,4.180000,2005-09-02,4.300000,4.120000,4.250000,2962648
3.161809,4.200000,2005-09-05,4.300000,4.160000,4.250000,1880289
3.026304,4.020000,2005-09-06,4.230000,4.000000,4.150000,2435070
3.109113,4.130000,2005-09-07,4.140000,3.980000,3.990000,1709636
3.101584,4.120000,2005-09-08,4.150000,4.060000,4.130000,1266527
3.079001,4.090000,2005-09-09,4.150000,4.060000,4.120000,856998
3.071472,4.080000,2005-09-12,4.110000,4.010000,4.050000,810173
3.161809,4.200000,2005-09-13,4.230000,4.050000,4.080000,1349828
3.146754,4.180000,2005-09-14,4.200000,4.120000,4.200000,1319146
3.124169,4.150000,2005-09-15,4.200000,4.110000,4.180000,1016144
3.191922,4.240000,2005-09-16,4.260000,4.120000,4.150000,1885460
3.199451,4.250000,2005-09-19,4.280000,4.210000,4.250000,1516539
3.146754,4.180000,2005-09-20,4.270000,4.150000,4.250000,1305005
3.048887,4.050000,2005-09-21,4.170000,4.020000,4.150000,1166140
2.935967,3.900000,2005-09-22,4.050000,3.820000,4.040000,1254233
2.890797,3.840000,2005-09-23,3.940000,3.830000,3.940000,804816
2.966079,3.940000,2005-09-26,3.950000,3.780000,3.780000,529348
2.920910,3.880000,2005-09-27,4.020000,3.870000,3.950000,837290
3.011247,4.000000,2005-09-28,4.000000,3.880000,3.880000,1097136
3.079001,4.090000,2005-09-29,4.090000,4.010000,4.010000,1173327
3.063944,4.070000,2005-09-30,4.110000,4.020000,4.090000,634529
3.063944,4.070000,2005-10-03,4.110000,4.020000,4.090000,0
3.063944,4.070000,2005-10-04,4.110000,4.020000,4.090000,0
3.063944,4.070000,2005-10-05,4.110000,4.020000,4.090000,0
3.063944,4.070000,2005-10-06,4.110000,4.020000,4.090000,0
3.063944,4.070000,2005-10-07,4.110000,4.020000,4.090000,0
2.973607,3.950000,2005-10-10,4.070000,3.940000,4.070000,445100
3.094056,4.110000,2005-10-11,4.130000,3.880000,3.930000,500665
3.139225,4.170000,2005-10-12,4.210000,4.130000,4.140000,1669787
3.169338,4.210000,2005-10-13,4.230000,4.160000,4.190000,1291607
3.048887,4.050000,2005-10-14,4.210000,4.000000,4.200000,1084973
3.161809,4.200000,2005-10-17,4.210000,4.020000,4.060000,810237
3.176866,4.220000,2005-10-18,4.250000,4.170000,4.180000,1014616
3.101584,4.120000,2005-10-19,4.230000,4.090000,4.220000,1046643
3.101584,4.120000,2005-10-20,4.180000,4.000000,4.100000,787200
3.139225,4.170000,2005-10-21,4.180000,4.070000,4.110000,746479
3.146754,4.180000,2005-10-24,4.210000,4.110000,4.180000,533151
3.041360,4.040000,2005-10-25,4.180000,4.010000,4.180000,723800
2.966079,3.940000,2005-10-26,4.050000,3.940000,4.020000,747427
2.973607,3.950000,2005-10-27,3.960000,3.870000,3.940000,556854
2.740235,3.640000,2005-10-28,3.940000,3.580000,3.940000,1381747
2.732707,3.630000,2005-10-31,3.660000,3.580000,3.590000,429869
2.634841,3.500000,2005-11-01,3.630000,3.420000,3.610000,501290
2.680010,3.560000,2005-11-02,3.590000,3.500000,3.500000,520419
2.740235,3.640000,2005-11-03,3.650000,3.540000,3.560000,618230
2.717651,3.610000,2005-11-04,3.660000,3.560000,3.640000,230501
2.702595,3.590000,2005-11-07,3.620000,3.540000,3.610000,290890
2.785403,3.700000,2005-11-08,3.700000,3.560000,3.590000,522153
2.755291,3.660000,2005-11-09,3.680000,3.610000,3.660000,402220
2.642370,3.510000,2005-11-10,3.610000,3.470000,3.600000,430080
2.649898,3.520000,2005-11-11,3.560000,3.450000,3.500000,223789
2.672482,3.550000,2005-11-14,3.560000,3.460000,3.510000,284151
2.710123,3.600000,2005-11-15,3.690000,3.570000,3.590000,644002
2.747763,3.650000,2005-11-16,3.650000,3.550000,3.560000,312101
2.740235,3.640000,2005-11-17,3.660000,3.600000,3.630000,215759
2.770348,3.680000,2005-11-18,3.710000,3.620000,3.640000,813299
2.762819,3.670000,2005-11-21,3.740000,3.630000,3.680000,416800
2.672482,3.550000,2005-11-22,3.650000,3.550000,3.650000,426000
2.710123,3.600000,2005-11-23,3.600000,3.550000,3.550000,171113
2.695066,3.580000,2005-11-24,3.630000,3.570000,3.580000,196946
2.777876,3.690000,2005-11-25,3.690000,3.560000,3.580000,786021
2.732707,3.630000,2005-11-28,3.680000,3.620000,3.670000,374764
2.732707,3.630000,2005-11-29,3.630000,3.630000,3.630000,0
2.725178,3.620000,2005-11-30,3.650000,3.520000,3.550000,380804
2.717651,3.610000,2005-12-01,3.620000,3.560000,3.600000,119310
2.642370,3.510000,2005-12-02,3.610000,3.490000,3.550000,509510
2.604728,3.460000,2005-12-05,3.490000,3.410000,3.490000,207396
2.634841,3.500000,2005-12-06,3.520000,3.420000,3.430000,176067
2.664953,3.540000,2005-12-07,3.550000,3.480000,3.510000,126384
2.634841,3.500000,2005-12-08,3.540000,3.500000,3.530000,218400
2.664953,3.540000,2005-12-09,3.570000,3.500000,3.500000,219391
2.695066,3.580000,2005-12-12,3.600000,3.510000,3.530000,216112
2.702595,3.590000,2005-12-13,3.600000,3.550000,3.570000,132940
2.695066,3.580000,2005-12-14,3.620000,3.540000,3.540000,216090
2.702595,3.590000,2005-12-15,3.630000,3.570000,3.620000,277300
2.710123,3.600000,2005-12-16,3.600000,3.560000,3.580000,213050
2.717651,3.610000,2005-12-19,3.620000,3.570000,3.600000,237957
2.710123,3.600000,2005-12-20,3.600000,3.570000,3.580000,195699
2.672482,3.550000,2005-12-21,3.620000,3.550000,3.610000,201600
2.672482,3.550000,2005-12-22,3.570000,3.520000,3.520000,145240
2.710123,3.600000,2005-12-23,3.610000,3.540000,3.560000,294110
2.725178,3.620000,2005-12-26,3.640000,3.600000,3.620000,366959
2.740235,3.640000,2005-12-27,3.640000,3.590000,3.590000,221420
2.717651,3.610000,2005-12-28,3.640000,3.580000,3.640000,247799
2.755291,3.660000,2005-12-29,3.680000,3.600000,3.620000,691600
2.770348,3.680000,2005-12-30,3.770000,3.660000,3.690000,1292796
2.792932,3.710000,2006-01-04,3.710000,3.630000,3.680000,539483
2.815516,3.740000,2006-01-05,3.750000,3.660000,3.720000,564717
2.853156,3.790000,2006-01-06,3.830000,3.690000,3.720000,996155
2.905854,3.860000,2006-01-09,3.880000,3.750000,3.780000,866791
2.890797,3.840000,2006-01-10,3.860000,3.780000,3.860000,459200
2.853156,3.790000,2006-01-11,3.850000,3.780000,3.850000,715816
2.928438,3.890000,2006-01-12,3.920000,3.760000,3.780000,991249
2.928438,3.890000,2006-01-13,3.890000,3.890000,3.890000,0
2.838101,3.770000,2006-01-16,3.890000,3.760000,3.890000,699060
2.815516,3.740000,2006-01-17,3.820000,3.730000,3.770000,473000
2.883269,3.830000,2006-01-18,3.840000,3.740000,3.770000,633197
2.920910,3.880000,2006-01-19,3.890000,3.830000,3.850000,840470
2.920910,3.880000,2006-01-20,3.900000,3.840000,3.880000,710506
2.928438,3.890000,2006-01-23,3.900000,3.810000,3.880000,680640
2.935967,3.900000,2006-01-24,4.000000,3.860000,3.890000,831120
2.973607,3.950000,2006-01-25,3.950000,3.880000,3.900000,636063
3.011247,4.000000,2006-02-06,4.000000,3.950000,3.990000,899212
2.973607,3.950000,2006-02-07,4.040000,3.900000,4.000000,998643
3.003719,3.990000,2006-02-08,4.000000,3.910000,3.950000,640497
2.935967,3.900000,2006-02-09,4.000000,3.880000,3.980000,657900
2.988663,3.970000,2006-02-10,3.980000,3.860000,3.910000,896356
2.943494,3.910000,2006-02-13,3.970000,3.890000,3.960000,437295
2.973607,3.950000,2006-02-14,3.950000,3.910000,3.910000,367767
2.973607,3.950000,2006-02-15,3.970000,3.920000,3.970000,528161
2.868212,3.810000,2006-02-16,3.960000,3.750000,3.950000,702901
2.845629,3.780000,2006-02-17,3.840000,3.750000,3.800000,438430
2.875741,3.820000,2006-02-20,3.870000,3.770000,3.780000,351602
2.913381,3.870000,2006-02-21,3.880000,3.790000,3.850000,518220
2.890797,3.840000,2006-02-22,3.890000,3.830000,3.870000,332416
2.898325,3.850000,2006-02-23,3.880000,3.800000,3.860000,255529
2.905854,3.860000,2006-02-24,3.870000,3.830000,3.850000,313900
2.898325,3.850000,2006-02-27,3.900000,3.830000,3.880000,265000
2.966079,3.940000,2006-02-28,3.960000,3.800000,3.810000,641832
2.996191,3.980000,2006-03-01,4.010000,3.910000,3.950000,1428546
2.890797,3.840000,2006-03-02,4.010000,3.840000,3.980000,922300
2.868212,3.810000,2006-03-03,3.870000,3.780000,3.830000,456799
2.868212,3.810000,2006-03-06,3.840000,3.760000,3.810000,333199
2.815516,3.740000,2006-03-07,3.830000,3.730000,3.810000,329371
2.777876,3.690000,2006-03-08,3.740000,3.650000,3.740000,346511
2.777876,3.690000,2006-03-09,3.730000,3.670000,3.700000,309200
2.785403,3.700000,2006-03-10,3.750000,3.700000,3.700000,113498
2.785403,3.700000,2006-03-13,3.710000,3.660000,3.690000,213263
2.800460,3.720000,2006-03-14,3.730000,3.680000,3.700000,130223
2.807988,3.730000,2006-03-15,3.740000,3.700000,3.700000,193750
2.823044,3.750000,2006-03-16,3.760000,3.720000,3.720000,236313
2.815516,3.740000,2006-03-17,3.750000,3.700000,3.740000,184318
2.935967,3.900000,2006-03-20,3.930000,3.750000,3.750000,1572889
2.868212,3.810000,2006-03-21,3.920000,3.800000,3.920000,663249
2.898325,3.850000,2006-03-22,3.860000,3.780000,3.800000,378922
2.905854,3.860000,2006-03-23,3.870000,3.830000,3.840000,402387
2.883269,3.830000,2006-03-24,3.880000,3.820000,3.860000,356738
2.875741,3.820000,2006-03-27,3.830000,3.770000,3.780000,449707
2.935967,3.900000,2006-03-28,3.910000,3.800000,3.830000,568986
2.935967,3.900000,2006-03-29,3.950000,3.860000,3.880000,886673
2.913381,3.870000,2006-03-30,3.930000,3.820000,3.900000,765491
2.905854,3.860000,2006-03-31,3.890000,3.820000,3.830000,330403
2.905854,3.860000,2006-04-03,3.860000,3.860000,3.860000,0
2.905854,3.860000,2006-04-04,3.860000,3.860000,3.860000,0
2.905854,3.860000,2006-04-05,3.860000,3.860000,3.860000,0
2.905854,3.860000,2006-04-06,3.860000,3.860000,3.860000,0
2.905854,3.860000,2006-04-07,3.860000,3.860000,3.860000,0
2.905854,3.860000,2006-04-10,3.860000,3.860000,3.860000,0
2.905854,3.860000,2006-04-11,3.860000,3.860000,3.860000,0
2.905854,3.860000,2006-04-12,3.860000,3.860000,3.860000,0
3.101584,4.120000,2006-04-13,4.250000,4.110000,4.250000,4930743
3.109113,4.130000,2006-04-14,4.150000,4.010000,4.020000,2020169
3.297316,4.380000,2006-04-17,4.500000,4.110000,4.120000,6251878
3.297316,4.380000,2006-04-18,4.380000,4.380000,4.380000,0
3.297316,4.380000,2006-04-19,4.380000,4.380000,4.380000,0
3.297316,4.380000,2006-04-20,4.380000,4.380000,4.380000,0
3.297316,4.380000,2006-04-21,4.380000,4.380000,4.380000,0
3.297316,4.380000,2006-04-24,4.380000,4.380000,4.380000,0
3.297316,4.380000,2006-04-25,4.380000,4.380000,4.380000,0
3.297316,4.380000,2006-04-26,4.380000,4.380000,4.380000,0
3.297316,4.380000,2006-04-27,4.380000,4.380000,4.380000,0
3.297316,4.380000,2006-04-28,4.380000,4.380000,4.380000,0
3.297316,4.380000,2006-05-08,4.380000,4.380000,4.380000,0
3.297316,4.380000,2006-05-09,4.380000,4.380000,4.380000,0
3.297316,4.380000,2006-05-10,4.380000,4.380000,4.380000,0
3.297316,4.380000,2006-05-11,4.380000,4.380000,4.380000,0
3.297316,4.380000,2006-05-12,4.380000,4.380000,4.380000,0
3.297316,4.380000,2006-05-15,4.380000,4.380000,4.380000,0
2.920910,3.880000,2006-05-16,4.250000,3.800000,3.980000,11706785
3.124169,4.150000,2006-05-17,4.180000,3.860000,3.890000,9384340
3.041360,4.040000,2006-05-18,4.130000,3.950000,4.120000,4629038
3.154281,4.190000,2006-05-19,4.200000,3.980000,4.040000,6593510
3.350012,4.450000,2006-05-22,4.560000,4.130000,4.190000,8940631
3.079001,4.090000,2006-05-23,4.420000,4.080000,4.420000,5152338
3.041360,4.040000,2006-05-24,4.250000,3.900000,4.090000,3888445
3.063944,4.070000,2006-05-25,4.100000,3.940000,3.940000,1880972
3.094056,4.110000,2006-05-26,4.150000,4.010000,4.080000,2262226
3.124169,4.150000,2006-05-29,4.180000,4.060000,4.100000,2251281
3.259675,4.330000,2006-05-30,4.370000,4.070000,4.150000,4762506
3.199451,4.250000,2006-05-31,4.400000,4.240000,4.300000,6134777
3.282259,4.360000,2006-06-01,4.410000,4.240000,4.250000,4409339
3.229562,4.290000,2006-06-02,4.440000,4.250000,4.380000,4410579
3.259675,4.330000,2006-06-05,4.380000,4.200000,4.320000,2737157
3.357540,4.460000,2006-06-06,4.600000,4.330000,4.410000,5772347
3.056416,4.060000,2006-06-07,4.490000,4.050000,4.420000,3511326
3.124169,4.150000,2006-06-08,4.200000,3.990000,4.050000,2537942
2.973607,3.950000,2006-06-09,4.170000,3.950000,4.150000,1955169
2.951022,3.920000,2006-06-12,4.000000,3.860000,3.900000,1131787
2.943494,3.910000,2006-06-13,3.990000,3.850000,3.920000,1007172
2.898325,3.850000,2006-06-14,3.910000,3.820000,3.910000,1031093
2.913460,3.850000,2006-06-15,3.890000,3.800000,3.800000,640504
2.974000,3.930000,2006-06-16,3.950000,3.860000,3.860000,1001601
3.057241,4.040000,2006-06-19,4.060000,3.880000,3.880000,1446063
3.057241,4.040000,2006-06-20,4.060000,3.940000,4.040000,1150339
3.064809,4.050000,2006-06-21,4.090000,4.020000,4.040000,1122243
3.042107,4.020000,2006-06-22,4.080000,4.000000,4.040000,755060
3.095079,4.090000,2006-06-23,4.090000,4.000000,4.020000,1241706
3.253994,4.300000,2006-06-26,4.350000,4.090000,4.140000,2702145
3.208590,4.240000,2006-06-27,4.440000,4.230000,4.300000,1973707
3.208590,4.240000,2006-06-28,4.330000,4.230000,4.240000,1102707
3.306967,4.370000,2006-06-29,4.440000,4.260000,4.260000,2768294
3.352371,4.430000,2006-06-30,4.500000,4.320000,4.380000,4146526
3.556691,4.700000,2006-07-03,4.770000,4.400000,4.400000,6445741
3.586961,4.740000,2006-07-04,4.930000,4.600000,4.780000,5477860
3.579394,4.730000,2006-07-05,4.800000,4.600000,4.740000,2971961
3.602097,4.760000,2006-07-06,4.850000,4.720000,4.740000,2711027
3.518855,4.650000,2006-07-07,4.840000,4.620000,4.840000,3462852
3.647501,4.820000,2006-07-10,4.920000,4.720000,4.740000,4016821
3.564258,4.710000,2006-07-11,4.810000,4.660000,4.780000,2029110
3.571826,4.720000,2006-07-12,4.890000,4.680000,4.720000,3168284
3.412910,4.510000,2006-07-13,4.750000,4.470000,4.700000,5160866
3.412910,4.510000,2006-07-14,4.610000,4.420000,4.480000,2617123
3.458315,4.570000,2006-07-17,4.580000,4.430000,4.430000,1235305
3.465882,4.580000,2006-07-18,4.610000,4.480000,4.600000,957887
3.375073,4.460000,2006-07-19,4.590000,4.400000,4.590000,1418322
3.511287,4.640000,2006-07-20,4.670000,4.450000,4.460000,2094448
3.533990,4.670000,2006-07-21,4.770000,4.620000,4.700000,2014523
3.503720,4.630000,2006-07-24,4.680000,4.500000,4.630000,1067848
3.655068,4.830000,2006-07-25,4.900000,4.600000,4.600000,3571637
3.670203,4.850000,2006-07-26,4.890000,4.780000,4.840000,1794161
3.655068,4.830000,2006-07-27,5.100000,4.740000,4.860000,4044680
3.549124,4.690000,2006-07-28,4.850000,4.610000,4.820000,1486717
3.367506,4.450000,2006-07-31,4.700000,4.410000,4.610000,1535593
3.352371,4.430000,2006-08-01,4.590000,4.400000,4.500000,1355582
3.428045,4.530000,2006-08-02,4.560000,4.400000,4.400000,1216566
3.428045,4.530000,2006-08-03,4.580000,4.470000,4.550000,444564
3.405343,4.500000,2006-08-04,4.800000,4.470000,4.530000,2625020
3.503720,4.630000,2006-08-07,4.680000,4.480000,4.490000,1977847
3.594529,4.750000,2006-08-08,4.790000,4.610000,4.650000,2668305
3.602097,4.760000,2006-08-09,4.830000,4.700000,4.750000,2104678
3.768579,4.980000,2006-08-10,5.240000,4.880000,5.240000,9496543
3.783714,5.000000,2006-08-11,5.030000,4.830000,4.900000,5044836
3.602097,4.760000,2006-08-14,5.020000,4.710000,4.960000,3183215
3.655068,4.830000,2006-08-15,4.840000,4.620000,4.750000,1394460
3.761012,4.970000,2006-08-16,4.990000,4.740000,4.820000,2201266
3.662636,4.840000,2006-08-17,4.930000,4.800000,4.920000,1506312
3.821552,5.050000,2006-08-18,5.090000,4.880000,4.880000,4956599
4.010737,5.300000,2006-08-21,5.340000,4.800000,4.870000,6116502
3.935063,5.200000,2006-08-22,5.350000,5.130000,5.280000,4924878
3.889658,5.140000,2006-08-23,5.240000,5.100000,5.200000,2822244
4.041008,5.340000,2006-08-24,5.350000,5.090000,5.120000,4829897
3.965333,5.240000,2006-08-25,5.380000,5.170000,5.290000,3735982
4.063710,5.370000,2006-08-28,5.390000,5.200000,5.290000,3970116
3.919928,5.180000,2006-08-29,5.380000,5.180000,5.380000,4194870
3.965333,5.240000,2006-08-30,5.270000,5.110000,5.150000,2718229
3.912361,5.170000,2006-08-31,5.240000,5.120000,5.210000,2078192
3.889658,5.140000,2006-09-01,5.190000,5.050000,5.170000,2077781
3.957766,5.230000,2006-09-04,5.280000,5.120000,5.130000,2036038
3.927495,5.190000,2006-09-05,5.230000,5.140000,5.200000,1635294
4.063710,5.370000,2006-09-06,5.370000,5.150000,5.190000,3933513
3.942631,5.210000,2006-09-07,5.420000,5.180000,5.400000,1777804
3.912361,5.170000,2006-09-08,5.250000,5.140000,5.190000,1499751
3.972900,5.250000,2006-09-11,5.280000,5.120000,5.170000,1081056
3.957766,5.230000,2006-09-12,5.260000,5.180000,5.250000,1259713
3.950197,5.220000,2006-09-13,5.330000,5.190000,5.250000,1544693
3.783714,5.000000,2006-09-14,5.230000,4.980000,5.230000,3821570
3.798849,5.020000,2006-09-15,5.080000,4.960000,5.000000,1917230
3.874524,5.120000,2006-09-18,5.170000,4.980000,5.030000,2121514
3.988035,5.270000,2006-09-19,5.370000,5.130000,5.130000,4883664
4.018304,5.310000,2006-09-20,5.350000,5.220000,5.270000,3689062
4.184789,5.530000,2006-09-21,5.580000,5.290000,5.330000,7436023
4.268030,5.640000,2006-09-22,5.770000,5.480000,5.500000,5850548
4.298298,5.680000,2006-09-25,5.740000,5.550000,5.650000,3506203
4.411811,5.830000,2006-09-26,6.160000,5.830000,5.870000,7755971
4.759913,6.290000,2006-09-27,6.380000,5.770000,5.790000,10891461
4.653969,6.150000,2006-09-28,6.270000,6.050000,6.270000,6466527
4.623699,6.110000,2006-09-29,6.290000,6.100000,6.130000,4539062
4.684239,6.190000,2006-10-09,6.350000,6.130000,6.180000,4207182
4.661537,6.160000,2006-10-10,6.360000,6.130000,6.220000,4012041
4.676671,6.180000,2006-10-11,6.190000,6.030000,6.160000,2912856
4.661537,6.160000,2006-10-12,6.230000,6.050000,6.150000,2188945
4.873425,6.440000,2006-10-13,6.510000,6.100000,6.160000,6168380
4.850721,6.410000,2006-10-16,6.600000,6.320000,6.440000,4389552
4.653969,6.150000,2006-10-17,6.470000,6.100000,6.450000,6104956
4.646402,6.140000,2006-10-18,6.190000,6.060000,6.150000,2956305
4.631267,6.120000,2006-10-19,6.190000,6.080000,6.160000,2575214
4.525322,5.980000,2006-10-20,6.150000,5.920000,6.130000,3751626
4.532890,5.990000,2006-10-23,6.090000,5.930000,5.980000,2404864
4.638834,6.130000,2006-10-24,6.150000,5.970000,6.000000,3162019
4.593430,6.070000,2006-10-25,6.200000,5.970000,6.150000,2566198
4.479918,5.920000,2006-10-26,6.100000,5.880000,6.080000,2420787
4.366407,5.770000,2006-10-27,5.960000,5.760000,5.910000,2104914
4.487485,5.930000,2006-10-30,5.940000,5.700000,5.770000,1770110
4.510188,5.960000,2006-10-31,6.020000,5.880000,5.900000,1776446
4.472351,5.910000,2006-11-01,5.960000,5.850000,5.960000,1347932
4.404244,5.820000,2006-11-02,5.950000,5.790000,5.920000,1457658
4.426946,5.850000,2006-11-03,5.950000,5.780000,5.820000,1396025
4.321002,5.710000,2006-11-06,5.820000,5.690000,5.790000,2411489
4.260462,5.630000,2006-11-07,5.790000,5.590000,5.710000,2760852
4.283165,5.660000,2006-11-08,5.750000,5.610000,5.630000,1715057
4.426946,5.850000,2006-11-09,5.870000,5.640000,5.660000,2756834
4.298298,5.680000,2006-11-10,5.880000,5.600000,5.860000,2992956
4.109114,5.430000,2006-11-13,5.740000,5.420000,5.660000,2069379
4.041008,5.340000,2006-11-14,5.500000,5.160000,5.430000,3418826
4.078845,5.390000,2006-11-15,5.410000,5.190000,5.360000,2007051
3.957766,5.230000,2006-11-16,5.430000,5.210000,5.390000,3434125
4.010737,5.300000,2006-11-17,5.300000,5.140000,5.200000,2468650
4.169654,5.510000,2006-11-20,5.520000,5.230000,5.300000,3794695
4.169654,5.510000,2006-11-21,5.590000,5.320000,5.500000,2885779
4.358839,5.760000,2006-11-22,5.930000,5.620000,5.620000,9516197
4.411811,5.830000,2006-11-23,5.920000,5.760000,5.790000,4652057
4.570727,6.040000,2006-11-24,6.110000,5.750000,5.830000,7992837
4.661537,6.160000,2006-11-27,6.250000,5.950000,6.040000,5522522
4.608564,6.090000,2006-11-28,6.160000,6.020000,6.160000,4087088
4.608564,6.090000,2006-11-29,6.160000,5.900000,6.030000,4004984
4.661537,6.160000,2006-11-30,6.200000,6.060000,6.110000,5642761
4.623699,6.110000,2006-12-01,6.200000,6.060000,6.180000,4224635
4.722075,6.240000,2006-12-04,6.300000,6.040000,6.080000,7058580
5.115582,6.760000,2006-12-05,6.860000,6.220000,6.280000,13239148
4.926396,6.510000,2006-12-06,6.780000,6.300000,6.750000,9215851
5.229094,6.910000,2006-12-07,7.110000,6.480000,6.500000,12187648
5.130718,6.780000,2006-12-08,7.300000,6.690000,6.770000,12961796
5.539358,7.320000,2006-12-11,7.350000,6.830000,6.830000,9650852
5.410712,7.150000,2006-12-12,7.540000,7.070000,7.320000,9370666
5.251796,6.940000,2006-12-13,7.140000,6.800000,7.140000,8279998
5.304768,7.010000,2006-12-14,7.100000,6.840000,6.900000,5345329
5.266931,6.960000,2006-12-15,7.080000,6.800000,7.010000,6099403
5.478818,7.240000,2006-12-18,7.270000,6.930000,6.980000,8274964
5.312335,7.020000,2006-12-19,7.260000,6.850000,7.240000,6216539
5.251796,6.940000,2006-12-20,6.980000,6.830000,6.960000,5340203
5.229094,6.910000,2006-12-21,7.080000,6.900000,6.940000,4921942
5.077745,6.710000,2006-12-22,6.880000,6.700000,6.870000,4441027
5.115582,6.760000,2006-12-25,6.880000,6.710000,6.710000,5323402
5.176122,6.840000,2006-12-26,6.890000,6.720000,6.760000,4833775
5.108014,6.750000,2006-12-27,6.890000,6.690000,6.860000,3913766
4.911261,6.490000,2006-12-28,6.750000,6.390000,6.740000,5455369
5.039908,6.660000,2006-12-29,6.740000,6.520000,6.520000,4378360
5.168554,6.830000,2007-01-04,6.980000,6.670000,6.790000,5746921
5.372875,7.100000,2007-01-05,7.150000,6.760000,6.800000,7760982
5.607465,7.410000,2007-01-08,7.420000,7.080000,7.140000,8012105
5.615033,7.420000,2007-01-09,7.480000,7.250000,7.460000,6580344
5.736111,7.580000,2007-01-10,7.590000,7.250000,7.410000,7418929
5.789083,7.650000,2007-01-11,7.970000,7.580000,7.590000,9235470
5.403144,7.140000,2007-01-12,7.740000,7.130000,7.600000,6513054
5.637734,7.450000,2007-01-15,7.450000,7.080000,7.100000,5772093
5.796651,7.660000,2007-01-16,7.670000,7.450000,7.500000,6880413
5.524223,7.300000,2007-01-17,7.930000,7.230000,7.760000,10729903
5.516655,7.290000,2007-01-18,7.320000,6.940000,7.200000,8444492
5.826920,7.700000,2007-01-19,7.720000,7.260000,7.260000,9629577
6.409614,8.470000,2007-01-22,8.470000,7.880000,7.920000,16438332
6.659337,8.800000,2007-01-23,9.100000,8.350000,8.630000,16121617
7.067979,9.340000,2007-01-24,9.580000,8.580000,8.680000,14837399
7.559861,9.990000,2007-01-25,10.270000,9.100000,9.560000,20687670
7.385810,9.760000,2007-01-26,9.990000,9.050000,9.990000,12424000
7.582565,10.020000,2007-01-29,10.150000,9.760000,9.880000,10757904
7.264731,9.600000,2007-01-30,10.100000,9.550000,10.060000,8311410
6.765281,8.940000,2007-01-31,9.520000,8.900000,9.500000,7605559
6.772849,8.950000,2007-02-01,8.970000,8.350000,8.850000,6479924
6.553393,8.660000,2007-02-02,9.100000,8.610000,8.950000,4488793
6.644202,8.780000,2007-02-05,8.960000,8.560000,8.610000,3451770
7.015007,9.270000,2007-02-06,9.280000,8.850000,8.870000,4857577
6.962033,9.200000,2007-02-07,9.430000,9.020000,9.300000,5077674
7.052845,9.320000,2007-02-08,9.330000,9.020000,9.200000,4738832
6.984736,9.230000,2007-02-09,9.370000,9.110000,9.370000,3017314
7.151220,9.450000,2007-02-12,9.510000,9.230000,9.320000,4236551
7.325271,9.680000,2007-02-13,9.730000,9.500000,9.530000,4651502
7.726346,10.210000,2007-02-14,10.250000,9.740000,9.740000,8121418
7.809586,10.320000,2007-02-15,10.500000,10.120000,10.360000,8604691
7.749047,10.240000,2007-02-16,10.500000,10.170000,10.380000,7568671
8.203093,10.840000,2007-02-26,10.950000,10.150000,10.240000,7275306
7.385810,9.760000,2007-02-27,11.080000,9.760000,10.800000,9698950
7.688508,10.160000,2007-02-28,10.230000,9.420000,9.500000,6734484
7.257164,9.590000,2007-03-01,10.230000,9.500000,10.190000,6148819
7.431214,9.820000,2007-03-02,9.940000,9.570000,9.580000,4120048
7.559861,9.990000,2007-03-05,10.110000,9.600000,9.910000,5210835
7.574997,10.010000,2007-03-06,10.060000,9.800000,10.000000,3731179
7.749047,10.240000,2007-03-07,10.270000,10.000000,10.060000,4662168
8.150122,10.770000,2007-03-08,10.850000,10.100000,10.100000,7836552
8.248497,10.900000,2007-03-09,11.160000,10.670000,10.770000,9326513
8.838755,11.680000,2007-03-12,11.780000,10.900000,10.900000,9284885
8.642005,11.420000,2007-03-13,11.900000,11.380000,11.710000,7263100
8.407413,11.110000,2007-03-14,11.400000,10.800000,11.290000,6183465
8.687407,11.480000,2007-03-15,11.580000,11.010000,11.010000,4833592
8.430117,11.140000,2007-03-16,11.650000,11.020000,11.500000,4989273
8.513357,11.250000,2007-03-19,11.550000,10.600000,10.770000,4830618
9.126320,12.060000,2007-03-20,12.230000,11.260000,11.260000,8302339
9.232264,12.200000,2007-03-21,12.400000,11.880000,12.100000,6074910
9.096051,12.020000,2007-03-22,12.480000,11.970000,12.400000,6531282
9.096051,12.020000,2007-03-23,12.020000,12.020000,12.020000,0
9.315505,12.310000,2007-03-26,12.470000,12.080000,12.260000,7124732
9.822521,12.980000,2007-03-27,13.480000,12.300000,12.500000,11941960
9.633337,12.730000,2007-03-28,13.180000,12.220000,13.110000,11015973
9.262534,12.240000,2007-03-29,12.800000,12.220000,12.740000,8168465
9.466853,12.510000,2007-03-30,12.670000,12.250000,12.300000,4715296
9.701443,12.820000,2007-04-02,12.860000,12.550000,12.630000,5416450
9.709011,12.830000,2007-04-03,12.950000,12.700000,12.920000,4822300
9.633337,12.730000,2007-04-04,12.890000,12.620000,12.850000,5192693
9.898197,13.080000,2007-04-05,13.090000,12.650000,12.730000,6932886
10.057114,13.290000,2007-04-06,13.390000,12.880000,13.000000,6729535
10.057114,13.290000,2007-04-09,13.530000,13.210000,13.460000,7331304
9.996573,13.210000,2007-04-10,13.350000,12.880000,13.290000,7790311
10.284137,13.590000,2007-04-11,13.600000,13.080000,13.250000,8875767
10.609535,14.020000,2007-04-12,14.070000,13.620000,13.700000,9822180
10.412783,13.760000,2007-04-13,14.130000,13.700000,14.020000,8195321
10.723046,14.170000,2007-04-16,14.220000,13.750000,13.760000,6787890
10.859261,14.350000,2007-04-17,14.450000,13.910000,14.260000,7407020
11.691678,15.450000,2007-04-18,15.640000,14.360000,14.370000,10563814
10.760884,14.220000,2007-04-19,15.450000,13.910000,15.450000,11610743
10.760884,14.220000,2007-04-20,14.220000,14.220000,14.220000,0
11.600869,15.330000,2007-04-23,15.580000,15.150000,15.500000,13113924
10.881963,14.380000,2007-04-24,14.800000,13.960000,14.760000,27781139
10.216028,13.500000,2007-04-25,14.150000,13.210000,14.150000,17880115
10.503592,13.880000,2007-04-26,13.950000,13.210000,13.460000,15818623
10.140354,13.400000,2007-04-27,13.850000,13.360000,13.850000,7657327
9.648472,12.750000,2007-04-30,13.290000,12.510000,13.290000,13199708
9.648472,12.750000,2007-05-03,13.290000,12.510000,13.290000,0
9.648472,12.750000,2007-05-04,13.290000,12.510000,13.290000,0
9.996573,13.210000,2007-05-08,13.350000,12.780000,12.780000,10421665
10.140354,13.400000,2007-05-09,13.420000,12.960000,13.220000,11942489
10.496024,13.870000,2007-05-10,13.950000,13.460000,13.460000,13809855
10.412783,13.760000,2007-05-11,13.950000,13.500000,13.900000,8351258
10.685209,14.120000,2007-05-14,14.200000,13.370000,13.600000,13275119
10.178192,13.450000,2007-05-15,14.390000,13.450000,14.270000,15064445
10.246298,13.540000,2007-05-16,13.590000,13.060000,13.410000,6599213
10.329539,13.650000,2007-05-17,13.650000,13.410000,13.570000,7968031
10.094951,13.340000,2007-05-18,13.670000,13.290000,13.660000,6666077
10.049545,13.280000,2007-05-21,13.490000,12.500000,12.500000,7577462
10.276567,13.580000,2007-05-22,13.680000,13.300000,13.300000,9447723
10.715480,14.160000,2007-05-23,14.200000,13.600000,13.610000,13830859
10.458188,13.820000,2007-05-24,14.350000,13.600000,14.300000,11503820
10.760884,14.220000,2007-05-25,14.350000,13.820000,13.820000,14546442
10.972771,14.500000,2007-05-28,14.790000,14.300000,14.500000,15795370
11.040879,14.590000,2007-05-29,14.700000,14.260000,14.600000,13599252
9.936034,13.130000,2007-05-30,14.500000,13.130000,13.950000,10458048
9.239831,12.210000,2007-05-31,13.000000,11.820000,12.600000,10635725
8.316605,10.990000,2007-06-01,12.450000,10.990000,12.210000,8731445
7.484188,9.890000,2007-06-04,10.890000,9.890000,10.890000,6308844
7.620401,10.070000,2007-06-05,10.090000,8.900000,9.110000,9340729
7.559861,9.990000,2007-06-06,10.250000,9.600000,10.150000,7585166
8.104719,10.710000,2007-06-07,10.800000,10.000000,10.000000,8260320
8.914431,11.780000,2007-06-08,11.780000,11.000000,11.000000,13299833
9.807388,12.960000,2007-06-11,12.960000,12.250000,12.740000,14697631
10.435484,13.790000,2007-06-12,14.100000,12.710000,13.100000,13268617
10.806289,14.280000,2007-06-13,14.300000,13.520000,13.900000,18632804
10.037772,12.800000,2007-06-14,13.450000,12.500000,13.400000,8454415
9.504517,12.120000,2007-06-15,12.780000,11.850000,12.290000,8825651
9.598621,12.240000,2007-06-18,12.480000,12.060000,12.100000,7439524
9.708409,12.380000,2007-06-19,12.700000,12.280000,12.400000,6233441
9.120255,11.630000,2007-06-20,12.470000,11.430000,12.390000,7742473
9.049680,11.540000,2007-06-21,11.600000,11.050000,11.580000,7062689
8.249794,10.520000,2007-06-22,11.680000,10.390000,11.270000,5745010
7.575381,9.660000,2007-06-25,10.900000,9.500000,10.700000,5433626
8.336056,10.630000,2007-06-26,10.630000,9.000000,9.000000,8434993
8.971258,11.440000,2007-06-27,11.690000,10.800000,10.940000,11508412
8.077270,10.300000,2007-06-28,11.510000,10.300000,11.500000,6785047
7.606750,9.700000,2007-06-29,10.260000,9.450000,9.800000,5177403
7.991008,10.190000,2007-07-02,10.200000,9.600000,9.660000,4053799
7.904746,10.080000,2007-07-03,10.380000,9.800000,10.290000,2560848
7.669485,9.780000,2007-07-04,10.250000,9.730000,10.090000,1924837
6.924494,8.830000,2007-07-05,9.690000,8.800000,9.690000,4130956
7.363647,9.390000,2007-07-06,9.420000,8.780000,8.860000,4525403
7.653802,9.760000,2007-07-09,9.850000,9.260000,9.400000,4071694
7.175438,9.150000,2007-07-10,9.770000,9.090000,9.770000,3550386
7.230333,9.220000,2007-07-11,9.350000,8.980000,9.090000,2028049
7.316597,9.330000,2007-07-12,9.440000,9.150000,9.220000,2444916
7.269542,9.270000,2007-07-13,9.340000,9.050000,9.330000,1365854
6.979388,8.900000,2007-07-16,9.300000,8.880000,9.200000,1936077
7.206808,9.190000,2007-07-17,9.300000,8.930000,8.930000,2026190
7.238175,9.230000,2007-07-18,9.330000,9.050000,9.190000,2271557
7.332279,9.350000,2007-07-19,9.500000,9.220000,9.280000,2202378
7.763588,9.900000,2007-07-20,9.900000,9.360000,9.360000,5757935
7.998849,10.200000,2007-07-23,10.320000,9.900000,9.900000,6130900
7.920429,10.100000,2007-07-24,10.350000,9.990000,10.210000,5505122
8.038059,10.250000,2007-07-25,10.270000,10.050000,10.110000,4027665
8.281163,10.560000,2007-07-26,10.760000,10.160000,10.280000,5566572
8.241953,10.510000,2007-07-27,10.600000,10.250000,10.500000,4098080
8.430161,10.750000,2007-07-30,10.960000,10.510000,10.510000,5383791
8.312530,10.600000,2007-07-31,10.900000,10.440000,10.620000,4438036
7.991008,10.190000,2007-08-01,10.930000,10.150000,10.580000,7118106
8.532106,10.880000,2007-08-02,10.920000,10.150000,10.310000,7761067
9.386886,11.970000,2007-08-03,11.970000,11.160000,11.160000,17012650
9.614305,12.260000,2007-08-06,13.170000,12.010000,12.400000,18788369
9.198677,11.730000,2007-08-07,12.080000,11.600000,12.080000,8177360
8.790894,11.210000,2007-08-08,11.520000,11.040000,11.520000,5378637
8.869315,11.310000,2007-08-09,11.570000,11.050000,11.190000,3780218
8.869315,11.310000,2007-08-10,11.310000,11.310000,11.310000,0
8.853627,11.290000,2007-08-13,11.490000,10.440000,11.140000,5229149
8.532106,10.880000,2007-08-14,11.000000,10.580000,10.590000,7818457
8.234109,10.500000,2007-08-15,10.940000,10.250000,10.780000,5455498
8.359582,10.660000,2007-08-16,10.780000,10.270000,10.400000,4216843
8.210584,10.470000,2007-08-17,10.830000,10.450000,10.600000,3435406
8.814419,11.240000,2007-08-20,11.300000,10.550000,10.550000,6783437
8.618367,10.990000,2007-08-21,11.470000,10.930000,11.160000,5441625
8.626211,11.000000,2007-08-22,11.100000,10.760000,10.840000,5328376
8.618367,10.990000,2007-08-23,11.300000,10.880000,11.220000,5192833
8.500740,10.840000,2007-08-24,11.090000,10.800000,10.990000,4892792
8.257635,10.530000,2007-08-27,10.990000,10.520000,10.970000,5601224
8.187057,10.440000,2007-08-28,10.590000,10.250000,10.480000,3784248
8.281163,10.560000,2007-08-29,10.840000,10.410000,10.460000,3380453
8.524264,10.870000,2007-08-30,10.880000,10.520000,10.520000,3669159
8.571316,10.930000,2007-08-31,10.980000,10.800000,10.910000,4940192
8.869315,11.310000,2007-09-03,11.360000,10.980000,10.980000,8464571
8.602683,10.970000,2007-09-04,11.450000,10.960000,11.360000,4883091
9.088889,11.590000,2007-09-05,11.600000,10.900000,11.010000,8372646
8.939891,11.400000,2007-09-06,11.650000,11.380000,11.590000,5938500
8.539948,10.890000,2007-09-07,11.300000,10.870000,11.300000,4761110
8.500740,10.840000,2007-09-10,10.980000,10.480000,10.790000,3649154
7.779274,9.920000,2007-09-11,10.830000,9.880000,10.650000,5712151
8.022375,10.230000,2007-09-12,10.320000,9.700000,9.900000,3452426
8.045901,10.260000,2007-09-13,10.400000,10.050000,10.230000,2683270
8.014534,10.220000,2007-09-14,10.340000,10.000000,10.260000,2719757
8.241953,10.510000,2007-09-17,10.680000,10.050000,10.240000,4363651
8.085113,10.310000,2007-09-18,10.610000,10.150000,10.510000,2932892
8.077270,10.300000,2007-09-19,10.500000,10.200000,10.310000,2701729
8.085113,10.310000,2007-09-20,10.480000,10.180000,10.300000,2594241
7.943956,10.130000,2007-09-21,10.380000,9.900000,10.320000,2385444
7.834168,9.990000,2007-09-24,10.140000,9.850000,10.130000,2198544
7.881221,10.050000,2007-09-25,10.240000,9.940000,9.990000,1885782
7.747906,9.880000,2007-09-26,10.120000,9.780000,10.110000,1573604
7.669485,9.780000,2007-09-27,9.920000,9.690000,9.900000,1801467
7.826323,9.980000,2007-09-28,10.050000,9.810000,9.810000,1771817
8.116481,10.350000,2007-10-08,10.470000,10.050000,10.070000,6146774
8.124321,10.360000,2007-10-09,10.440000,10.210000,10.360000,3280553
7.991008,10.190000,2007-10-10,10.890000,10.170000,10.360000,3677899
7.794956,9.940000,2007-10-11,10.300000,9.900000,10.180000,2449990
7.395015,9.430000,2007-10-12,9.950000,9.080000,9.950000,3515022
7.230333,9.220000,2007-10-15,9.540000,9.050000,9.460000,2720209
7.379331,9.410000,2007-10-16,9.450000,9.100000,9.310000,1803244
7.379331,9.410000,2007-10-17,9.420000,9.250000,9.410000,1544680
7.253859,9.250000,2007-10-18,9.490000,9.180000,9.410000,1524199
7.214648,9.200000,2007-10-19,9.420000,9.160000,9.290000,1099600
7.363647,9.390000,2007-10-22,9.630000,9.100000,9.200000,2222465
7.332279,9.350000,2007-10-23,9.470000,9.100000,9.410000,1194485
7.167597,9.140000,2007-10-24,9.400000,9.100000,9.350000,1336948
6.453973,8.230000,2007-10-25,8.800000,8.230000,8.700000,3029557
6.218713,7.930000,2007-10-26,8.060000,7.730000,7.820000,2315515
6.328502,8.070000,2007-10-29,8.120000,7.770000,7.910000,1350579
6.422605,8.190000,2007-10-30,8.220000,7.920000,8.110000,1597103
6.697076,8.540000,2007-10-31,8.600000,8.190000,8.220000,2608083
6.555920,8.360000,2007-11-01,8.650000,8.240000,8.550000,2187249
6.344185,8.090000,2007-11-02,8.430000,7.980000,8.300000,1721443
6.453973,8.230000,2007-11-05,8.280000,7.900000,8.000000,1236480
6.516710,8.310000,2007-11-06,8.490000,8.200000,8.250000,1042028
6.453973,8.230000,2007-11-07,8.390000,8.100000,8.360000,829918
6.179503,7.880000,2007-11-08,8.250000,7.880000,8.230000,1473989
6.203029,7.910000,2007-11-09,7.970000,7.710000,7.900000,1112051
6.069715,7.740000,2007-11-12,7.890000,7.500000,7.890000,1376030
6.273608,8.000000,2007-11-13,8.140000,7.760000,7.760000,2176505
6.493185,8.280000,2007-11-14,8.350000,7.920000,8.090000,3319970
6.328502,8.070000,2007-11-15,8.250000,8.050000,8.190000,1702627
6.446133,8.220000,2007-11-16,8.300000,8.000000,8.030000,1476313
6.618656,8.440000,2007-11-19,8.500000,8.220000,8.220000,2141136
6.689233,8.530000,2007-11-20,8.640000,8.360000,8.400000,2273153
6.744128,8.600000,2007-11-21,8.800000,8.460000,8.600000,3746904
6.375554,8.130000,2007-11-22,8.570000,8.080000,8.540000,1934983
6.406922,8.170000,2007-11-23,8.250000,8.000000,8.080000,1436088
6.289293,8.020000,2007-11-26,8.300000,7.980000,8.270000,1827566
6.297132,8.030000,2007-11-27,8.140000,7.930000,8.000000,1133702
6.297132,8.030000,2007-11-28,8.150000,7.980000,8.050000,872229
6.430447,8.200000,2007-11-29,8.280000,8.000000,8.080000,1908277
6.367712,8.120000,2007-11-30,8.350000,8.050000,8.210000,1430915
6.430447,8.200000,2007-12-03,8.250000,8.000000,8.070000,1058715
6.485342,8.270000,2007-12-04,8.340000,8.190000,8.210000,1394797
6.579446,8.390000,2007-12-05,8.440000,8.220000,8.310000,2066493
6.916652,8.820000,2007-12-06,8.900000,8.500000,8.500000,8067462
6.924494,8.830000,2007-12-07,8.850000,8.600000,8.600000,3052398
7.042124,8.980000,2007-12-10,8.990000,8.700000,8.830000,3800301
7.120544,9.080000,2007-12-11,9.260000,8.910000,8.930000,4033137
7.112705,9.070000,2007-12-12,9.250000,9.010000,9.100000,3093032
6.987230,8.910000,2007-12-13,9.140000,8.800000,8.960000,3444685
7.034283,8.970000,2007-12-14,8.970000,8.660000,8.870000,2002785
7.097017,9.050000,2007-12-17,9.060000,8.920000,9.000000,2073649
7.010756,8.940000,2007-12-18,9.180000,8.930000,9.020000,1445154
7.167597,9.140000,2007-12-19,9.170000,8.970000,9.000000,2243245
7.293069,9.300000,2007-12-20,9.400000,9.100000,9.100000,3147908
7.308753,9.320000,2007-12-21,9.350000,9.150000,9.200000,1879522
7.567538,9.650000,2007-12-24,9.790000,9.330000,9.330000,4227284
7.732221,9.860000,2007-12-25,9.990000,9.520000,9.650000,4257366
8.100795,10.330000,2007-12-26,10.380000,9.820000,9.850000,4846122
8.132163,10.370000,2007-12-27,10.740000,10.300000,10.480000,5816110
8.140007,10.380000,2007-12-28,10.520000,10.300000,10.350000,3060562
8.845787,11.280000,2008-01-02,11.280000,10.420000,10.420000,5915286
8.955576,11.420000,2008-01-03,11.630000,11.070000,11.150000,5193409
9.402570,11.990000,2008-01-04,12.020000,11.310000,11.450000,6378799
9.778988,12.470000,2008-01-07,12.820000,11.980000,12.000000,6780716
9.316306,11.880000,2008-01-08,12.600000,11.700000,12.470000,6370878
9.520200,12.140000,2008-01-09,12.300000,11.700000,11.780000,3635803
9.347673,11.920000,2008-01-10,12.480000,11.880000,12.160000,3840345
9.339833,11.910000,2008-01-11,12.100000,11.600000,12.000000,2886314
9.543725,12.170000,2008-01-14,12.470000,11.990000,11.990000,3164027
9.512358,12.130000,2008-01-15,12.300000,11.940000,12.180000,2616300
9.175152,11.700000,2008-01-16,12.130000,11.650000,12.080000,2571701
8.751683,11.160000,2008-01-17,11.880000,10.800000,11.600000,3994891
8.884997,11.330000,2008-01-18,11.480000,11.060000,11.150000,2015474
8.932050,11.390000,2008-01-21,11.650000,11.160000,11.400000,2752605
8.038059,10.250000,2008-01-22,11.050000,10.250000,11.020000,3612327
8.281163,10.560000,2008-01-23,10.730000,9.900000,10.280000,3059448
8.524264,10.870000,2008-01-24,11.100000,10.330000,10.790000,2477154
8.587000,10.950000,2008-01-25,11.090000,10.650000,10.900000,2704618
8.336056,10.630000,2008-01-28,11.380000,10.300000,11.100000,3786071
8.508580,10.850000,2008-01-29,11.080000,10.700000,10.850000,1860480
8.696790,11.090000,2008-01-30,11.360000,10.550000,11.100000,3181362
8.375267,10.680000,2008-01-31,11.200000,10.560000,11.110000,1598505
7.747906,9.880000,2008-02-01,10.790000,9.610000,10.790000,2489693
8.312530,10.600000,2008-02-04,10.650000,10.010000,10.010000,1898631
8.312530,10.600000,2008-02-05,10.690000,10.420000,10.510000,1023031
8.257635,10.530000,2008-02-13,10.680000,10.310000,10.680000,739699
8.390950,10.700000,2008-02-14,10.870000,10.520000,10.530000,717976
8.289004,10.570000,2008-02-15,10.770000,10.420000,10.600000,899110
8.602683,10.970000,2008-02-18,11.090000,10.680000,10.720000,2164163
8.704630,11.100000,2008-02-19,11.230000,10.920000,11.060000,1834778
8.618367,10.990000,2008-02-20,11.330000,10.930000,11.080000,1772091
8.720316,11.120000,2008-02-21,11.200000,10.710000,10.780000,1628885
8.681105,11.070000,2008-02-22,11.200000,10.810000,11.050000,1642816
8.234109,10.500000,2008-02-25,11.020000,10.490000,11.000000,1316986
8.312530,10.600000,2008-02-26,10.900000,10.200000,10.650000,1273711
8.508580,10.850000,2008-02-27,10.880000,10.520000,10.600000,1022913
9.363358,11.940000,2008-02-28,11.940000,11.050000,11.050000,13794796
9.410412,12.000000,2008-02-29,12.080000,11.650000,11.890000,11329534
9.622146,12.270000,2008-03-03,12.530000,11.810000,11.980000,9548578
9.457462,12.060000,2008-03-04,12.800000,12.000000,12.420000,9212139
9.214362,11.750000,2008-03-05,12.200000,11.500000,12.070000,5654013
9.292780,11.850000,2008-03-06,12.190000,11.630000,11.790000,4812100
8.900681,11.350000,2008-03-07,11.780000,11.260000,11.780000,3136321
8.390950,10.700000,2008-03-10,11.260000,10.600000,11.260000,3158929
8.500740,10.840000,2008-03-11,10.920000,10.300000,10.570000,2098728
8.171375,10.420000,2008-03-12,11.110000,10.410000,11.060000,1611061
7.834168,9.990000,2008-03-13,10.400000,9.830000,10.290000,2460309
8.006691,10.210000,2008-03-14,10.220000,9.700000,9.930000,1224572
7.269542,9.270000,2008-03-17,10.200000,9.190000,10.030000,2063854
6.563763,8.370000,2008-03-18,9.000000,8.340000,8.700000,2467519
6.893126,8.790000,2008-03-19,9.000000,8.440000,8.560000,2083170
7.073494,9.020000,2008-03-20,9.210000,8.200000,8.600000,2412241
7.151912,9.120000,2008-03-21,9.320000,8.880000,9.020000,1914317
6.853916,8.740000,2008-03-24,9.350000,8.620000,9.280000,2103700
7.536170,9.610000,2008-03-25,9.610000,8.600000,8.780000,4598909
7.434224,9.480000,2008-03-26,9.780000,9.300000,9.710000,2584714
6.963705,8.880000,2008-03-27,9.250000,8.770000,9.250000,1796885
7.159754,9.130000,2008-03-28,9.180000,8.480000,8.660000,1346424
6.995074,8.920000,2008-03-31,9.180000,8.580000,8.810000,1256540
6.328502,8.070000,2008-04-01,9.000000,8.030000,8.920000,2318005
6.195187,7.900000,2008-04-02,8.500000,7.790000,8.200000,1941622
6.250082,7.970000,2008-04-03,8.260000,7.600000,7.950000,1042119
6.555920,8.360000,2008-04-07,8.450000,7.970000,8.000000,1643828
6.893126,8.790000,2008-04-08,8.910000,8.270000,8.390000,2056747
6.642183,8.470000,2008-04-09,8.820000,8.160000,8.770000,1612826
6.955862,8.870000,2008-04-10,8.900000,8.210000,8.780000,2045544
6.924494,8.830000,2008-04-11,9.040000,8.600000,9.000000,2665792
6.352027,8.100000,2008-04-14,8.710000,8.030000,8.700000,1382820
6.602973,8.420000,2008-04-15,8.480000,7.900000,8.100000,1079494
6.359869,8.110000,2008-04-16,8.400000,8.010000,8.240000,744486
6.399079,8.160000,2008-04-17,8.280000,7.750000,8.110000,1303650
6.022664,7.680000,2008-04-18,8.150000,7.620000,8.150000,880932
5.959927,7.600000,2008-04-21,8.310000,7.500000,8.300000,813641
5.920718,7.550000,2008-04-22,7.800000,7.160000,7.750000,881948
6.210872,7.920000,2008-04-23,8.000000,7.290000,7.580000,1093107
6.830390,8.710000,2008-04-24,8.710000,8.360000,8.710000,4733885
6.830390,8.710000,2008-04-25,8.710000,8.710000,8.710000,0
7.018597,8.950000,2008-04-28,9.500000,8.880000,9.500000,6266448
7.104861,9.060000,2008-04-29,9.100000,8.720000,8.940000,2351167
7.277385,9.280000,2008-04-30,9.380000,9.080000,9.370000,3776477
7.449909,9.500000,2008-05-05,9.560000,9.260000,9.400000,5269511
7.316597,9.330000,2008-05-06,9.600000,9.300000,9.490000,6338733
6.861758,8.750000,2008-05-07,9.220000,8.720000,9.200000,3883904
7.010756,8.940000,2008-05-08,9.060000,8.510000,8.510000,2988060
6.830390,8.710000,2008-05-09,9.060000,8.510000,8.980000,2121931
6.900969,8.800000,2008-05-12,8.890000,8.380000,8.580000,1989633
6.650023,8.480000,2008-05-13,8.680000,8.390000,8.500000,2722976
6.987230,8.910000,2008-05-14,9.150000,8.400000,8.450000,3502613
6.830390,8.710000,2008-05-15,8.960000,8.700000,8.950000,2542774
6.955862,8.870000,2008-05-16,8.980000,8.620000,8.620000,2004918
6.893126,8.790000,2008-05-19,8.950000,8.560000,8.880000,1391098
6.610814,8.430000,2008-05-20,9.120000,8.210000,8.790000,3425726
6.618656,8.440000,2008-05-21,8.590000,7.900000,8.400000,2279929
6.422605,8.190000,2008-05-22,8.420000,8.080000,8.420000,1629664
6.281450,8.010000,2008-05-23,8.250000,7.960000,8.190000,1390108
6.265766,7.990000,2008-05-26,8.200000,7.920000,8.090000,915427
6.289293,8.020000,2008-05-27,8.070000,7.870000,8.000000,742128
6.430447,8.200000,2008-05-28,8.200000,7.950000,8.000000,1275811
6.210872,7.920000,2008-05-29,8.200000,7.850000,8.200000,967958
6.210872,7.920000,2008-05-30,7.960000,7.580000,7.920000,1185151
6.289293,8.020000,2008-06-02,8.060000,7.840000,7.910000,873287
6.195187,7.900000,2008-06-03,8.100000,7.880000,8.000000,626567
6.085400,7.760000,2008-06-04,8.050000,7.720000,7.980000,638127
6.171662,7.870000,2008-06-05,7.910000,7.630000,7.680000,592645
6.022664,7.680000,2008-06-06,7.890000,7.650000,7.860000,652965
5.418828,6.910000,2008-06-10,7.440000,6.910000,7.440000,1484219
5.246305,6.690000,2008-06-11,6.910000,6.420000,6.800000,836300
5.199251,6.630000,2008-06-12,6.770000,6.470000,6.710000,861011
5.026729,6.410000,2008-06-13,6.690000,6.380000,6.630000,599044
4.901256,6.250000,2008-06-16,6.500000,6.170000,6.410000,831381
4.469945,5.700000,2008-06-17,6.320000,5.700000,6.220000,1176700
4.736574,6.040000,2008-06-18,6.060000,5.390000,5.700000,1851815
4.901256,6.250000,2008-06-19,6.410000,6.040000,6.100000,7504955
5.034570,6.420000,2008-06-20,6.690000,5.830000,6.250000,6227589
4.697364,5.990000,2008-06-23,6.410000,5.900000,6.280000,2480406
4.807152,6.130000,2008-06-24,6.220000,5.860000,5.980000,1851919
5.058095,6.450000,2008-06-25,6.500000,6.130000,6.220000,2834861
5.254147,6.700000,2008-06-26,6.740000,6.330000,6.440000,3884874
4.736574,6.040000,2008-06-27,6.540000,6.030000,6.420000,2839625
4.932624,6.290000,2008-06-30,6.350000,6.040000,6.040000,1570002
4.728731,6.030000,2008-07-01,6.380000,5.990000,6.280000,1056838
4.799311,6.120000,2008-07-02,6.200000,6.010000,6.200000,1094279
4.963992,6.330000,2008-07-03,6.440000,5.930000,6.090000,2193059
4.963992,6.330000,2008-07-04,6.470000,6.200000,6.440000,1977729
5.269830,6.720000,2008-07-07,6.740000,6.330000,6.470000,3716496
5.293357,6.750000,2008-07-08,6.830000,6.520000,6.730000,3471790
5.622722,7.170000,2008-07-09,7.200000,6.780000,6.800000,5494172
6.046190,7.710000,2008-07-10,7.890000,7.000000,7.120000,10745757
5.865823,7.480000,2008-07-11,7.710000,7.210000,7.550000,5228308
6.391238,8.150000,2008-07-14,8.180000,7.510000,7.670000,8283931
6.101083,7.780000,2008-07-15,8.140000,7.700000,8.140000,5854997
5.505090,7.020000,2008-07-16,7.800000,7.000000,7.800000,5245737
5.489407,7.000000,2008-07-17,7.400000,7.000000,7.150000,3754299
5.803087,7.400000,2008-07-18,7.430000,6.730000,7.260000,3406354
6.038347,7.700000,2008-07-21,8.000000,7.300000,7.390000,4514126
5.983453,7.630000,2008-07-22,7.850000,7.600000,7.700000,2978412
5.952085,7.590000,2008-07-23,7.790000,7.580000,7.650000,2604329
6.140293,7.830000,2008-07-24,7.890000,7.600000,7.630000,3173971
5.936401,7.570000,2008-07-25,7.790000,7.550000,7.680000,2016374
6.022664,7.680000,2008-07-28,7.790000,7.600000,7.600000,1893651
6.461816,8.240000,2008-07-29,8.440000,7.450000,7.640000,5992102
6.210872,7.920000,2008-07-30,8.210000,7.810000,8.140000,4733934
5.975611,7.620000,2008-07-31,7.980000,7.600000,7.930000,2329224
6.101083,7.780000,2008-08-01,8.000000,7.500000,7.500000,2368200
5.991295,7.640000,2008-08-04,8.000000,7.610000,7.680000,1347027
5.740352,7.320000,2008-08-05,7.780000,7.300000,7.650000,1730603
5.708982,7.280000,2008-08-06,7.500000,7.050000,7.480000,1280729
5.669773,7.230000,2008-08-07,7.340000,7.040000,7.340000,1830347
5.105149,6.510000,2008-08-08,7.280000,6.510000,7.190000,1781851
4.822836,6.150000,2008-08-11,6.650000,5.910000,6.540000,1776370
4.634628,5.910000,2008-08-12,6.170000,5.700000,5.900000,1595823
4.626785,5.900000,2008-08-13,6.020000,5.550000,5.800000,1582809
4.626785,5.900000,2008-08-14,6.000000,5.800000,5.920000,878951
4.626785,5.900000,2008-08-15,6.000000,5.800000,5.980000,1195934
4.164107,5.310000,2008-08-18,5.990000,5.310000,5.880000,1850842
4.203318,5.360000,2008-08-19,5.400000,5.190000,5.280000,1183600
4.626785,5.900000,2008-08-20,5.900000,5.200000,5.310000,2507870
4.383683,5.590000,2008-08-21,5.950000,5.560000,5.680000,1932293
4.250370,5.420000,2008-08-22,5.640000,5.260000,5.580000,1197737
4.219001,5.380000,2008-08-25,5.540000,5.350000,5.410000,924480
4.007267,5.110000,2008-08-26,5.400000,4.930000,5.280000,1406933
3.991583,5.090000,2008-08-27,5.190000,4.950000,5.110000,981822
4.038635,5.150000,2008-08-28,5.190000,5.010000,5.090000,809774
4.171948,5.320000,2008-08-29,5.430000,5.110000,5.220000,1529500
4.007267,5.110000,2008-09-01,5.270000,5.080000,5.270000,865114
4.124897,5.260000,2008-09-02,5.350000,5.040000,5.120000,1133671
4.258211,5.430000,2008-09-03,5.450000,5.200000,5.210000,1982573
4.219001,5.380000,2008-09-04,5.470000,5.250000,5.400000,1177631
3.944532,5.030000,2008-09-05,5.280000,5.000000,5.240000,1379905
3.685745,4.700000,2008-09-08,5.100000,4.680000,5.030000,1240599
3.732796,4.760000,2008-09-09,4.830000,4.680000,4.720000,600821
3.764165,4.800000,2008-09-10,4.930000,4.700000,4.770000,794039
3.724955,4.750000,2008-09-11,4.900000,4.700000,4.780000,587100
3.748481,4.780000,2008-09-12,4.870000,4.710000,4.770000,441151
3.568114,4.550000,2008-09-16,4.790000,4.500000,4.790000,1117742
3.505378,4.470000,2008-09-17,4.630000,4.450000,4.550000,539384
3.356380,4.280000,2008-09-18,4.450000,4.080000,4.450000,1275458
3.693586,4.710000,2008-09-19,4.710000,4.580000,4.700000,1503062
3.842585,4.900000,2008-09-22,5.170000,4.700000,5.000000,3933444
3.505378,4.470000,2008-09-23,4.750000,4.450000,4.700000,1705176
3.583799,4.570000,2008-09-24,4.600000,4.290000,4.430000,1003535
3.670060,4.680000,2008-09-25,4.750000,4.500000,4.570000,2150409
3.756322,4.790000,2008-09-26,4.870000,4.610000,4.690000,2064145
3.528904,4.500000,2008-10-06,4.730000,4.490000,4.730000,1053870
3.748481,4.780000,2008-10-07,4.780000,4.380000,4.420000,2489248
3.779849,4.820000,2008-10-08,4.880000,4.640000,4.700000,4415068
3.646534,4.650000,2008-10-09,4.980000,4.650000,4.940000,2167011
3.332854,4.250000,2008-10-10,4.500000,4.200000,4.420000,1640428
3.450484,4.400000,2008-10-13,4.400000,4.030000,4.250000,1255282
3.317170,4.230000,2008-10-14,4.550000,4.210000,4.510000,1635972
3.340697,4.260000,2008-10-15,4.280000,4.150000,4.210000,680078
3.136804,4.000000,2008-10-16,4.180000,3.980000,4.100000,1136840
3.176014,4.050000,2008-10-17,4.090000,4.000000,4.040000,657923
3.293644,4.200000,2008-10-20,4.250000,4.010000,4.090000,915705
3.285802,4.190000,2008-10-21,4.280000,4.150000,4.210000,1137150
3.230908,4.120000,2008-10-22,4.200000,4.100000,4.180000,617618
3.285802,4.190000,2008-10-23,4.200000,4.010000,4.090000,796091
3.254434,4.150000,2008-10-24,4.220000,4.100000,4.200000,672451
2.932911,3.740000,2008-10-27,4.080000,3.740000,4.080000,1637459
3.003490,3.830000,2008-10-28,3.870000,3.640000,3.680000,1166608
2.932911,3.740000,2008-10-29,3.910000,3.730000,3.910000,953763
2.972121,3.790000,2008-10-30,3.880000,3.740000,3.750000,646586
2.925070,3.730000,2008-10-31,3.830000,3.720000,3.810000,624850
2.854491,3.640000,2008-11-03,3.770000,3.630000,3.730000,459332
2.729020,3.480000,2008-11-04,3.680000,3.440000,3.680000,744650
2.815281,3.590000,2008-11-05,3.650000,3.500000,3.550000,1216507
2.878017,3.670000,2008-11-06,3.770000,3.490000,3.520000,1905561
2.917227,3.720000,2008-11-07,3.760000,3.560000,3.560000,1331365
3.144646,4.010000,2008-11-10,4.030000,3.790000,3.800000,2761733
3.097593,3.950000,2008-11-11,4.060000,3.900000,3.980000,2187706
3.207382,4.090000,2008-11-12,4.110000,3.850000,3.910000,1876578
3.340697,4.260000,2008-11-13,4.350000,4.000000,4.040000,4361591
3.442642,4.390000,2008-11-14,4.400000,4.230000,4.280000,3629449
3.544589,4.520000,2008-11-17,4.530000,4.300000,4.420000,5302883
3.191698,4.070000,2008-11-18,4.530000,4.070000,4.490000,4354068
3.403432,4.340000,2008-11-19,4.360000,4.040000,4.050000,2586160
3.419116,4.360000,2008-11-20,4.450000,4.200000,4.210000,3422673
3.450484,4.400000,2008-11-21,4.520000,4.080000,4.220000,4665149
3.536747,4.510000,2008-11-24,4.600000,4.310000,4.400000,9352275
3.364222,4.290000,2008-11-25,4.640000,4.120000,4.630000,5106816
3.340697,4.260000,2008-11-26,4.320000,4.150000,4.250000,1901071
3.395590,4.330000,2008-11-27,4.690000,4.330000,4.680000,6739433
3.270118,4.170000,2008-11-28,4.330000,4.130000,4.310000,2385624
3.387748,4.320000,2008-12-01,4.350000,4.150000,4.180000,2087881
3.474010,4.430000,2008-12-02,4.490000,4.230000,4.260000,3189207
3.662219,4.670000,2008-12-03,4.680000,4.460000,4.460000,5052123
3.772007,4.810000,2008-12-04,5.050000,4.760000,4.880000,12034618
3.858268,4.920000,2008-12-05,4.950000,4.700000,4.700000,4476858
3.975899,5.070000,2008-12-08,5.100000,4.910000,4.970000,6301534
3.772007,4.810000,2008-12-09,5.070000,4.790000,5.070000,5092235
3.873953,4.940000,2008-12-10,4.970000,4.750000,4.760000,3516150
3.756322,4.790000,2008-12-11,5.020000,4.780000,4.980000,3028337
3.497537,4.460000,2008-12-12,4.780000,4.340000,4.730000,4496709
3.497537,4.460000,2008-12-15,4.460000,4.460000,4.460000,0
3.646534,4.650000,2008-12-16,4.650000,4.430000,4.490000,2897075
3.685745,4.700000,2008-12-17,4.760000,4.560000,4.650000,3077818
3.764165,4.800000,2008-12-18,4.800000,4.670000,4.800000,2326576
3.795532,4.840000,2008-12-19,4.890000,4.770000,4.800000,2946183
3.779849,4.820000,2008-12-22,4.890000,4.700000,4.820000,2007917
3.521062,4.490000,2008-12-23,4.820000,4.480000,4.800000,2400233
3.434801,4.380000,2008-12-24,4.480000,4.320000,4.480000,1520800
3.779849,4.820000,2008-12-25,4.820000,4.360000,4.450000,5728309
3.779849,4.820000,2008-12-26,4.820000,4.820000,4.820000,0
3.787690,4.830000,2008-12-29,5.000000,4.720000,5.000000,8892347
3.568114,4.550000,2008-12-30,4.800000,4.550000,4.710000,4929901
3.928847,5.010000,2008-12-31,5.010000,4.480000,4.500000,10766650
4.320948,5.510000,2009-01-05,5.510000,5.250000,5.300000,8755898
4.752258,6.060000,2009-01-06,6.060000,5.710000,5.800000,11233569
4.752258,6.060000,2009-01-07,6.060000,6.060000,6.060000,0
4.775784,6.090000,2009-01-08,6.670000,5.960000,6.660000,28335501
4.775784,6.090000,2009-01-09,6.090000,6.090000,6.090000,0
4.799311,6.120000,2009-01-12,6.230000,5.880000,6.010000,16702452
4.611102,5.880000,2009-01-13,6.030000,5.710000,5.940000,11622178
4.697364,5.990000,2009-01-14,6.100000,5.830000,5.870000,10946464
5.167885,6.590000,2009-01-15,6.590000,5.830000,5.930000,21416119
4.909099,6.260000,2009-01-16,6.700000,6.200000,6.600000,16814369
4.932624,6.290000,2009-01-19,6.420000,6.100000,6.220000,7756774
4.893414,6.240000,2009-01-20,6.330000,6.160000,6.200000,3658192
4.877729,6.220000,2009-01-21,6.340000,6.110000,6.150000,4103289
5.073780,6.470000,2009-01-22,6.650000,6.150000,6.190000,8855337
4.901256,6.250000,2009-01-23,6.470000,6.190000,6.440000,5804895
4.932624,6.290000,2009-02-02,6.350000,6.100000,6.250000,4106874
5.003202,6.380000,2009-02-03,6.580000,6.200000,6.290000,7907883
5.269830,6.720000,2009-02-04,6.930000,6.350000,6.350000,12895266
5.073780,6.470000,2009-02-05,6.700000,6.420000,6.630000,10230182
5.261988,6.710000,2009-02-06,6.760000,6.430000,6.430000,8272533
5.512934,7.030000,2009-02-09,7.080000,6.650000,6.760000,10470323
6.054031,7.720000,2009-02-10,7.730000,7.150000,7.250000,14344415
5.842298,7.450000,2009-02-11,7.750000,7.320000,7.560000,11710682
5.873664,7.490000,2009-02-12,7.600000,7.260000,7.580000,6318902
6.030506,7.690000,2009-02-13,7.720000,7.460000,7.650000,8299800
6.006979,7.660000,2009-02-16,7.800000,7.460000,7.710000,7194077
5.661931,7.220000,2009-02-17,7.660000,7.200000,7.660000,7194935
5.261988,6.710000,2009-02-18,7.190000,6.700000,7.010000,5179462
5.363935,6.840000,2009-02-19,6.920000,6.700000,6.830000,3919953
5.567827,7.100000,2009-02-20,7.130000,6.800000,6.860000,4583043
5.756034,7.340000,2009-02-23,7.360000,7.000000,7.070000,4742827
5.465881,6.970000,2009-02-24,7.470000,6.940000,7.210000,6272600
5.544301,7.070000,2009-02-25,7.150000,6.810000,6.920000,4681682
5.042411,6.430000,2009-02-26,7.160000,6.360000,7.090000,3698884
4.626785,5.900000,2009-02-27,6.400000,5.890000,6.290000,3998603
4.822836,6.150000,2009-03-02,6.250000,5.930000,5.940000,3694107
4.846362,6.180000,2009-03-03,6.270000,5.980000,6.050000,2719496
5.199251,6.630000,2009-03-04,6.670000,6.180000,6.180000,4685423
5.222778,6.660000,2009-03-05,6.830000,6.510000,6.700000,4764932
5.152201,6.570000,2009-03-06,6.650000,6.460000,6.500000,2958046
4.877729,6.220000,2009-03-09,6.760000,6.150000,6.600000,3406819
5.081622,6.480000,2009-03-10,6.480000,6.160000,6.160000,2076066
5.097306,6.500000,2009-03-11,6.700000,6.450000,6.600000,3026236
5.175726,6.600000,2009-03-12,6.630000,6.280000,6.450000,2261403
5.363935,6.840000,2009-03-13,6.940000,6.550000,6.590000,6086465
5.567827,7.100000,2009-03-16,7.130000,6.760000,6.830000,6320346
5.701141,7.270000,2009-03-17,7.360000,6.960000,7.100000,7371608
5.654088,7.210000,2009-03-18,7.310000,7.160000,7.300000,5684048
5.732509,7.310000,2009-03-19,7.350000,7.170000,7.170000,4263816
5.559984,7.090000,2009-03-20,7.350000,7.030000,7.260000,5117931
5.677615,7.240000,2009-03-23,7.330000,7.050000,7.050000,3674834
5.724668,7.300000,2009-03-24,7.370000,7.230000,7.320000,4436015
5.818771,7.420000,2009-03-25,7.650000,7.300000,7.330000,8614670
5.834455,7.440000,2009-03-26,7.500000,7.100000,7.310000,8094728
5.740352,7.320000,2009-03-27,7.470000,7.270000,7.460000,5248061
5.646246,7.200000,2009-03-30,7.310000,7.180000,7.310000,4098445
5.654088,7.210000,2009-03-31,7.280000,6.980000,7.000000,3584105
5.779562,7.370000,2009-04-01,7.430000,7.220000,7.220000,4822397
5.787404,7.380000,2009-04-02,7.460000,7.280000,7.410000,4412245
5.638404,7.190000,2009-04-03,7.480000,7.180000,7.440000,4185028
5.661931,7.220000,2009-04-07,7.250000,7.120000,7.220000,2707678
5.505090,7.020000,2009-04-08,7.340000,7.010000,7.220000,3878040
5.567827,7.100000,2009-04-09,7.110000,6.910000,7.010000,3073638
5.756034,7.340000,2009-04-10,7.380000,7.120000,7.150000,4962194
5.779562,7.370000,2009-04-13,7.450000,7.290000,7.410000,5624919
6.006979,7.660000,2009-04-14,7.720000,7.350000,7.390000,8835342
5.983453,7.630000,2009-04-15,7.790000,7.440000,7.700000,7190357
5.967769,7.610000,2009-04-16,7.700000,7.420000,7.630000,5883681
5.936401,7.570000,2009-04-17,7.740000,7.500000,7.600000,6933241
6.179503,7.880000,2009-04-20,7.950000,7.550000,7.590000,8371798
6.179503,7.880000,2009-04-21,7.880000,7.880000,7.880000,0
5.810929,7.410000,2009-04-22,7.920000,7.090000,7.900000,9737019
5.834455,7.440000,2009-04-23,7.540000,7.210000,7.390000,3867805
5.693299,7.260000,2009-04-24,7.500000,7.230000,7.400000,3108900
5.442355,6.940000,2009-04-27,7.260000,6.930000,7.250000,3523605
5.536459,7.060000,2009-04-28,7.070000,6.890000,6.910000,2360081
5.693299,7.260000,2009-04-29,7.280000,7.010000,7.080000,2305613
5.763876,7.350000,2009-04-30,7.420000,7.230000,7.270000,3148977
5.944243,7.580000,2009-05-04,7.620000,7.360000,7.380000,4109257
6.014822,7.670000,2009-05-05,7.730000,7.510000,7.610000,4724437
6.046190,7.710000,2009-05-06,7.750000,7.600000,7.680000,4450653
5.912875,7.540000,2009-05-07,7.790000,7.410000,7.750000,4756304
6.501026,8.290000,2009-05-08,8.290000,7.450000,7.450000,14587321
6.163819,7.860000,2009-05-11,8.560000,7.800000,8.450000,14938903
6.422605,8.190000,2009-05-12,8.490000,7.660000,7.770000,10017357
6.312818,8.050000,2009-05-13,8.310000,8.020000,8.070000,6435797
6.171662,7.870000,2009-05-14,7.980000,7.770000,7.980000,4720568
6.218713,7.930000,2009-05-15,8.050000,7.820000,7.870000,4206020
6.328502,8.070000,2009-05-18,8.130000,7.800000,7.880000,3828456
6.344185,8.090000,2009-05-19,8.280000,8.030000,8.090000,4484060
6.155977,7.850000,2009-05-20,8.180000,7.830000,8.090000,3662869
5.889349,7.510000,2009-05-21,7.900000,7.500000,7.800000,5565954
6.038347,7.700000,2009-05-22,7.790000,7.510000,7.510000,3271441
6.006979,7.660000,2009-05-25,7.720000,7.350000,7.500000,2871243
6.038347,7.700000,2009-05-26,7.820000,7.640000,7.670000,2686447
5.999137,7.650000,2009-05-27,7.780000,7.550000,7.750000,2076318
6.132452,7.820000,2009-06-01,7.850000,7.700000,7.700000,3013336
6.163819,7.860000,2009-06-02,7.930000,7.740000,7.860000,3694398
6.304976,8.040000,2009-06-03,8.100000,7.850000,7.890000,6626954
6.289293,8.020000,2009-06-04,8.200000,7.860000,8.050000,5843152
6.242239,7.960000,2009-06-05,8.080000,7.880000,8.030000,3539932
6.446133,8.220000,2009-06-08,8.250000,7.920000,7.960000,7065097
6.422605,8.190000,2009-06-09,8.260000,7.930000,8.250000,5092501
6.430645,8.000000,2009-06-10,8.000000,7.830000,7.990000,2944624
6.237725,7.760000,2009-06-11,7.990000,7.710000,7.990000,3975761
6.044805,7.520000,2009-06-12,7.830000,7.480000,7.750000,4069321
6.149303,7.650000,2009-06-15,7.660000,7.480000,7.530000,2229478
6.221648,7.740000,2009-06-16,7.770000,7.580000,7.580000,2342968
6.350261,7.900000,2009-06-17,7.950000,7.610000,7.700000,3051793
6.285954,7.820000,2009-06-18,7.890000,7.760000,7.880000,3034310
6.414567,7.980000,2009-06-19,8.070000,7.790000,7.800000,6399328
6.269878,7.800000,2009-06-22,8.080000,7.780000,8.070000,4327815
6.269878,7.800000,2009-06-23,7.820000,7.610000,7.770000,2958242
6.366338,7.920000,2009-06-24,7.990000,7.800000,7.800000,4559495
6.422606,7.990000,2009-06-25,8.050000,7.820000,7.930000,4594984
6.543180,8.140000,2009-06-26,8.240000,7.900000,7.970000,8034335
6.623563,8.240000,2009-06-29,8.490000,8.080000,8.100000,10827442
6.438683,8.010000,2009-06-30,8.330000,7.970000,8.200000,5565170
6.591410,8.200000,2009-07-01,8.450000,7.920000,7.920000,6629349
6.993325,8.700000,2009-07-02,8.870000,8.150000,8.190000,13299127
7.105862,8.840000,2009-07-03,9.020000,8.560000,8.590000,12317757
6.912941,8.600000,2009-07-06,8.910000,8.580000,8.860000,8146692
6.800406,8.460000,2009-07-07,8.670000,8.390000,8.620000,6461876
6.912941,8.600000,2009-07-08,8.660000,8.380000,8.400000,4178176
6.896865,8.580000,2009-07-09,8.610000,8.450000,8.560000,4689557
6.929019,8.620000,2009-07-10,8.740000,8.540000,8.580000,4625358
7.065670,8.790000,2009-07-13,8.940000,8.520000,8.550000,7485354
7.146053,8.890000,2009-07-14,8.950000,8.760000,8.790000,5707733
7.347011,9.140000,2009-07-15,9.410000,8.910000,8.910000,8829718
7.250552,9.020000,2009-07-16,9.220000,9.000000,9.140000,5057275
7.660505,9.530000,2009-07-17,9.650000,9.040000,9.080000,10288482
7.716773,9.600000,2009-07-20,9.660000,9.310000,9.600000,8125808
7.314857,9.100000,2009-07-21,9.670000,9.050000,9.670000,7603144
7.387203,9.190000,2009-07-22,9.350000,9.050000,9.100000,6298123
7.539930,9.380000,2009-07-23,9.500000,9.090000,9.200000,5508698
7.869502,9.790000,2009-07-24,9.800000,9.300000,9.520000,12702562
7.869502,9.790000,2009-07-27,9.800000,9.300000,9.520000,12702562
7.869502,9.790000,2009-07-28,9.790000,9.790000,9.790000,0
7.869502,9.790000,2009-07-29,9.790000,9.790000,9.790000,0
7.869502,9.790000,2009-07-30,9.790000,9.790000,9.790000,0
7.869502,9.790000,2009-07-31,9.790000,9.790000,9.790000,0
8.030265,9.990000,2009-08-03,10.760000,9.850000,10.760000,13736394
8.006152,9.960000,2009-08-04,10.080000,9.650000,10.010000,6874935
8.110652,10.090000,2009-08-05,10.320000,9.860000,9.970000,6511471
7.789116,9.690000,2009-08-06,10.050000,9.650000,10.050000,5441589
8.030265,9.990000,2009-08-07,10.200000,9.610000,9.610000,7283336
8.432181,10.490000,2009-08-10,10.770000,10.000000,10.180000,8980102
8.512566,10.590000,2009-08-11,10.900000,10.290000,10.450000,5912103
8.199071,10.200000,2009-08-12,10.640000,9.830000,10.580000,4547697
8.448259,10.510000,2009-08-13,10.560000,9.900000,10.250000,5716338
8.673331,10.790000,2009-08-14,11.180000,10.420000,10.480000,12736740
7.949883,9.890000,2009-08-17,11.050000,9.850000,10.860000,11525647
7.580121,9.430000,2009-08-18,9.580000,8.900000,9.500000,7369772
7.507777,9.340000,2009-08-19,9.750000,9.100000,9.380000,5960884
8.480412,10.550000,2009-08-20,10.550000,9.610000,9.610000,11027279
9.035054,11.240000,2009-08-21,11.600000,10.650000,10.650000,21532918
9.211896,11.460000,2009-08-24,11.650000,10.800000,11.290000,16366066
9.565582,11.900000,2009-08-25,12.040000,10.880000,11.200000,16548985
9.565582,11.900000,2009-08-26,12.660000,11.620000,11.650000,15122691
9.461086,11.770000,2009-08-27,12.200000,11.230000,11.710000,12982328
9.581659,11.920000,2009-08-28,11.990000,11.300000,11.600000,6892608
9.678119,12.040000,2009-08-31,12.750000,11.550000,11.900000,16318000
10.642717,13.240000,2009-09-01,13.240000,11.550000,11.700000,22976859
9.581659,11.920000,2009-09-02,13.510000,11.920000,13.100000,19744158
9.822808,12.220000,2009-09-03,12.550000,10.730000,10.980000,33257117
9.356588,11.640000,2009-09-04,12.090000,11.400000,11.700000,20129506
10.015728,12.460000,2009-09-07,12.490000,11.330000,11.660000,22307696
10.280992,12.790000,2009-09-08,13.380000,12.210000,12.360000,24577348
10.385490,12.920000,2009-09-09,13.380000,12.430000,12.660000,17011587
9.879077,12.290000,2009-09-10,13.200000,12.200000,12.850000,13456880
9.919269,12.340000,2009-09-11,12.660000,11.880000,12.000000,12140626
10.586448,13.170000,2009-09-14,13.250000,12.210000,12.210000,19398376
10.401566,12.940000,2009-09-15,13.300000,12.760000,13.200000,13165797
10.345300,12.870000,2009-09-16,12.910000,12.370000,12.760000,11706414
10.795444,13.430000,2009-09-17,13.850000,12.750000,12.880000,18853693
10.168456,12.650000,2009-09-18,13.450000,12.610000,13.280000,16693443
10.690947,13.300000,2009-09-21,13.390000,12.350000,12.480000,14306214
10.690947,13.300000,2009-09-22,13.300000,13.300000,13.300000,0
9.621851,11.970000,2009-09-23,12.920000,11.970000,12.430000,15313327
9.219937,11.470000,2009-09-24,12.100000,11.420000,11.420000,10290569
8.801944,10.950000,2009-09-25,11.700000,10.840000,11.420000,9986771
8.994863,11.190000,2009-09-28,11.440000,10.910000,11.210000,9726834
8.319646,10.350000,2009-09-29,11.390000,10.220000,11.290000,9285324
8.424143,10.480000,2009-09-30,10.680000,10.170000,10.580000,8511649
8.970749,11.160000,2009-10-09,11.190000,10.530000,10.530000,8441187
8.713521,10.840000,2009-10-12,11.130000,10.710000,11.130000,10059487
8.713521,10.840000,2009-10-13,10.900000,10.660000,10.760000,7036287
9.083284,11.300000,2009-10-14,11.400000,10.770000,10.900000,14691441
9.075246,11.290000,2009-10-15,11.370000,11.100000,11.320000,8310547
9.107399,11.330000,2009-10-16,11.440000,11.170000,11.320000,6397271
9.308357,11.580000,2009-10-19,11.710000,11.270000,11.350000,9521270
9.348549,11.630000,2009-10-20,11.710000,11.450000,11.690000,8091794
9.284243,11.550000,2009-10-21,11.990000,11.530000,11.630000,9738041
9.284243,11.550000,2009-10-22,11.550000,11.550000,11.550000,0
9.396780,11.690000,2009-10-23,11.780000,11.480000,11.570000,8281375
9.195821,11.440000,2009-10-26,11.800000,11.350000,11.700000,7040966
8.649216,10.760000,2009-10-27,11.330000,10.750000,11.330000,10510027
8.713521,10.840000,2009-10-28,10.890000,10.600000,10.690000,4699438
8.520604,10.600000,2009-10-29,10.720000,10.510000,10.720000,3952152
8.673331,10.790000,2009-10-30,10.930000,10.580000,10.730000,4520045
9.010940,11.210000,2009-11-02,11.240000,10.510000,10.700000,7040149
9.356588,11.640000,2009-11-03,11.760000,11.120000,11.300000,10333507
9.308357,11.580000,2009-11-04,11.830000,11.500000,11.510000,7903387
9.324434,11.600000,2009-11-05,11.760000,11.520000,11.610000,5256040
9.879077,12.290000,2009-11-06,12.550000,11.590000,11.610000,15948388
9.766540,12.150000,2009-11-09,12.570000,12.010000,12.250000,8716622
10.080035,12.540000,2009-11-10,12.750000,12.200000,12.200000,10470287
10.200610,12.690000,2009-11-11,12.860000,12.390000,12.400000,6910231
10.184531,12.670000,2009-11-12,12.830000,12.550000,12.820000,5691146
10.055920,12.510000,2009-11-13,12.650000,12.100000,12.650000,9480524
10.128264,12.600000,2009-11-16,12.820000,12.520000,12.640000,7139436
10.264916,12.770000,2009-11-17,12.800000,12.530000,12.630000,5254629
10.361376,12.890000,2009-11-18,13.110000,12.780000,12.780000,6369096
10.851712,13.500000,2009-11-19,13.600000,12.900000,12.900000,9466490
11.092862,13.800000,2009-11-20,13.970000,13.310000,13.310000,12475604
11.301858,14.060000,2009-11-23,14.140000,13.660000,13.830000,12678132
10.731136,13.350000,2009-11-24,14.340000,13.310000,14.200000,13689798
11.639465,14.480000,2009-11-25,14.500000,13.330000,13.330000,13952589
11.639465,14.480000,2009-11-26,14.480000,14.480000,14.480000,0
10.891903,13.550000,2009-11-27,14.340000,13.400000,13.700000,13176583
11.100899,13.810000,2009-11-30,14.000000,13.510000,13.710000,7699693
11.526929,14.340000,2009-12-01,14.350000,13.620000,13.870000,9410908
11.374201,14.150000,2009-12-02,14.600000,14.060000,14.340000,13664101
11.141090,13.860000,2009-12-03,14.180000,13.500000,14.180000,11253206
10.779367,13.410000,2009-12-04,13.870000,12.900000,13.850000,11874615
11.036593,13.730000,2009-12-07,13.820000,13.420000,13.420000,4979850
10.916018,13.580000,2009-12-08,13.740000,13.420000,13.740000,3840342
10.843673,13.490000,2009-12-09,13.750000,13.400000,13.530000,4493978
10.819557,13.460000,2009-12-10,13.780000,13.350000,13.520000,3036802
11.277742,14.030000,2009-12-11,14.150000,13.450000,13.460000,9713366
10.891903,13.550000,2009-12-14,14.050000,13.520000,13.900000,10737939
10.715060,13.330000,2009-12-15,13.600000,13.310000,13.540000,4051470
10.803481,13.440000,2009-12-16,13.590000,13.170000,13.330000,3282976
10.297070,12.810000,2009-12-17,13.510000,12.600000,13.440000,4877167
9.822808,12.220000,2009-12-18,12.870000,12.100000,12.830000,3732747
9.975535,12.410000,2009-12-21,12.510000,12.100000,12.100000,2341881
9.654004,12.010000,2009-12-22,12.580000,11.830000,12.420000,2105910
9.469123,11.780000,2009-12-23,12.160000,11.710000,12.000000,6880938
9.822808,12.220000,2009-12-24,12.410000,11.790000,11.800000,5897694
9.887115,12.300000,2009-12-25,12.400000,12.150000,12.300000,4703347
9.927307,12.350000,2009-12-28,12.500000,12.220000,12.500000,4423802
9.734387,12.110000,2009-12-29,12.390000,11.800000,12.380000,5200680
9.734387,12.110000,2009-12-30,12.110000,12.110000,12.110000,0
10.136304,12.610000,2009-12-31,13.080000,12.320000,12.440000,12757185
9.919269,12.340000,2010-01-04,12.750000,12.330000,12.710000,6414728
9.790655,12.180000,2010-01-05,12.370000,11.920000,12.290000,9726831
9.806732,12.200000,2010-01-06,12.520000,12.000000,12.060000,6443059
9.573621,11.910000,2010-01-07,12.270000,11.900000,12.070000,4475222
9.670080,12.030000,2010-01-08,12.100000,11.790000,11.800000,3105081
9.412855,11.710000,2010-01-11,12.150000,11.670000,12.050000,5890448
9.557546,11.890000,2010-01-12,11.940000,11.580000,11.710000,8395567
9.163668,11.400000,2010-01-13,11.760000,11.300000,11.590000,9254856
9.364626,11.650000,2010-01-14,11.770000,11.330000,11.380000,7240814
9.589698,11.930000,2010-01-15,11.950000,11.660000,11.700000,9196103
9.710273,12.080000,2010-01-18,12.150000,11.750000,11.900000,7486133
9.742426,12.120000,2010-01-19,12.180000,12.030000,12.080000,5776370
9.324434,11.600000,2010-01-20,12.200000,11.500000,12.150000,6307066
9.420892,11.720000,2010-01-21,11.750000,11.510000,11.610000,2915814
9.163668,11.400000,2010-01-22,11.610000,11.280000,11.610000,3634758
9.075246,11.290000,2010-01-25,11.500000,11.150000,11.400000,2933540
8.641178,10.750000,2010-01-26,11.370000,10.660000,11.250000,3734663
8.689408,10.810000,2010-01-27,11.110000,10.680000,10.770000,2500679
8.874290,11.040000,2010-01-28,11.200000,10.710000,10.810000,2100047
8.970749,11.160000,2010-01-29,11.380000,10.890000,10.940000,3490917
8.890365,11.060000,2010-02-01,11.270000,10.780000,11.160000,2418738
8.745676,10.880000,2010-02-02,11.180000,10.870000,11.150000,2557162
8.809981,10.960000,2010-02-03,10.960000,10.540000,10.880000,3712444
8.850175,11.010000,2010-02-04,11.150000,10.760000,10.860000,3486439
8.657254,10.770000,2010-02-05,10.900000,10.700000,10.800000,2421126
8.520604,10.600000,2010-02-08,10.800000,10.580000,10.790000,1968407
8.400029,10.450000,2010-02-09,10.690000,10.340000,10.600000,2560500
8.448259,10.510000,2010-02-10,10.580000,10.400000,10.580000,2557229
8.464335,10.530000,2010-02-11,10.580000,10.460000,10.500000,2357480
8.673331,10.790000,2010-02-12,10.800000,10.520000,10.560000,2542598
8.657254,10.770000,2010-02-22,10.860000,10.650000,10.830000,2143158
8.600986,10.700000,2010-02-23,10.800000,10.570000,10.750000,2341744
8.882329,11.050000,2010-02-24,11.090000,10.600000,10.690000,4342018
9.091324,11.310000,2010-02-25,11.420000,10.960000,11.050000,6071179
9.059170,11.270000,2010-02-26,11.480000,11.200000,11.280000,4273358
9.445007,11.750000,2010-03-01,11.900000,11.210000,11.260000,8486207
9.485199,11.800000,2010-03-02,11.830000,11.560000,11.750000,6026528
9.445007,11.750000,2010-03-03,11.850000,11.650000,11.710000,4996469
9.115438,11.340000,2010-03-04,11.890000,11.280000,11.750000,5559603
9.236011,11.490000,2010-03-05,11.680000,11.220000,11.360000,4044088
9.252090,11.510000,2010-03-08,11.640000,11.360000,11.520000,2291380
9.396780,11.690000,2010-03-09,11.790000,11.360000,11.500000,4676717
9.107399,11.330000,2010-03-10,11.770000,11.290000,11.740000,3565214
9.002902,11.200000,2010-03-11,11.440000,11.180000,11.280000,2728447
8.874290,11.040000,2010-03-12,11.330000,11.000000,11.230000,2128063
8.745676,10.880000,2010-03-15,11.170000,10.800000,11.100000,1977254
8.769790,10.910000,2010-03-16,10.980000,10.730000,10.980000,2016901
9.027017,11.230000,2010-03-17,11.250000,10.880000,10.880000,3065977
8.994863,11.190000,2010-03-18,11.340000,11.110000,11.250000,3604789
9.123479,11.350000,2010-03-19,11.390000,11.220000,11.240000,2976275
9.147592,11.380000,2010-03-22,11.390000,11.290000,11.360000,2416615
9.067207,11.280000,2010-03-23,11.480000,11.210000,11.390000,2655183
9.187785,11.430000,2010-03-24,11.450000,11.240000,11.290000,2866982
9.067207,11.280000,2010-03-25,11.520000,11.250000,11.420000,3829085
9.332473,11.610000,2010-03-26,11.640000,11.250000,11.260000,5282949
9.356588,11.640000,2010-03-29,11.770000,11.550000,11.680000,4329302
9.372664,11.660000,2010-03-30,11.750000,11.470000,11.640000,3846547
9.260128,11.520000,2010-03-31,11.700000,11.490000,11.640000,3921835
9.525393,11.850000,2010-04-01,11.880000,11.410000,11.520000,8195110
9.911229,12.330000,2010-04-02,12.580000,11.850000,11.910000,17401034
9.895155,12.310000,2010-04-06,12.480000,12.170000,12.270000,7419623
10.096109,12.560000,2010-04-07,12.640000,12.280000,12.350000,9018472
9.887115,12.300000,2010-04-08,12.570000,12.280000,12.560000,7863129
9.935346,12.360000,2010-04-09,12.370000,12.150000,12.260000,4872821
9.613812,11.960000,2010-04-12,12.370000,11.880000,12.260000,9670061
9.613812,11.960000,2010-04-13,12.160000,11.630000,12.050000,6204234
9.694196,12.060000,2010-04-14,12.070000,11.800000,11.960000,4089115
9.461086,11.770000,2010-04-15,12.020000,11.700000,12.020000,3366388
9.485199,11.800000,2010-04-16,11.960000,11.630000,11.680000,2634349
9.485199,11.800000,2010-04-19,11.800000,11.800000,11.800000,0
9.059170,11.270000,2010-04-20,11.300000,10.680000,11.030000,7298952
9.115438,11.340000,2010-04-21,11.350000,11.010000,11.200000,4815245
8.809981,10.960000,2010-04-22,11.300000,10.950000,11.300000,6374931
8.713521,10.840000,2010-04-23,11.000000,10.780000,10.800000,2964808
8.834097,10.990000,2010-04-26,11.110000,10.810000,10.910000,3281284
8.617064,10.720000,2010-04-27,10.970000,10.520000,10.950000,2858310
8.600986,10.700000,2010-04-28,10.830000,10.550000,10.680000,1692156
8.472373,10.540000,2010-04-29,10.880000,10.480000,10.800000,2292640
8.054382,10.020000,2010-04-30,10.600000,9.870000,10.560000,3649768
7.949883,9.890000,2010-05-04,10.030000,9.610000,9.860000,1587580
8.134764,10.120000,2010-05-05,10.180000,9.720000,9.900000,2395263
8.030265,9.990000,2010-05-06,10.380000,9.970000,10.090000,3847500
8.158878,10.150000,2010-05-07,10.230000,9.820000,9.870000,2752307
8.351798,10.390000,2010-05-10,10.390000,10.000000,10.220000,2974203
8.062420,10.030000,2010-05-11,10.630000,10.020000,10.550000,2990308
7.957922,9.900000,2010-05-12,10.110000,9.800000,9.920000,1934130
8.174956,10.170000,2010-05-13,10.190000,9.810000,9.950000,1704124
8.126726,10.110000,2010-05-14,10.150000,9.950000,10.110000,1868034
7.314857,9.100000,2010-05-17,10.030000,9.100000,10.030000,3476453
7.314857,9.100000,2010-05-18,9.100000,9.100000,9.100000,0
7.515816,9.350000,2010-05-19,9.530000,9.220000,9.510000,3108920
7.154092,8.900000,2010-05-20,9.400000,8.890000,9.200000,2939322
7.234475,9.000000,2010-05-21,9.040000,8.600000,8.700000,4600714
7.620314,9.480000,2010-05-24,9.560000,9.050000,9.050000,5503956
7.419356,9.230000,2010-05-25,9.420000,9.180000,9.320000,3680602
7.451509,9.270000,2010-05-26,9.330000,9.170000,9.240000,1326619
7.483662,9.310000,2010-05-27,9.380000,9.080000,9.230000,2336174
7.596198,9.450000,2010-05-28,9.550000,9.340000,9.370000,4468036
7.475624,9.300000,2010-05-31,9.490000,9.150000,9.400000,2092114
7.226436,8.990000,2010-06-01,9.250000,8.750000,9.170000,2286717
7.355050,9.150000,2010-06-02,9.180000,8.910000,8.920000,1682539
7.330934,9.120000,2010-06-03,9.300000,9.090000,9.210000,1997481
7.379164,9.180000,2010-06-04,9.190000,8.940000,9.010000,1129484
7.338972,9.130000,2010-06-07,9.170000,8.900000,9.010000,1704527
7.507777,9.340000,2010-06-08,9.350000,9.070000,9.100000,2308407
7.662997,9.380000,2010-06-09,9.380000,9.080000,9.300000,2789646
7.736524,9.470000,2010-06-10,9.530000,9.180000,9.330000,3986126
7.695674,9.420000,2010-06-11,9.520000,9.390000,9.470000,2635529
7.695674,9.420000,2010-06-15,9.420000,9.420000,9.420000,0
7.671166,9.390000,2010-06-17,9.520000,9.280000,9.480000,2064072
7.483268,9.160000,2010-06-18,9.500000,9.020000,9.360000,2014366
7.728352,9.460000,2010-06-21,9.470000,8.890000,9.080000,3817915
7.720185,9.450000,2010-06-22,9.500000,9.350000,9.410000,2516046
7.638491,9.350000,2010-06-23,9.460000,9.230000,9.400000,2209587
7.573132,9.270000,2010-06-24,9.370000,9.250000,9.300000,1138991
7.515945,9.200000,2010-06-25,9.290000,9.000000,9.220000,1582899
7.417912,9.080000,2010-06-28,9.230000,9.040000,9.190000,911169
6.968589,8.530000,2010-06-29,9.100000,8.500000,9.100000,2468205
6.625470,8.110000,2010-06-30,8.500000,8.090000,8.410000,2483311
6.462080,7.910000,2010-07-01,8.220000,7.900000,8.140000,2074040
6.600962,8.080000,2010-07-02,8.150000,7.710000,7.910000,2936737
6.568284,8.040000,2010-07-05,8.120000,7.850000,7.980000,1791201
6.944080,8.500000,2010-07-06,8.520000,7.940000,7.940000,5080166
7.164657,8.770000,2010-07-07,8.860000,8.380000,8.420000,4795200
7.393404,9.050000,2010-07-08,9.090000,8.570000,8.800000,5124705
7.442421,9.110000,2010-07-09,9.400000,8.820000,9.010000,10382838
7.344386,8.990000,2010-07-12,9.200000,8.880000,9.010000,4612832
7.082962,8.670000,2010-07-13,8.960000,8.620000,8.950000,2854871
7.180996,8.790000,2010-07-14,8.970000,8.670000,8.700000,2674386
7.180996,8.790000,2010-07-15,8.790000,8.790000,8.790000,0
7.140150,8.740000,2010-07-16,8.760000,8.480000,8.510000,2129119
7.311708,8.950000,2010-07-19,9.030000,8.590000,8.650000,2800342
7.434252,9.100000,2010-07-20,9.150000,8.960000,9.050000,4219767
7.393404,9.050000,2010-07-21,9.240000,9.000000,9.070000,3134948
7.524115,9.210000,2010-07-22,9.250000,9.000000,9.030000,4484712
7.450589,9.120000,2010-07-23,9.270000,8.980000,9.200000,3458683
7.638491,9.350000,2010-07-26,9.450000,9.120000,9.150000,4036562
7.638491,9.350000,2010-07-27,9.430000,9.250000,9.370000,3128315
7.761031,9.500000,2010-07-28,9.560000,9.260000,9.320000,4745988
7.769201,9.510000,2010-07-29,9.650000,9.350000,9.500000,6525069
7.924420,9.700000,2010-07-30,9.710000,9.350000,9.500000,5332789
7.989779,9.780000,2010-08-02,9.890000,9.620000,9.740000,5644628
7.728352,9.460000,2010-08-03,9.810000,9.450000,9.800000,5089409
7.793709,9.540000,2010-08-04,9.550000,9.310000,9.450000,4067631
7.810049,9.560000,2010-08-05,9.620000,9.450000,9.530000,4096729
7.973439,9.760000,2010-08-06,9.770000,9.350000,9.560000,7051397
8.014289,9.810000,2010-08-09,9.930000,9.690000,9.700000,7197448
7.720185,9.450000,2010-08-10,10.040000,9.430000,9.850000,9828332
7.810049,9.560000,2010-08-11,9.610000,9.400000,9.400000,4074481
7.654828,9.370000,2010-08-12,9.580000,9.360000,9.440000,3712196
7.801879,9.550000,2010-08-13,9.570000,9.350000,9.380000,3510529
7.940760,9.720000,2010-08-16,9.730000,9.470000,9.510000,5088641
8.046965,9.850000,2010-08-17,9.940000,9.720000,9.720000,6238658
7.973439,9.760000,2010-08-18,9.940000,9.650000,9.850000,6675549
8.038796,9.840000,2010-08-19,9.900000,9.660000,9.720000,5603264
7.850896,9.610000,2010-08-20,9.830000,9.530000,9.780000,4875926
8.014289,9.810000,2010-08-23,9.830000,9.530000,9.600000,4240724
8.177678,10.010000,2010-08-24,10.180000,9.740000,9.770000,11438118
7.891743,9.660000,2010-08-25,10.020000,9.620000,9.860000,7533953
7.916251,9.690000,2010-08-26,9.760000,9.550000,9.670000,3971078
7.899913,9.670000,2010-08-27,9.690000,9.510000,9.660000,2654292
8.185846,10.020000,2010-08-30,10.100000,9.710000,9.750000,11108384
8.316558,10.180000,2010-08-31,10.240000,9.910000,9.980000,8763841
8.136828,9.960000,2010-09-01,10.360000,9.760000,10.270000,8321163
8.390083,10.270000,2010-09-02,10.300000,9.950000,10.040000,9302185
8.357406,10.230000,2010-09-03,10.350000,10.080000,10.240000,7380899
8.455440,10.350000,2010-09-06,10.350000,10.060000,10.270000,8939316
8.488116,10.390000,2010-09-07,10.420000,10.230000,10.320000,5899583
8.373745,10.250000,2010-09-08,10.330000,10.160000,10.330000,5304175
8.161337,9.990000,2010-09-09,10.320000,9.930000,10.260000,7332018
8.144999,9.970000,2010-09-10,10.060000,9.730000,10.000000,4978659
8.194015,10.030000,2010-09-13,10.140000,9.900000,9.960000,5802813
8.185846,10.020000,2010-09-14,10.120000,9.950000,10.080000,4790526
8.357406,10.230000,2010-09-15,10.270000,10.010000,10.040000,9187691
8.684187,10.630000,2010-09-16,10.860000,10.140000,10.200000,27828032
8.823067,10.800000,2010-09-17,10.860000,10.400000,10.500000,16763376
8.455440,10.350000,2010-09-20,10.810000,10.220000,10.800000,10124521
8.439100,10.330000,2010-09-21,10.560000,10.270000,10.300000,5431069
8.537135,10.450000,2010-09-27,10.520000,10.170000,10.340000,7085230
8.357406,10.230000,2010-09-28,10.450000,10.110000,10.400000,6839158
8.439100,10.330000,2010-09-29,10.450000,10.100000,10.240000,6324039
8.553473,10.470000,2010-09-30,10.520000,10.170000,10.250000,6596550
8.659678,10.600000,2010-10-08,10.840000,10.560000,10.600000,10067637
8.790390,10.760000,2010-10-11,10.770000,10.450000,10.520000,10587203
9.100830,11.140000,2010-10-12,11.170000,10.620000,10.650000,12269380
8.986458,11.000000,2010-10-13,11.150000,10.850000,11.150000,9505098
8.553473,10.470000,2010-10-14,11.050000,10.440000,10.930000,9860898
8.618830,10.550000,2010-10-15,10.750000,10.410000,10.470000,7444562
8.978289,10.990000,2010-10-18,11.100000,10.580000,10.580000,11754706
9.133509,11.180000,2010-10-19,11.240000,10.850000,11.020000,9759723
8.929271,10.930000,2010-10-20,11.090000,10.680000,10.990000,8667075
9.141679,11.190000,2010-10-21,11.190000,10.820000,10.850000,8046873
9.019135,11.040000,2010-10-22,11.340000,10.970000,11.150000,7317779
9.141679,11.190000,2010-10-25,11.260000,11.030000,11.050000,9214563
8.970119,10.980000,2010-10-26,11.190000,10.870000,11.190000,10275331
8.888425,10.880000,2010-10-27,11.160000,10.840000,10.980000,7097048
8.823067,10.800000,2010-10-28,10.970000,10.700000,10.870000,6007998
8.986458,11.000000,2010-10-29,11.000000,10.700000,10.870000,5542020
9.182526,11.240000,2010-11-01,11.360000,10.960000,11.050000,12042548
9.002798,11.020000,2010-11-02,11.390000,10.900000,11.300000,12300117
9.182526,11.240000,2010-11-03,11.550000,11.000000,11.020000,18536270
9.656357,11.820000,2010-11-04,11.960000,11.210000,11.340000,22878539
9.729883,11.910000,2010-11-05,11.990000,11.600000,11.970000,17196184
9.754392,11.940000,2010-11-08,11.990000,11.680000,11.880000,12653457
9.615509,11.770000,2010-11-09,11.950000,11.610000,11.890000,9557810
9.615509,11.770000,2010-11-10,11.880000,11.600000,11.760000,7767888
9.501137,11.630000,2010-11-11,11.960000,11.500000,11.730000,10979568
8.790390,10.760000,2010-11-12,11.860000,10.750000,11.520000,12482792
8.994627,11.010000,2010-11-15,11.060000,10.550000,10.850000,5834559
8.708695,10.660000,2010-11-16,11.140000,10.530000,10.900000,7613946
8.373745,10.250000,2010-11-17,10.770000,10.190000,10.580000,4929647
8.422763,10.310000,2010-11-18,10.440000,10.110000,10.250000,3538966
8.520796,10.430000,2010-11-19,10.480000,10.120000,10.360000,3982754
8.618830,10.550000,2010-11-22,10.660000,10.330000,10.330000,4806917
8.316558,10.180000,2010-11-23,10.470000,10.020000,10.470000,4617046
8.512627,10.420000,2010-11-24,10.430000,10.060000,10.140000,3987663
8.708695,10.660000,2010-11-25,10.870000,10.410000,10.450000,6012066
8.626999,10.560000,2010-11-26,10.740000,10.450000,10.610000,3802946
8.692356,10.640000,2010-11-29,10.740000,10.520000,10.700000,2902771
8.504456,10.410000,2010-11-30,10.770000,9.960000,10.600000,6309339
9.133509,11.180000,2010-12-01,11.290000,10.340000,10.340000,12079340
9.296900,11.380000,2010-12-02,11.480000,10.970000,11.180000,17336523
9.010964,11.030000,2010-12-03,11.520000,10.950000,11.290000,11574009
8.643338,10.580000,2010-12-06,11.240000,10.460000,10.960000,5842963
8.635168,10.570000,2010-12-07,10.640000,10.220000,10.460000,3750525
8.545305,10.460000,2010-12-08,10.670000,10.310000,10.550000,3361559
8.308389,10.170000,2010-12-09,10.440000,10.150000,10.440000,3035632
8.414592,10.300000,2010-12-10,10.360000,10.110000,10.150000,2198704
8.618830,10.550000,2010-12-13,10.590000,10.320000,10.350000,3279914
8.667847,10.610000,2010-12-14,10.750000,10.500000,10.580000,4118500
8.618830,10.550000,2010-12-15,10.700000,10.500000,10.700000,3413250
8.814898,10.790000,2010-12-16,10.950000,10.540000,10.540000,6430686
8.716864,10.670000,2010-12-17,10.850000,10.530000,10.820000,3001406
8.504456,10.410000,2010-12-20,10.780000,10.180000,10.630000,3638317
8.741373,10.700000,2010-12-21,10.730000,10.310000,10.410000,3202471
8.561642,10.480000,2010-12-22,10.760000,10.450000,10.720000,2707563
8.471779,10.370000,2010-12-23,10.560000,10.340000,10.430000,2343994
8.455440,10.350000,2010-12-24,10.430000,10.190000,10.280000,2212307
8.251202,10.100000,2010-12-27,10.550000,10.060000,10.370000,4025907
7.826387,9.580000,2010-12-28,10.140000,9.500000,10.140000,6002372
7.932590,9.710000,2010-12-29,9.730000,9.510000,9.600000,2289385
7.875408,9.640000,2010-12-30,9.680000,9.380000,9.680000,3530269
7.932590,9.710000,2010-12-31,9.750000,9.520000,9.600000,2377958
8.038796,9.840000,2011-01-04,9.900000,9.660000,9.710000,3588596
7.940760,9.720000,2011-01-05,9.880000,9.700000,9.840000,2655539
8.030624,9.830000,2011-01-06,9.970000,9.700000,9.760000,3461979
8.022456,9.820000,2011-01-07,9.940000,9.700000,9.860000,3945382
7.801879,9.550000,2011-01-10,9.850000,9.510000,9.840000,2780121
7.793709,9.540000,2011-01-11,9.590000,9.380000,9.460000,1856895
7.850896,9.610000,2011-01-12,9.690000,9.470000,9.550000,1580882
7.826387,9.580000,2011-01-13,9.680000,9.560000,9.680000,1362688
7.654828,9.370000,2011-01-14,9.600000,9.320000,9.600000,2002015
7.319879,8.960000,2011-01-17,9.330000,8.940000,9.230000,2528206
7.368896,9.020000,2011-01-18,9.050000,8.920000,8.980000,995810
7.475100,9.150000,2011-01-19,9.170000,8.950000,9.020000,1632100
7.180996,8.790000,2011-01-20,9.150000,8.780000,9.080000,1855791
7.368896,9.020000,2011-01-21,9.060000,8.780000,8.790000,1523779
7.548623,9.240000,2011-01-24,9.300000,8.930000,9.030000,2223316
7.515945,9.200000,2011-01-25,9.320000,9.080000,9.210000,2697964
7.720185,9.450000,2011-01-26,9.470000,9.180000,9.200000,3526581
7.752861,9.490000,2011-01-27,9.710000,9.230000,9.400000,5547380
7.573132,9.270000,2011-01-28,9.490000,9.240000,9.380000,3601099
7.622150,9.330000,2011-01-31,9.360000,9.180000,9.310000,1686456
7.638491,9.350000,2011-02-01,9.410000,9.290000,9.350000,1076357
7.491437,9.170000,2011-02-09,9.370000,9.150000,9.350000,2448266
7.662997,9.380000,2011-02-10,9.430000,9.120000,9.160000,2036475
7.785539,9.530000,2011-02-11,9.580000,9.360000,9.390000,3993338
7.932590,9.710000,2011-02-14,9.760000,9.500000,9.550000,4258739
7.891743,9.660000,2011-02-15,9.780000,9.630000,9.710000,2991730
7.948930,9.730000,2011-02-16,9.750000,9.550000,9.610000,2981663
7.997947,9.790000,2011-02-17,9.790000,9.650000,9.680000,2928554
7.899913,9.670000,2011-02-18,9.800000,9.590000,9.780000,2434904
8.087811,9.900000,2011-02-21,9.930000,9.560000,9.580000,5027049
8.177678,10.010000,2011-02-22,10.090000,9.780000,9.830000,7354766
8.283880,10.140000,2011-02-23,10.330000,9.940000,9.980000,6524246
8.292048,10.150000,2011-02-24,10.260000,10.010000,10.120000,3725410
8.136828,9.960000,2011-02-25,10.150000,9.940000,10.110000,2672319
8.422763,10.310000,2011-02-28,10.310000,9.870000,9.980000,7831612
8.341066,10.210000,2011-03-01,10.640000,10.180000,10.340000,11080677
9.010964,11.030000,2011-03-02,11.220000,10.240000,10.270000,22480074
8.863914,10.850000,2011-03-03,11.160000,10.650000,10.860000,13508647
8.790390,10.760000,2011-03-04,10.920000,10.680000,10.720000,7139657
8.880255,10.870000,2011-03-07,11.020000,10.750000,10.880000,7263152
8.790390,10.760000,2011-03-08,10.970000,10.670000,10.890000,4770358
8.831237,10.810000,2011-03-09,10.930000,10.710000,10.780000,4900114
8.765881,10.730000,2011-03-10,10.940000,10.730000,10.820000,3346054
8.602491,10.530000,2011-03-11,10.790000,10.400000,10.700000,4757888
8.741373,10.700000,2011-03-14,10.740000,10.400000,10.480000,3603003
8.896594,10.890000,2011-03-15,10.910000,10.360000,10.600000,5343324
9.084493,11.120000,2011-03-16,11.130000,10.810000,10.830000,8575337
8.774049,10.740000,2011-03-17,11.000000,10.690000,10.980000,4236315
8.831237,10.810000,2011-03-18,10.950000,10.710000,10.800000,2742243
8.831237,10.810000,2011-03-21,11.040000,10.750000,10.800000,4410049
8.676017,10.620000,2011-03-22,10.910000,10.550000,10.820000,4676365
8.798557,10.770000,2011-03-23,10.870000,10.580000,10.610000,2746665
8.970119,10.980000,2011-03-24,11.150000,10.770000,10.770000,6581707
9.427610,11.540000,2011-03-25,11.590000,10.950000,10.950000,15023902
10.015815,12.260000,2011-03-28,12.690000,11.520000,11.660000,27504350
11.020664,13.490000,2011-03-29,13.490000,12.160000,12.260000,38050088
11.020664,13.490000,2011-03-30,13.490000,13.490000,13.490000,0
12.123549,14.840000,2011-03-31,14.840000,13.840000,13.980000,26287885
11.608869,14.210000,2011-04-01,14.840000,13.500000,14.800000,48402405
12.768938,15.630000,2011-04-06,15.630000,14.020000,14.020000,40450801
12.278768,15.030000,2011-04-07,16.129999,14.860000,15.900000,49614759
12.074532,14.780000,2011-04-08,15.160000,14.500000,14.800000,30446270
12.319617,15.080000,2011-04-11,15.450000,14.450000,14.780000,34349621
12.041853,14.740000,2011-04-12,15.890000,14.500000,15.000000,37665303
11.519007,14.100000,2011-04-13,14.500000,13.830000,14.500000,31704479
11.837614,14.490000,2011-04-14,14.790000,14.000000,14.230000,28715951
12.450330,15.240000,2011-04-15,15.940000,14.300000,14.490000,37475076
13.357143,16.350000,2011-04-18,16.700001,14.530000,14.980000,48048975
12.213412,14.950000,2011-04-19,16.309999,14.910000,15.800000,38125287
12.099041,14.810000,2011-04-20,15.340000,14.500000,14.960000,19315217
11.600700,14.200000,2011-04-21,14.720000,14.100000,14.650000,21342264
11.600700,14.200000,2011-04-22,14.200000,14.200000,14.200000,0
10.881781,13.320000,2011-04-25,13.910000,13.150000,13.910000,18701527
11.429139,13.990000,2011-04-26,14.550000,13.400000,13.550000,24146844
12.001006,14.690000,2011-04-27,15.200000,13.630000,13.960000,27231914
11.853954,14.510000,2011-04-28,15.350000,14.330000,14.620000,24874580
12.164398,14.890000,2011-04-29,14.970000,13.820000,14.580000,17223234
13.063040,15.990000,2011-05-03,16.280001,14.800000,14.920000,30815422
12.384973,15.160000,2011-05-04,15.820000,15.100000,15.690000,25013334
12.286939,15.040000,2011-05-05,15.880000,14.700000,15.100000,21429535
12.507515,15.310000,2011-05-06,15.650000,14.350000,14.820000,21303328
12.866974,15.750000,2011-05-09,16.090000,15.090000,15.400000,23908230
13.397990,16.400000,2011-05-10,16.480000,15.400000,15.540000,29157233
14.100570,17.260000,2011-05-11,17.889999,16.290001,16.309999,45375414
13.430670,16.440001,2011-05-12,17.980000,16.400000,16.850000,37342555
14.198602,17.379999,2011-05-13,17.629999,16.240000,16.600000,28311625
14.149587,17.320000,2011-05-16,17.900000,17.180000,17.250000,21728417
12.875142,15.760000,2011-05-17,17.469999,15.700000,17.450001,28335945
12.687245,15.530000,2011-05-18,15.970000,15.320000,15.510000,16570353
12.866974,15.750000,2011-05-19,16.240000,15.420000,15.530000,14388319
12.417648,15.200000,2011-05-20,15.790000,15.150000,15.580000,15629310
11.543513,14.130000,2011-05-23,15.000000,14.080000,14.990000,15860939
11.829446,14.480000,2011-05-24,14.620000,14.010000,14.150000,11575404
11.412802,13.970000,2011-05-25,14.550000,13.900000,14.300000,10392105
11.510836,14.090000,2011-05-26,14.500000,14.080000,14.290000,9550008
10.636698,13.020000,2011-05-27,14.020000,12.920000,14.020000,13643133
10.538664,12.900000,2011-05-30,13.330000,12.820000,13.000000,8029799
11.126867,13.620000,2011-05-31,13.680000,12.930000,12.930000,11136108
11.355615,13.900000,2011-06-01,14.250000,13.440000,13.600000,15079368
11.069683,13.550000,2011-06-02,13.670000,13.220000,13.500000,12124356
11.282090,13.810000,2011-06-03,13.980000,13.400000,13.510000,9054577
11.764091,14.400000,2011-06-07,14.450000,13.760000,13.820000,11176429
11.829446,14.480000,2011-06-08,14.770000,14.220000,14.350000,14447109
11.069984,13.410000,2011-06-09,14.260000,13.390000,14.260000,11546905
11.367165,13.770000,2011-06-10,13.840000,13.320000,13.400000,8130501
11.680855,14.150000,2011-06-13,14.240000,13.330000,13.590000,7406990
11.722130,14.200000,2011-06-14,14.550000,14.080000,14.080000,10272913
11.457970,13.880000,2011-06-15,14.430000,13.850000,14.210000,8337461
11.103005,13.450000,2011-06-16,13.730000,13.360000,13.700000,5952801
10.904883,13.210000,2011-06-17,13.670000,13.170000,13.430000,5102886
10.929648,13.240000,2011-06-20,13.440000,12.880000,13.160000,4815510
11.301126,13.690000,2011-06-21,13.890000,13.200000,13.200000,7980608
11.243339,13.620000,2011-06-22,13.690000,13.400000,13.650000,5228524
11.507499,13.940000,2011-06-23,14.060000,13.560000,13.690000,8637752
11.713877,14.190000,2011-06-24,14.400000,13.840000,13.900000,11360182
11.763406,14.250000,2011-06-27,14.340000,14.010000,14.230000,9824925
11.796426,14.290000,2011-06-28,14.430000,14.100000,14.220000,7724599
11.383676,13.790000,2011-06-29,14.250000,13.770000,14.160000,8962893
11.672602,14.140000,2011-06-30,14.260000,13.720000,13.770000,8210720
12.052333,14.600000,2011-07-01,14.950000,14.110000,14.140000,17631493
13.257564,16.059999,2011-07-04,16.059999,15.310000,15.600000,6454013
14.322461,17.350000,2011-07-05,17.670000,16.879999,17.600000,52781969
14.239912,17.250000,2011-07-06,17.500000,16.900000,17.000000,22520281
13.835417,16.760000,2011-07-07,18.000000,16.709999,17.150000,33394523
13.414411,16.250000,2011-07-08,16.870001,16.209999,16.600000,20920902
13.629042,16.510000,2011-07-11,16.680000,16.129999,16.129999,15558909
13.496960,16.350000,2011-07-12,16.650000,16.080000,16.290001,12736299
14.083066,17.059999,2011-07-13,17.370001,16.360001,16.360001,22002982
13.893201,16.830000,2011-07-14,16.959999,16.520000,16.959999,23214259
13.340115,16.160000,2011-07-15,16.760000,16.010000,16.760000,20550869
13.389645,16.219999,2011-07-18,16.459999,16.040001,16.100000,10501555
13.406156,16.240000,2011-07-19,16.280001,16.030001,16.040001,7117479
13.199779,15.990000,2011-07-20,16.490000,15.840000,16.400000,8946128
12.679714,15.360000,2011-07-21,16.049999,15.320000,15.860000,12778119
12.877834,15.600000,2011-07-22,15.740000,15.330000,15.480000,7661267
12.349511,14.960000,2011-07-25,15.570000,14.900000,15.400000,8930722
12.531123,15.180000,2011-07-26,15.210000,14.860000,15.050000,6139823
12.654948,15.330000,2011-07-27,15.380000,14.720000,15.130000,7047522
12.572397,15.230000,2011-07-28,15.350000,14.930000,15.100000,5894241
12.118373,14.680000,2011-07-29,15.350000,14.640000,15.200000,7203306
12.068841,14.620000,2011-08-01,14.800000,14.510000,14.570000,4732673
11.837703,14.340000,2011-08-02,14.570000,14.090000,14.570000,6667020
11.936760,14.460000,2011-08-03,14.600000,14.020000,14.130000,4858496
12.374277,14.990000,2011-08-04,15.200000,14.460000,14.500000,10978528
11.821189,14.320000,2011-08-05,14.660000,14.130000,14.150000,8532174
10.987435,13.310000,2011-08-08,14.200000,13.000000,14.010000,10529305
10.913137,13.220000,2011-08-09,13.390000,12.350000,12.890000,8803103
11.045218,13.380000,2011-08-10,13.770000,13.300000,13.520000,9119241
11.358909,13.760000,2011-08-11,13.850000,12.850000,12.980000,9722330
11.466225,13.890000,2011-08-12,14.100000,13.690000,13.810000,10054337
11.713877,14.190000,2011-08-15,14.340000,13.850000,13.900000,9240530
11.375420,13.780000,2011-08-16,14.280000,13.760000,14.200000,9172045
11.292871,13.680000,2011-08-17,13.900000,13.600000,13.690000,4923810
11.152535,13.510000,2011-08-18,13.850000,13.500000,13.680000,5729122
10.855352,13.150000,2011-08-19,13.330000,12.910000,13.190000,6768626
10.665488,12.920000,2011-08-22,13.340000,12.850000,13.150000,5239240
11.003945,13.330000,2011-08-23,13.350000,13.000000,13.040000,5627686
10.814079,13.100000,2011-08-24,13.520000,13.070000,13.400000,5665590
11.532265,13.970000,2011-08-25,14.300000,13.100000,13.200000,12862097
11.515755,13.950000,2011-08-26,13.970000,13.710000,13.850000,7647632
11.540521,13.980000,2011-08-29,14.140000,13.630000,13.780000,8144072
11.334144,13.730000,2011-08-30,14.170000,13.710000,13.970000,7621657
11.160789,13.520000,2011-08-31,13.820000,13.360000,13.700000,4630000
10.921391,13.230000,2011-09-01,13.620000,13.180000,13.530000,3900980
10.913137,13.220000,2011-09-02,13.300000,13.050000,13.300000,2771068
10.715017,12.980000,2011-09-05,13.110000,12.920000,13.100000,2529198
10.772804,13.050000,2011-09-06,13.120000,12.810000,12.880000,2680071
10.995687,13.320000,2011-09-07,13.380000,13.020000,13.170000,4192762
10.706761,12.970000,2011-09-08,13.420000,12.900000,13.380000,3813948
10.723274,12.990000,2011-09-09,13.240000,12.900000,12.960000,2926629
10.227971,12.390000,2011-09-13,12.800000,12.360000,12.800000,5115523
10.871864,13.170000,2011-09-14,13.180000,12.350000,12.560000,6927922
10.871864,13.170000,2011-09-15,13.170000,13.170000,13.170000,0
11.086494,13.430000,2011-09-16,13.580000,13.110000,13.110000,8695132
11.078239,13.420000,2011-09-19,13.570000,13.130000,13.450000,5611652
11.672602,14.140000,2011-09-20,14.540000,13.230000,13.300000,17956670
11.713877,14.190000,2011-09-21,14.220000,13.760000,13.900000,18208109
11.045218,13.380000,2011-09-22,14.040000,13.360000,13.930000,10093949
10.739783,13.010000,2011-09-23,13.150000,12.800000,13.150000,5624309
10.426091,12.630000,2011-09-26,13.090000,12.620000,12.870000,4260634
10.549917,12.780000,2011-09-27,12.930000,12.600000,12.800000,3742411
10.302266,12.480000,2011-09-28,12.950000,12.370000,12.940000,4294329
9.980321,12.090000,2011-09-29,12.440000,12.020000,12.240000,4270988
9.988578,12.100000,2011-09-30,12.240000,11.830000,12.080000,2831013
9.972067,12.080000,2011-10-10,12.360000,12.020000,12.110000,2044067
9.963812,12.070000,2011-10-11,12.490000,11.880000,12.380000,2968695
10.376563,12.570000,2011-10-12,12.650000,11.950000,12.090000,4620340
10.426091,12.630000,2011-10-13,12.740000,12.460000,12.500000,4128912
10.269245,12.440000,2011-10-14,12.630000,12.330000,12.600000,3802742
10.252737,12.420000,2011-10-17,12.590000,12.230000,12.470000,3152218
9.839986,11.920000,2011-10-18,12.460000,11.900000,12.250000,4068659
9.716160,11.770000,2011-10-19,12.050000,11.760000,11.920000,2443237
9.311664,11.280000,2011-10-20,11.850000,11.160000,11.660000,3271116
9.245625,11.200000,2011-10-21,11.450000,11.180000,11.350000,2330643
9.460255,11.460000,2011-10-24,11.520000,11.070000,11.250000,2858337
9.939046,12.040000,2011-10-25,12.310000,11.610000,11.610000,7251945
9.889516,11.980000,2011-10-26,12.170000,11.820000,11.910000,5970497
10.021595,12.140000,2011-10-27,12.240000,11.940000,12.040000,4975979
10.128912,12.270000,2011-10-28,12.490000,12.250000,12.280000,6460038
10.161933,12.310000,2011-10-31,12.320000,12.100000,12.260000,3932144
10.029849,12.150000,2011-11-01,12.360000,12.050000,12.210000,4210791
10.112401,12.250000,2011-11-02,12.280000,11.710000,12.000000,5153093
10.236227,12.400000,2011-11-03,12.660000,12.250000,12.320000,8123427
10.681996,12.940000,2011-11-04,13.220000,12.470000,12.470000,14148732
10.715017,12.980000,2011-11-07,13.010000,12.680000,12.810000,5870587
10.516896,12.740000,2011-11-08,13.380000,12.680000,13.220000,7515477
10.607700,12.850000,2011-11-09,12.860000,12.460000,12.800000,5461477
10.211461,12.370000,2011-11-10,12.730000,12.300000,12.650000,5489397
10.227971,12.390000,2011-11-11,12.620000,12.350000,12.400000,3600662
10.508642,12.730000,2011-11-14,12.750000,12.530000,12.530000,4409459
10.516896,12.740000,2011-11-15,12.790000,12.640000,12.790000,3581198
10.104146,12.240000,2011-11-16,12.720000,12.190000,12.700000,5010964
9.947301,12.050000,2011-11-17,12.320000,12.020000,12.260000,3527755
9.666631,11.710000,2011-11-18,12.010000,11.690000,12.010000,3540507
9.782201,11.850000,2011-11-21,11.880000,11.640000,11.690000,2125949
9.658376,11.700000,2011-11-22,11.780000,11.440000,11.700000,2198628
9.633610,11.670000,2011-11-23,11.810000,11.620000,11.790000,1573839
9.551062,11.570000,2011-11-24,11.630000,11.310000,11.530000,2978060
9.625355,11.660000,2011-11-25,11.780000,11.470000,11.520000,2898367
9.658376,11.700000,2011-11-28,11.760000,11.530000,11.740000,1688453
9.815221,11.890000,2011-11-29,11.920000,11.720000,11.830000,2921032
9.319919,11.290000,2011-11-30,11.870000,11.120000,11.760000,4160423
9.501530,11.510000,2011-12-01,11.750000,11.490000,11.700000,3637990
9.245625,11.200000,2011-12-02,11.480000,11.100000,11.450000,2364771
8.907167,10.790000,2011-12-05,11.240000,10.770000,11.240000,2241808
8.923678,10.810000,2011-12-06,10.900000,10.710000,10.840000,1490282
8.915422,10.800000,2011-12-07,10.900000,10.680000,10.800000,1336773
8.808107,10.670000,2011-12-08,10.810000,10.420000,10.800000,2549007
8.593476,10.410000,2011-12-09,10.670000,10.400000,10.540000,2094565
8.560457,10.370000,2011-12-12,10.510000,10.350000,10.450000,1231528
8.205491,9.940000,2011-12-13,10.380000,9.900000,10.300000,2607984
7.999115,9.690000,2011-12-14,10.010000,9.650000,9.940000,1665712
7.710191,9.340000,2011-12-15,9.670000,9.300000,9.670000,2865908
7.908310,9.580000,2011-12-16,9.610000,9.260000,9.310000,1989160
7.875291,9.540000,2011-12-19,9.580000,9.260000,9.430000,2436781
7.957842,9.640000,2011-12-20,9.980000,9.440000,9.490000,3453764
7.660659,9.280000,2011-12-21,9.800000,9.250000,9.760000,2440068
7.578110,9.180000,2011-12-22,9.270000,8.860000,9.120000,2766267
7.792740,9.440000,2011-12-23,9.600000,9.000000,9.050000,4640141
7.751465,9.390000,2011-12-26,9.540000,9.360000,9.370000,2099530
7.495559,9.080000,2011-12-27,9.420000,9.060000,9.370000,1595569
7.611131,9.220000,2011-12-28,9.280000,8.960000,9.080000,2146778
7.759721,9.400000,2011-12-29,9.550000,9.110000,9.170000,2393770
7.247909,8.780000,2011-12-30,9.010000,8.520000,9.000000,12408784
7.148849,8.660000,2012-01-04,8.810000,8.550000,8.750000,5454546
6.810393,8.250000,2012-01-05,8.590000,8.230000,8.580000,4105361
6.744352,8.170000,2012-01-06,8.190000,7.940000,8.180000,3529492
7.025023,8.510000,2012-01-09,8.520000,8.060000,8.190000,4127474
7.379989,8.940000,2012-01-10,8.950000,8.480000,8.520000,7196381
7.363480,8.920000,2012-01-11,8.980000,8.790000,8.910000,5127183
7.586364,9.190000,2012-01-12,9.320000,8.810000,8.820000,7567378
7.256163,8.790000,2012-01-13,9.180000,8.740000,9.130000,5393131
6.901197,8.360000,2012-01-16,8.700000,8.350000,8.630000,2361137
7.379989,8.940000,2012-01-17,8.980000,8.310000,8.430000,4536450
7.272675,8.810000,2012-01-18,9.140000,8.750000,8.880000,4355564
7.330460,8.880000,2012-01-19,9.030000,8.730000,8.810000,2949853
7.462539,9.040000,2012-01-20,9.070000,8.910000,8.940000,3677216
7.264419,8.800000,2012-01-30,9.090000,8.780000,9.090000,3490752
7.223145,8.750000,2012-01-31,8.900000,8.600000,8.780000,2317722
7.140594,8.650000,2012-02-01,8.800000,8.580000,8.740000,2323250
7.305695,8.850000,2012-02-02,8.850000,8.610000,8.650000,2083050
7.479049,9.060000,2012-02-03,9.130000,8.790000,8.840000,5124691
7.594619,9.200000,2012-02-06,9.270000,9.010000,9.060000,5687600
7.388244,8.950000,2012-02-07,9.130000,8.900000,9.130000,4085744
8.131197,9.850000,2012-02-08,9.850000,9.050000,9.050000,9145543
8.742067,10.590000,2012-02-09,10.840000,10.440000,10.550000,32613425
8.643007,10.470000,2012-02-10,10.600000,10.350000,10.420000,17789871
8.799852,10.660000,2012-02-13,10.800000,10.240000,10.280000,19154786
8.948443,10.840000,2012-02-14,11.190000,10.450000,10.560000,19964513
8.956698,10.850000,2012-02-15,10.870000,10.580000,10.790000,13776388
8.857639,10.730000,2012-02-16,10.850000,10.480000,10.800000,11122304
8.865894,10.740000,2012-02-17,10.830000,10.510000,10.670000,8532299
9.130053,11.060000,2012-02-20,11.080000,10.620000,10.830000,16437636
9.072268,10.990000,2012-02-21,11.050000,10.710000,10.940000,10926432
9.319919,11.290000,2012-02-22,11.310000,10.860000,11.050000,17502835
9.163074,11.100000,2012-02-23,11.280000,10.970000,11.280000,10501212
9.196094,11.140000,2012-02-24,11.250000,10.900000,11.110000,11093579
9.113544,11.040000,2012-02-27,11.380000,11.010000,11.240000,13650612
9.039248,10.950000,2012-02-28,11.190000,10.880000,10.980000,8967696
8.808107,10.670000,2012-02-29,10.880000,10.640000,10.880000,7745195
8.841128,10.710000,2012-03-01,10.820000,10.610000,10.670000,5855773
9.121799,11.050000,2012-03-02,11.080000,10.690000,10.730000,9493488
9.039248,10.950000,2012-03-05,11.140000,10.900000,11.130000,8188513
8.857639,10.730000,2012-03-06,10.930000,10.560000,10.930000,6458033
8.742067,10.590000,2012-03-07,10.770000,10.440000,10.500000,5882692
9.171329,11.110000,2012-03-08,11.220000,10.600000,10.600000,13842796
9.212605,11.160000,2012-03-09,11.230000,10.900000,11.130000,10690931
9.220859,11.170000,2012-03-12,11.250000,10.960000,11.220000,7121904
9.551062,11.570000,2012-03-13,11.590000,11.100000,11.150000,15000974
8.948443,10.840000,2012-03-14,11.700000,10.740000,11.630000,15627577
8.700793,10.540000,2012-03-15,10.890000,10.400000,10.750000,7888508
8.874148,10.750000,2012-03-16,10.770000,10.410000,10.540000,5281600
9.064013,10.980000,2012-03-19,11.050000,10.530000,10.700000,6202096
8.700793,10.540000,2012-03-20,10.980000,10.520000,10.980000,6849570
8.824618,10.690000,2012-03-21,10.800000,10.480000,10.570000,4081760
8.791595,10.650000,2012-03-22,10.810000,10.550000,10.700000,3179291
8.502672,10.300000,2012-03-23,10.610000,10.250000,10.540000,4076074
8.585221,10.400000,2012-03-26,10.490000,10.260000,10.320000,2208915
8.288042,10.040000,2012-03-27,10.420000,9.970000,10.350000,7327120
7.743210,9.380000,2012-03-28,9.990000,9.370000,9.990000,5827162
7.454284,9.030000,2012-03-29,9.370000,8.880000,9.280000,5689212
7.446030,9.020000,2012-03-30,9.170000,8.950000,9.020000,2698462
7.776229,9.420000,2012-04-05,9.490000,9.000000,9.010000,4909734
8.362337,10.130000,2012-04-06,10.360000,9.390000,9.390000,11694437
8.155961,9.880000,2012-04-09,10.500000,9.720000,10.110000,11793970
8.155961,9.880000,2012-04-10,9.980000,9.400000,9.750000,6528484
8.345827,10.110000,2012-04-11,10.330000,9.560000,9.620000,8275660
8.601733,10.420000,2012-04-12,10.650000,9.890000,10.060000,14480405
8.477906,10.270000,2012-04-13,10.520000,10.200000,10.330000,9061575
8.609987,10.430000,2012-04-16,10.600000,10.150000,10.150000,8300708
8.271532,10.020000,2012-04-17,10.470000,10.010000,10.400000,7006684
8.271532,10.020000,2012-04-18,10.020000,10.020000,10.020000,0
7.990860,9.680000,2012-04-19,10.380000,9.520000,10.200000,18002541
7.875291,9.540000,2012-04-20,9.620000,9.400000,9.530000,9307954
7.883544,9.550000,2012-04-23,9.680000,9.470000,9.510000,6726594
7.718446,9.350000,2012-04-24,9.540000,9.070000,9.450000,7010748
8.494416,10.290000,2012-04-25,10.290000,9.200000,9.310000,19448656
8.255023,10.000000,2012-04-26,10.580000,9.980000,10.480000,19887906
8.263277,10.010000,2012-04-27,10.340000,9.810000,9.900000,10289207
8.246766,9.990000,2012-05-02,10.210000,9.880000,10.210000,8162023
8.329316,10.090000,2012-05-03,10.170000,9.940000,10.020000,6158498
8.172471,9.900000,2012-05-04,10.070000,9.770000,10.070000,7325690
8.048647,9.750000,2012-05-07,9.830000,9.580000,9.780000,6107311
8.065156,9.770000,2012-05-08,9.840000,9.630000,9.660000,4582151
7.916566,9.590000,2012-05-09,9.710000,9.560000,9.650000,4095725
7.900055,9.570000,2012-05-10,9.650000,9.510000,9.570000,3802118
7.883544,9.550000,2012-05-11,9.760000,9.540000,9.590000,4888062
7.825760,9.480000,2012-05-14,9.700000,9.440000,9.680000,4109061
7.652404,9.270000,2012-05-15,9.330000,9.110000,9.300000,4946928
7.586364,9.190000,2012-05-16,9.310000,9.150000,9.270000,2660559
7.734955,9.370000,2012-05-17,9.370000,9.190000,9.190000,3325806
7.900055,9.570000,2012-05-18,10.250000,9.250000,9.300000,10401854
7.726698,9.360000,2012-05-21,9.580000,9.250000,9.450000,5441983
7.759721,9.400000,2012-05-22,9.500000,9.340000,9.450000,3558267
7.875291,9.540000,2012-05-23,9.640000,9.370000,9.410000,4734841
7.693680,9.320000,2012-05-24,9.570000,9.300000,9.510000,3327752
7.503815,9.090000,2012-05-25,9.380000,9.070000,9.350000,3674233
7.734955,9.370000,2012-05-28,9.420000,8.970000,8.980000,3596935
7.985276,9.570000,2012-05-29,9.880000,9.340000,9.390000,6202678
7.793365,9.340000,2012-05-30,9.470000,9.320000,9.420000,3152521
7.726612,9.260000,2012-05-31,9.330000,9.180000,9.270000,3322776
7.751642,9.290000,2012-06-01,9.350000,9.200000,9.270000,2040884
7.492975,8.980000,2012-06-04,9.170000,8.970000,9.100000,3916835
7.518008,9.010000,2012-06-05,9.060000,8.930000,9.000000,2053737
7.543042,9.040000,2012-06-06,9.130000,8.990000,9.020000,2055977
7.467944,8.950000,2012-06-07,9.150000,8.920000,9.100000,1818389
7.392847,8.860000,2012-06-08,9.100000,8.840000,9.000000,2191901
7.526353,9.020000,2012-06-11,9.060000,8.830000,8.880000,1818054
7.376161,8.840000,2012-06-12,8.970000,8.810000,8.970000,1896894
7.509665,9.000000,2012-06-13,9.010000,8.830000,8.880000,1943416
7.442912,8.920000,2012-06-14,9.070000,8.910000,8.980000,2351709
7.426224,8.900000,2012-06-15,9.000000,8.810000,8.960000,1620578
7.484633,8.970000,2012-06-18,9.020000,8.900000,8.910000,1901538
7.492975,8.980000,2012-06-19,9.000000,8.920000,8.970000,1843134
7.409536,8.880000,2012-06-20,9.040000,8.850000,9.040000,2018182
7.342783,8.800000,2012-06-21,8.880000,8.710000,8.880000,2108328
6.958956,8.340000,2012-06-25,8.810000,8.280000,8.810000,2243089
6.892204,8.260000,2012-06-26,8.330000,8.130000,8.310000,1989309
6.875515,8.240000,2012-06-27,8.340000,8.200000,8.320000,1445016
6.817107,8.170000,2012-06-28,8.320000,8.170000,8.300000,1743099
6.917236,8.290000,2012-06-29,8.320000,8.110000,8.130000,1422301
6.933924,8.310000,2012-07-02,8.380000,8.280000,8.350000,1160351
6.958956,8.340000,2012-07-03,8.400000,8.250000,8.310000,1342497
6.850483,8.210000,2012-07-04,8.400000,8.210000,8.330000,1857087
6.700289,8.030000,2012-07-05,8.230000,8.010000,8.230000,2412056
6.875515,8.240000,2012-07-06,8.250000,8.000000,8.050000,2586664
6.958956,8.340000,2012-07-09,8.510000,8.120000,8.120000,4586351
6.967301,8.350000,2012-07-10,8.450000,8.260000,8.330000,3162218
7.200935,8.630000,2012-07-11,8.660000,8.250000,8.250000,5904876
7.184245,8.610000,2012-07-12,8.800000,8.510000,8.550000,6612881
7.117493,8.530000,2012-07-13,8.630000,8.450000,8.600000,2350972
6.591817,7.900000,2012-07-16,8.600000,7.860000,8.600000,4499035
6.716979,8.050000,2012-07-17,8.060000,7.810000,7.860000,2347276
6.691946,8.020000,2012-07-18,8.030000,7.800000,8.000000,2015149
6.808763,8.160000,2012-07-19,8.340000,7.950000,8.010000,3276226
7.492975,8.980000,2012-07-20,8.980000,8.100000,8.110000,10255887
7.651513,9.170000,2012-07-23,9.880000,9.000000,9.880000,32361313
7.342783,8.800000,2012-07-24,8.850000,8.260000,8.600000,18102433
6.967301,8.350000,2012-07-25,8.650000,8.250000,8.600000,11045596
6.767042,8.110000,2012-07-26,8.460000,8.110000,8.290000,7234198
6.700289,8.030000,2012-07-27,8.180000,7.970000,8.120000,5494491
6.475000,7.760000,2012-07-30,8.130000,7.700000,8.050000,5113741
6.449968,7.730000,2012-07-31,7.890000,7.520000,7.770000,4143471
6.541753,7.840000,2012-08-01,7.910000,7.670000,7.670000,3979227
6.374871,7.640000,2012-08-02,7.830000,7.590000,7.830000,3120088
6.641881,7.960000,2012-08-03,8.050000,7.630000,7.640000,5679163
6.758698,8.100000,2012-08-06,8.220000,7.800000,7.830000,5068645
6.817107,8.170000,2012-08-07,8.220000,7.980000,8.090000,4647098
6.716979,8.050000,2012-08-08,8.170000,7.980000,8.140000,3936478
6.742010,8.080000,2012-08-09,8.080000,7.850000,8.030000,3873307
6.725323,8.060000,2012-08-10,8.160000,7.990000,8.020000,3583531
6.508376,7.800000,2012-08-13,8.130000,7.790000,8.030000,3787964
6.575128,7.880000,2012-08-14,7.900000,7.660000,7.830000,2951397
6.491688,7.780000,2012-08-15,7.950000,7.770000,7.880000,2001844
6.475000,7.760000,2012-08-16,7.830000,7.710000,7.750000,1333239
6.541753,7.840000,2012-08-17,8.050000,7.780000,7.910000,2758043
6.466656,7.750000,2012-08-20,7.800000,7.650000,7.760000,1871628
6.550097,7.850000,2012-08-21,7.880000,7.710000,7.750000,2335147
6.658570,7.980000,2012-08-22,8.050000,7.840000,7.900000,3791099
6.591817,7.900000,2012-08-23,7.950000,7.800000,7.910000,2256957
6.391559,7.660000,2012-08-24,7.920000,7.660000,7.880000,2562289
6.199646,7.430000,2012-08-27,7.730000,7.420000,7.660000,2542915
6.266398,7.510000,2012-08-28,7.610000,7.420000,7.520000,1396908
6.149582,7.370000,2012-08-29,7.530000,7.370000,7.530000,1944204
6.016076,7.210000,2012-08-30,7.430000,7.170000,7.360000,2010014
6.066140,7.270000,2012-08-31,7.330000,7.200000,7.210000,1489310
6.157925,7.380000,2012-09-03,7.430000,7.240000,7.260000,1286538
6.016076,7.210000,2012-09-04,7.410000,7.190000,7.410000,2008842
6.082829,7.290000,2012-09-05,7.360000,7.160000,7.190000,1549694
6.157925,7.380000,2012-09-06,7.410000,7.260000,7.280000,1579190
6.391559,7.660000,2012-09-07,7.770000,7.400000,7.420000,3607959
6.441623,7.720000,2012-09-10,7.800000,7.630000,7.660000,2907014
6.358182,7.620000,2012-09-11,7.700000,7.550000,7.700000,2130251
6.491688,7.780000,2012-09-12,7.790000,7.620000,7.650000,3489234
6.349839,7.610000,2012-09-13,7.900000,7.600000,7.900000,2821814
6.366527,7.630000,2012-09-14,7.720000,7.590000,7.670000,1636084
6.174613,7.400000,2012-09-17,7.730000,7.400000,7.630000,1805401
6.132893,7.350000,2012-09-18,7.420000,7.330000,7.400000,1187869
6.166269,7.390000,2012-09-19,7.400000,7.320000,7.350000,1142634
6.082829,7.290000,2012-09-20,7.540000,7.260000,7.360000,2736302
6.149582,7.370000,2012-09-21,7.520000,7.220000,7.280000,2877027
5.974355,7.160000,2012-09-24,7.390000,7.090000,7.370000,2308398
5.824162,6.980000,2012-09-25,7.230000,6.960000,7.160000,2096471
5.582185,6.690000,2012-09-26,7.020000,6.650000,6.990000,2127250
5.715690,6.850000,2012-09-27,6.910000,6.670000,6.740000,1814229
5.782442,6.930000,2012-09-28,6.950000,6.790000,6.820000,1485053
5.774098,6.920000,2012-10-08,6.980000,6.890000,6.930000,1112188
5.966011,7.150000,2012-10-09,7.160000,6.920000,6.920000,2301922
6.132893,7.350000,2012-10-10,7.430000,7.110000,7.130000,2705197
5.940979,7.120000,2012-10-11,7.300000,7.100000,7.300000,1939704
5.940979,7.120000,2012-10-12,7.240000,7.050000,7.160000,1138186
5.840851,7.000000,2012-10-15,7.110000,6.930000,7.100000,1098008
5.874227,7.040000,2012-10-16,7.090000,6.950000,7.000000,791028
5.932635,7.110000,2012-10-17,7.120000,6.980000,7.080000,1150783
6.016076,7.210000,2012-10-18,7.250000,7.070000,7.070000,1729937
6.024420,7.220000,2012-10-19,7.360000,7.200000,7.220000,1830408
6.032763,7.230000,2012-10-22,7.260000,7.070000,7.140000,1555129
6.007732,7.200000,2012-10-23,7.320000,7.180000,7.220000,1700743
6.016076,7.210000,2012-10-24,7.220000,7.040000,7.150000,1843703
5.974355,7.160000,2012-10-25,7.260000,7.100000,7.190000,1157334
5.815818,6.970000,2012-10-26,7.150000,6.930000,7.130000,1280902
5.957668,7.140000,2012-10-29,7.160000,6.880000,6.940000,2025158
5.849195,7.010000,2012-10-30,7.150000,6.980000,7.130000,1374107
5.849195,7.010000,2012-10-31,7.090000,6.970000,7.010000,794957
5.957668,7.140000,2012-11-01,7.150000,7.010000,7.010000,1714685
6.041109,7.240000,2012-11-02,7.300000,7.100000,7.150000,6113154
5.966011,7.150000,2012-11-05,7.240000,7.100000,7.210000,2472621
5.924291,7.100000,2012-11-06,7.210000,7.040000,7.190000,1682105
5.966011,7.150000,2012-11-07,7.190000,7.080000,7.170000,1970135
5.707345,6.840000,2012-11-08,7.080000,6.830000,7.080000,2424510
5.707345,6.840000,2012-11-09,6.890000,6.780000,6.880000,1700923
5.732378,6.870000,2012-11-12,6.900000,6.800000,6.830000,1290917
5.749065,6.890000,2012-11-13,7.040000,6.830000,6.850000,2856715
5.657281,6.780000,2012-11-14,6.930000,6.720000,6.920000,2189897
5.548808,6.650000,2012-11-15,6.820000,6.630000,6.800000,1501990
5.448679,6.530000,2012-11-16,6.660000,6.500000,6.650000,1235770
5.498744,6.590000,2012-11-19,6.610000,6.520000,6.580000,698830
5.523776,6.620000,2012-11-20,6.670000,6.540000,6.590000,1137158
5.582185,6.690000,2012-11-21,6.710000,6.530000,6.630000,1338521
5.590528,6.700000,2012-11-22,6.710000,6.630000,6.700000,1226009
5.590528,6.700000,2012-11-23,6.790000,6.650000,6.700000,1321650
5.515432,6.610000,2012-11-26,6.730000,6.580000,6.730000,722276
5.298486,6.350000,2012-11-27,6.590000,6.350000,6.590000,1095399
5.106573,6.120000,2012-11-28,6.390000,6.080000,6.270000,1585520
5.073196,6.080000,2012-11-29,6.190000,6.020000,6.120000,1243401
5.098228,6.110000,2012-11-30,6.170000,6.030000,6.030000,2143969
5.023131,6.020000,2012-12-03,6.180000,6.010000,6.100000,1639498
5.064852,6.070000,2012-12-04,6.090000,5.900000,5.950000,1937603
5.198357,6.230000,2012-12-05,6.320000,6.030000,6.050000,2294387
5.223389,6.260000,2012-12-06,6.360000,6.190000,6.200000,1853609
5.331862,6.390000,2012-12-07,6.450000,6.250000,6.310000,2153028
5.457023,6.540000,2012-12-10,6.550000,6.340000,6.390000,2056843
5.398614,6.470000,2012-12-11,6.550000,6.390000,6.510000,2026155
5.373582,6.440000,2012-12-12,6.550000,6.350000,6.500000,1727842
5.348550,6.410000,2012-12-13,6.590000,6.390000,6.490000,2742882
5.565495,6.670000,2012-12-14,6.730000,6.380000,6.400000,4269700
5.607216,6.720000,2012-12-17,6.780000,6.630000,6.680000,3089498
5.573841,6.680000,2012-12-18,6.830000,6.640000,6.700000,2815052
5.523776,6.620000,2012-12-19,6.720000,6.590000,6.660000,2340604
5.507088,6.600000,2012-12-20,6.630000,6.510000,6.600000,1854721
5.507088,6.600000,2012-12-21,6.690000,6.550000,6.620000,1723192
5.515432,6.610000,2012-12-24,6.650000,6.550000,6.600000,1237656
5.632249,6.750000,2012-12-25,6.790000,6.550000,6.610000,4107743
5.774098,6.920000,2012-12-26,6.990000,6.720000,6.770000,5227570
5.673969,6.800000,2012-12-27,6.990000,6.790000,6.940000,3143820
5.815818,6.970000,2012-12-28,7.170000,6.810000,6.830000,4714118
5.849195,7.010000,2012-12-31,7.090000,6.890000,6.950000,2958939
5.840851,7.000000,2013-01-04,7.080000,6.840000,7.030000,2848803
5.865883,7.030000,2013-01-07,7.140000,6.910000,6.940000,3609971
5.865883,7.030000,2013-01-08,7.060000,6.900000,7.020000,3654672
5.907603,7.080000,2013-01-09,7.140000,6.990000,7.060000,4908157
5.924291,7.100000,2013-01-10,7.130000,7.020000,7.080000,3552347
5.732378,6.870000,2013-01-11,7.110000,6.820000,7.110000,3586799
5.857539,7.020000,2013-01-14,7.050000,6.820000,6.820000,4235624
6.041109,7.240000,2013-01-15,7.270000,7.070000,7.070000,6233474
6.007732,7.200000,2013-01-16,7.240000,7.060000,7.240000,4155425
6.024420,7.220000,2013-01-17,7.280000,7.030000,7.160000,4492664
6.141237,7.360000,2013-01-18,7.470000,7.200000,7.220000,8965516
6.157925,7.380000,2013-01-21,7.390000,7.280000,7.380000,3375223
5.999388,7.190000,2013-01-22,7.370000,7.100000,7.320000,4020656
6.124548,7.340000,2013-01-23,7.360000,6.940000,7.170000,6813406
6.016076,7.210000,2013-01-24,7.530000,7.160000,7.330000,11992453
5.799130,6.950000,2013-01-25,7.160000,6.940000,7.160000,6487117
5.932635,7.110000,2013-01-28,7.140000,6.960000,6.970000,2886122
5.940979,7.120000,2013-01-29,7.150000,7.060000,7.110000,3384329
6.049452,7.250000,2013-01-30,7.250000,7.070000,7.110000,4951165
6.024420,7.220000,2013-01-31,7.300000,7.170000,7.250000,3994222
6.091173,7.300000,2013-02-01,7.420000,7.160000,7.180000,5886707
6.299775,7.550000,2013-02-04,7.580000,7.390000,7.400000,7295818
6.391559,7.660000,2013-02-05,7.870000,7.460000,7.490000,12693383
6.399904,7.670000,2013-02-06,7.810000,7.500000,7.620000,9561985
6.449968,7.730000,2013-02-07,7.780000,7.490000,7.630000,6949949
6.708634,8.040000,2013-02-08,8.440000,7.660000,7.680000,10916556
6.591817,7.900000,2013-02-18,8.190000,7.870000,7.980000,8138744
6.341495,7.600000,2013-02-19,7.980000,7.580000,7.900000,4339105
6.383215,7.650000,2013-02-20,7.650000,7.560000,7.580000,2236231
6.149582,7.370000,2013-02-21,7.580000,7.320000,7.580000,3630335
6.099517,7.310000,2013-02-22,7.450000,7.300000,7.340000,2081921
6.174613,7.400000,2013-02-25,7.490000,7.320000,7.320000,2159470
6.074485,7.280000,2013-02-26,7.520000,7.270000,7.360000,2590874
6.116205,7.330000,2013-02-27,7.380000,7.260000,7.260000,1271804
6.224678,7.460000,2013-02-28,7.470000,7.320000,7.370000,2243454
6.241366,7.480000,2013-03-01,7.480000,7.370000,7.460000,2257641
5.882571,7.050000,2013-03-04,7.390000,6.990000,7.390000,3911541
6.016076,7.210000,2013-03-05,7.240000,7.010000,7.190000,3242480
6.091173,7.300000,2013-03-06,7.330000,7.220000,7.220000,2650592
6.199646,7.430000,2013-03-07,7.470000,7.270000,7.300000,5128806
6.166269,7.390000,2013-03-08,7.500000,7.380000,7.450000,2882952
6.199646,7.430000,2013-03-11,7.440000,7.340000,7.390000,2361423
6.041109,7.240000,2013-03-12,7.480000,7.150000,7.410000,5319505
6.449968,7.730000,2013-03-13,7.760000,7.220000,7.300000,13644458
6.508376,7.800000,2013-03-14,7.870000,7.640000,7.650000,8835115
6.458312,7.740000,2013-03-15,7.850000,7.650000,7.850000,4992477
6.441623,7.720000,2013-03-18,7.820000,7.660000,7.800000,3485610
6.500032,7.790000,2013-03-19,7.840000,7.590000,7.780000,3816527
6.716979,8.050000,2013-03-20,8.120000,7.710000,7.800000,10059440
6.933924,8.310000,2013-03-21,8.400000,7.980000,8.040000,16367167
6.917236,8.290000,2013-03-22,8.470000,8.230000,8.300000,10948730
7.000677,8.390000,2013-03-25,8.440000,8.170000,8.270000,11995199
7.392847,8.860000,2013-03-26,8.970000,8.300000,8.330000,25953215
7.409536,8.880000,2013-03-27,8.910000,8.610000,8.720000,23768597
7.225967,8.660000,2013-03-28,8.900000,8.420000,8.790000,22330699
7.184245,8.610000,2013-03-29,8.720000,8.500000,8.670000,12910226
7.309407,8.760000,2013-04-01,8.790000,8.500000,8.590000,14354391
7.292719,8.740000,2013-04-02,8.850000,8.640000,8.750000,16854472
7.442912,8.920000,2013-04-03,9.030000,8.650000,8.670000,24241009
7.576417,9.080000,2013-04-08,9.120000,8.720000,8.810000,25218807
7.459600,8.940000,2013-04-09,9.180000,8.680000,9.060000,26140898
7.401192,8.870000,2013-04-10,9.020000,8.800000,8.910000,15302727
7.334438,8.790000,2013-04-11,8.950000,8.690000,8.740000,14773275
7.100805,8.510000,2013-04-12,8.870000,8.370000,8.800000,14655227
7.234310,8.670000,2013-04-15,8.730000,8.420000,8.450000,11672420
7.175902,8.600000,2013-04-16,8.680000,8.510000,8.590000,10107865
7.159214,8.580000,2013-04-17,8.710000,8.470000,8.620000,12205012
7.134181,8.550000,2013-04-18,8.610000,8.330000,8.490000,10807877
7.392847,8.860000,2013-04-19,8.950000,8.490000,8.540000,26374581
7.342783,8.800000,2013-04-22,8.900000,8.670000,8.790000,14796597
6.633537,7.950000,2013-04-23,8.820000,7.920000,8.820000,18515441
6.558441,7.860000,2013-04-24,7.980000,7.630000,7.840000,8984328
6.074485,7.280000,2013-04-25,7.780000,7.260000,7.740000,11657100
6.016076,7.210000,2013-04-26,7.400000,7.170000,7.310000,4963648
6.107861,7.320000,2013-05-02,7.370000,7.240000,7.240000,2560422
6.157925,7.380000,2013-05-03,7.460000,7.300000,7.320000,3551752
6.224678,7.460000,2013-05-06,7.500000,7.340000,7.380000,4063371
6.166269,7.390000,2013-05-07,7.460000,7.330000,7.460000,4136952
6.074485,7.280000,2013-05-08,7.410000,7.230000,7.400000,5518314
6.066140,7.270000,2013-05-09,7.310000,7.200000,7.280000,4258989
6.233021,7.470000,2013-05-10,7.470000,7.250000,7.270000,5438531
6.199646,7.430000,2013-05-13,7.510000,7.390000,7.480000,2982107
6.049452,7.250000,2013-05-14,7.430000,7.210000,7.400000,2921571
6.099517,7.310000,2013-05-15,7.400000,7.230000,7.270000,2346574
6.174613,7.400000,2013-05-16,7.430000,7.200000,7.310000,4147979
6.199646,7.430000,2013-05-17,7.480000,7.350000,7.390000,5087870
6.316463,7.570000,2013-05-20,7.610000,7.400000,7.450000,7372901
6.333151,7.590000,2013-05-21,7.680000,7.520000,7.560000,5832215
6.441623,7.720000,2013-05-22,7.820000,7.560000,7.580000,7724935
6.283086,7.530000,2013-05-23,7.740000,7.510000,7.730000,5140261
6.308119,7.560000,2013-05-24,7.610000,7.470000,7.540000,3688727
6.349839,7.610000,2013-05-27,7.660000,7.460000,7.550000,3868059
6.383215,7.650000,2013-05-28,7.660000,7.510000,7.610000,4696090
6.508376,7.800000,2013-05-29,7.890000,7.640000,7.670000,8736221
6.500032,7.790000,2013-05-30,7.840000,7.690000,7.800000,4414667
6.424935,7.700000,2013-05-31,7.860000,7.690000,7.790000,3593445
6.308119,7.560000,2013-06-03,7.770000,7.550000,7.710000,3253338
6.141237,7.360000,2013-06-04,7.570000,7.360000,7.570000,3605881
6.132893,7.350000,2013-06-05,7.400000,7.310000,7.350000,2051660
6.107861,7.320000,2013-06-06,7.440000,7.310000,7.350000,2034436
6.041109,7.240000,2013-06-07,7.420000,7.210000,7.350000,1893052
5.854968,6.920000,2013-06-13,7.170000,6.790000,7.160000,2403882
5.897272,6.970000,2013-06-14,6.990000,6.900000,6.930000,1508892
5.795742,6.850000,2013-06-17,7.070000,6.830000,7.010000,2157122
5.804203,6.860000,2013-06-18,6.920000,6.830000,6.880000,1312587
5.685749,6.720000,2013-06-19,6.860000,6.600000,6.860000,2128919
5.575757,6.590000,2013-06-20,6.860000,6.560000,6.680000,2033611
5.465765,6.460000,2013-06-21,6.590000,6.420000,6.540000,2143588
5.008874,5.920000,2013-06-24,6.500000,5.850000,6.500000,4036386
4.881960,5.770000,2013-06-25,5.960000,5.330000,5.900000,5274530
4.881960,5.770000,2013-06-26,5.820000,5.650000,5.730000,2315594
4.831195,5.710000,2013-06-27,5.920000,5.710000,5.770000,2371168
4.856577,5.740000,2013-06-28,5.860000,5.480000,5.670000,1591463
4.898882,5.790000,2013-07-01,5.820000,5.650000,5.650000,1598835
4.941187,5.840000,2013-07-02,5.850000,5.760000,5.800000,1859394
4.856577,5.740000,2013-07-03,5.840000,5.650000,5.840000,2205517
4.958108,5.860000,2013-07-04,5.910000,5.670000,5.720000,3283883
4.975030,5.880000,2013-07-05,5.950000,5.860000,5.900000,2295894
4.797350,5.670000,2013-07-08,5.790000,5.630000,5.790000,1704130
4.848116,5.730000,2013-07-09,5.740000,5.640000,5.640000,1112651
4.991952,5.900000,2013-07-10,5.930000,5.700000,5.750000,2182648
5.144249,6.080000,2013-07-11,6.120000,5.830000,5.930000,5502049
5.152710,6.090000,2013-07-12,6.260000,5.950000,6.110000,4063348
5.220397,6.170000,2013-07-15,6.210000,6.030000,6.100000,3280112
5.228859,6.180000,2013-07-16,6.250000,6.100000,6.150000,2230919
5.186554,6.130000,2013-07-17,6.220000,6.090000,6.180000,2448082
5.144249,6.080000,2013-07-18,6.180000,6.040000,6.140000,1783259
5.271163,6.230000,2013-07-19,6.260000,5.940000,6.080000,7504950
5.296546,6.260000,2013-07-22,6.340000,6.130000,6.200000,4555076
5.355772,6.330000,2013-07-23,6.400000,6.220000,6.220000,4699783
5.296546,6.260000,2013-07-24,6.310000,6.150000,6.310000,4428163
5.228859,6.180000,2013-07-25,6.260000,6.150000,6.220000,2274414
5.262702,6.220000,2013-07-26,6.240000,6.060000,6.180000,3972004
5.135789,6.070000,2013-07-29,6.220000,6.070000,6.170000,2690500
5.211936,6.160000,2013-07-30,6.160000,5.980000,6.060000,3990178
5.195015,6.140000,2013-07-31,6.240000,6.100000,6.160000,2509904
5.245781,6.200000,2013-08-01,6.200000,6.120000,6.130000,2719421
5.237320,6.190000,2013-08-02,6.250000,6.170000,6.220000,2318391
5.288085,6.250000,2013-08-05,6.270000,6.170000,6.190000,2017120
5.313468,6.280000,2013-08-06,6.280000,6.210000,6.250000,2741284
5.245781,6.200000,2013-08-07,6.290000,6.200000,6.280000,1803575
5.195015,6.140000,2013-08-08,6.230000,6.120000,6.180000,1852639
5.220397,6.170000,2013-08-09,6.210000,6.090000,6.140000,1621148
5.406538,6.390000,2013-08-12,6.440000,6.170000,6.210000,4720810
5.423460,6.410000,2013-08-13,6.420000,6.290000,6.370000,2837094
5.592679,6.610000,2013-08-14,6.900000,6.510000,6.510000,7363533
5.491148,6.490000,2013-08-15,6.650000,6.420000,6.430000,2700577
5.423460,6.410000,2013-08-16,6.630000,6.380000,6.490000,2340171
5.482687,6.480000,2013-08-19,6.500000,6.330000,6.380000,1426294
5.414999,6.400000,2013-08-20,6.510000,6.380000,6.490000,2034598
5.414999,6.400000,2013-08-21,6.430000,6.340000,6.420000,1202666
5.465765,6.460000,2013-08-22,6.550000,6.320000,6.400000,1972445
5.372694,6.350000,2013-08-23,6.500000,6.290000,6.470000,2294686
5.499608,6.500000,2013-08-26,6.510000,6.340000,6.350000,2365177
5.474225,6.470000,2013-08-27,6.480000,6.350000,6.450000,4910931
5.584218,6.600000,2013-08-28,6.600000,6.360000,6.400000,5427831
5.550374,6.560000,2013-08-29,6.800000,6.510000,6.720000,4699640
5.787281,6.840000,2013-08-30,7.060000,6.500000,6.570000,10779942
5.660366,6.690000,2013-09-02,6.880000,6.610000,6.820000,5710011
5.668828,6.700000,2013-09-03,6.730000,6.580000,6.680000,3492568
5.592679,6.610000,2013-09-04,6.730000,6.580000,6.670000,3036758
5.609601,6.630000,2013-09-05,6.690000,6.600000,6.610000,2336953
5.575757,6.590000,2013-09-06,6.700000,6.530000,6.630000,3081695
5.677288,6.710000,2013-09-09,6.720000,6.590000,6.590000,4622941
5.702672,6.740000,2013-09-10,6.780000,6.660000,6.660000,3678153
5.804203,6.860000,2013-09-11,6.890000,6.700000,6.740000,5894710
5.990343,7.080000,2013-09-12,7.160000,6.790000,6.860000,10959788
5.728054,6.770000,2013-09-13,7.000000,6.760000,6.960000,8468625
5.668828,6.700000,2013-09-16,6.780000,6.670000,6.780000,2858868
5.634983,6.660000,2013-09-17,6.780000,6.650000,6.710000,2320454
5.677288,6.710000,2013-09-18,6.720000,6.630000,6.670000,1998336
5.677288,6.710000,2013-09-23,6.710000,6.710000,6.710000,0
5.677288,6.710000,2013-09-24,6.710000,6.710000,6.710000,0
5.677288,6.710000,2013-09-25,6.710000,6.710000,6.710000,0
5.677288,6.710000,2013-09-26,6.710000,6.710000,6.710000,0
5.677288,6.710000,2013-09-27,6.710000,6.710000,6.710000,0
5.677288,6.710000,2013-09-30,6.710000,6.710000,6.710000,0
5.677288,6.710000,2013-10-08,6.710000,6.710000,6.710000,0
5.677288,6.710000,2013-10-09,6.710000,6.710000,6.710000,0
5.677288,6.710000,2013-10-10,6.710000,6.710000,6.710000,0
5.677288,6.710000,2013-10-11,6.710000,6.710000,6.710000,0
5.677288,6.710000,2013-10-14,6.710000,6.710000,6.710000,0
5.677288,6.710000,2013-10-15,6.710000,6.710000,6.710000,0
5.677288,6.710000,2013-10-16,6.710000,6.710000,6.710000,0
5.677288,6.710000,2013-10-17,6.710000,6.710000,6.710000,0
5.677288,6.710000,2013-10-18,6.710000,6.710000,6.710000,0
5.677288,6.710000,2013-10-21,6.710000,6.710000,6.710000,0
5.677288,6.710000,2013-10-22,6.710000,6.710000,6.710000,0
5.677288,6.710000,2013-10-23,6.710000,6.710000,6.710000,0
5.677288,6.710000,2013-10-24,6.710000,6.710000,6.710000,0
5.677288,6.710000,2013-10-25,6.710000,6.710000,6.710000,0
5.677288,6.710000,2013-10-28,6.710000,6.710000,6.710000,0
5.677288,6.710000,2013-10-29,6.710000,6.710000,6.710000,0
5.677288,6.710000,2013-10-30,6.710000,6.710000,6.710000,0
5.677288,6.710000,2013-10-31,6.710000,6.710000,6.710000,0
5.677288,6.710000,2013-11-01,6.710000,6.710000,6.710000,0
5.677288,6.710000,2013-11-04,6.710000,6.710000,6.710000,0
5.677288,6.710000,2013-11-05,6.710000,6.710000,6.710000,0
5.677288,6.710000,2013-11-06,6.710000,6.710000,6.710000,0
5.677288,6.710000,2013-11-07,6.710000,6.710000,6.710000,0
5.677288,6.710000,2013-11-08,6.710000,6.710000,6.710000,0
5.677288,6.710000,2013-11-11,6.710000,6.710000,6.710000,0
5.677288,6.710000,2013-11-12,6.710000,6.710000,6.710000,0
5.677288,6.710000,2013-11-13,6.710000,6.710000,6.710000,0
5.677288,6.710000,2013-11-14,6.710000,6.710000,6.710000,0
5.677288,6.710000,2013-11-15,6.710000,6.710000,6.710000,0
5.677288,6.710000,2013-11-18,6.710000,6.710000,6.710000,0
5.677288,6.710000,2013-11-19,6.710000,6.710000,6.710000,0
5.677288,6.710000,2013-11-20,6.710000,6.710000,6.710000,0
5.677288,6.710000,2013-11-21,6.710000,6.710000,6.710000,0
5.677288,6.710000,2013-11-22,6.710000,6.710000,6.710000,0
5.677288,6.710000,2013-11-25,6.710000,6.710000,6.710000,0
5.677288,6.710000,2013-11-26,6.710000,6.710000,6.710000,0
5.677288,6.710000,2013-11-27,6.710000,6.710000,6.710000,0
5.677288,6.710000,2013-11-28,6.710000,6.710000,6.710000,0
5.677288,6.710000,2013-11-29,6.710000,6.710000,6.710000,0
5.677288,6.710000,2013-12-02,6.710000,6.710000,6.710000,0
5.677288,6.710000,2013-12-03,6.710000,6.710000,6.710000,0
5.677288,6.710000,2013-12-04,6.710000,6.710000,6.710000,0
5.677288,6.710000,2013-12-05,6.710000,6.710000,6.710000,0
5.677288,6.710000,2013-12-06,6.710000,6.710000,6.710000,0
5.677288,6.710000,2013-12-09,6.710000,6.710000,6.710000,0
5.677288,6.710000,2013-12-10,6.710000,6.710000,6.710000,0
5.677288,6.710000,2013-12-11,6.710000,6.710000,6.710000,0
5.677288,6.710000,2013-12-12,6.710000,6.710000,6.710000,0
5.677288,6.710000,2013-12-13,6.710000,6.710000,6.710000,0
5.677288,6.710000,2013-12-16,6.710000,6.710000,6.710000,0
5.677288,6.710000,2013-12-17,6.710000,6.710000,6.710000,0
5.677288,6.710000,2013-12-18,6.710000,6.710000,6.710000,0
5.677288,6.710000,2013-12-19,6.710000,6.710000,6.710000,0
5.677288,6.710000,2013-12-20,6.710000,6.710000,6.710000,0
5.677288,6.710000,2013-12-23,6.710000,6.710000,6.710000,0
5.677288,6.710000,2013-12-24,6.710000,6.710000,6.710000,0
5.677288,6.710000,2013-12-25,6.710000,6.710000,6.710000,0
5.677288,6.710000,2013-12-26,6.710000,6.710000,6.710000,0
5.677288,6.710000,2013-12-27,6.710000,6.710000,6.710000,0
5.677288,6.710000,2013-12-30,6.710000,6.710000,6.710000,0
5.677288,6.710000,2013-12-31,6.710000,6.710000,6.710000,0
5.677288,6.710000,2014-01-02,6.710000,6.710000,6.710000,0
5.677288,6.710000,2014-01-03,6.710000,6.710000,6.710000,0
5.677288,6.710000,2014-01-06,6.710000,6.710000,6.710000,0
5.677288,6.710000,2014-01-07,6.710000,6.710000,6.710000,0
5.677288,6.710000,2014-01-08,6.710000,6.710000,6.710000,0
5.677288,6.710000,2014-01-09,6.710000,6.710000,6.710000,0
5.677288,6.710000,2014-01-10,6.710000,6.710000,6.710000,0
5.677288,6.710000,2014-01-13,6.710000,6.710000,6.710000,0
5.677288,6.710000,2014-01-14,6.710000,6.710000,6.710000,0
5.677288,6.710000,2014-01-15,6.710000,6.710000,6.710000,0
5.677288,6.710000,2014-01-16,6.710000,6.710000,6.710000,0
5.677288,6.710000,2014-01-17,6.710000,6.710000,6.710000,0
5.939577,7.020000,2014-01-20,7.030000,6.050000,6.500000,13776813
6.015726,7.110000,2014-01-21,7.130000,6.900000,6.960000,6682241
5.990343,7.080000,2014-01-22,7.140000,7.010000,7.110000,2967439
6.015726,7.110000,2014-01-23,7.130000,6.980000,7.110000,3664890
6.371085,7.530000,2014-01-24,7.550000,7.030000,7.100000,6785883
6.303398,7.450000,2014-01-27,7.520000,7.310000,7.430000,2626627
6.278015,7.420000,2014-01-28,7.470000,7.320000,7.470000,2438839
6.227249,7.360000,2014-01-29,7.510000,7.210000,7.480000,3522726
6.261093,7.400000,2014-01-30,7.450000,7.250000,7.310000,6263344
6.354163,7.510000,2014-02-07,7.520000,7.320000,7.320000,2258041
6.404929,7.570000,2014-02-10,7.610000,7.480000,7.500000,2331932
6.472617,7.650000,2014-02-11,7.700000,7.490000,7.560000,3269716
6.506461,7.690000,2014-02-12,7.700000,7.520000,7.650000,3043884
6.531843,7.720000,2014-02-13,7.730000,7.590000,7.640000,3057179
6.844897,8.090000,2014-02-14,8.160000,7.700000,7.700000,5501952
7.047960,8.330000,2014-02-17,8.350000,8.030000,8.060000,5369424
6.997194,8.270000,2014-02-18,8.450000,8.130000,8.280000,4479015
7.039499,8.320000,2014-02-19,8.350000,8.140000,8.280000,3117544
6.861818,8.110000,2014-02-20,8.370000,8.030000,8.310000,3258634
6.921047,8.180000,2014-02-21,8.210000,8.010000,8.090000,1936704
6.844897,8.090000,2014-02-24,8.190000,8.030000,8.090000,3443874
6.481077,7.660000,2014-02-25,8.120000,7.620000,7.990000,5471839
6.472617,7.650000,2014-02-26,7.700000,7.310000,7.550000,2185126
6.481077,7.660000,2014-02-27,7.840000,7.600000,7.770000,2058162
6.514921,7.700000,2014-02-28,7.750000,7.550000,7.660000,1266080
6.675679,7.890000,2014-03-03,7.900000,7.610000,7.690000,1690581
6.726444,7.950000,2014-03-04,7.980000,7.780000,7.880000,1039729
6.667217,7.880000,2014-03-05,8.080000,7.850000,7.960000,1654534
6.599530,7.800000,2014-03-06,7.880000,7.680000,7.810000,1452052
6.599530,7.800000,2014-03-07,7.870000,7.740000,7.750000,1204043
6.252632,7.390000,2014-03-10,7.970000,7.300000,7.740000,2084924
6.464155,7.640000,2014-03-11,7.700000,7.340000,7.340000,1726006
6.388007,7.550000,2014-03-12,7.690000,7.420000,7.560000,1108631
6.438773,7.610000,2014-03-13,7.670000,7.530000,7.590000,1087985
6.311858,7.460000,2014-03-14,7.590000,7.420000,7.550000,830969
6.404929,7.570000,2014-03-17,7.580000,7.430000,7.430000,1050723
6.506461,7.690000,2014-03-18,7.700000,7.500000,7.580000,1395467
6.684140,7.900000,2014-03-19,8.000000,7.520000,7.690000,1560942
6.650296,7.860000,2014-03-20,7.910000,7.700000,7.900000,1585197
6.701062,7.920000,2014-03-21,7.940000,7.750000,7.800000,2637089
6.768749,8.000000,2014-03-24,8.060000,7.840000,7.920000,2042432
6.574147,7.770000,2014-03-25,8.090000,7.720000,8.050000,1846065
6.506461,7.690000,2014-03-26,7.810000,7.600000,7.790000,1094178
6.396468,7.560000,2014-03-27,7.690000,7.550000,7.680000,1002043
6.320319,7.470000,2014-03-28,7.600000,7.340000,7.560000,1236804
6.345703,7.500000,2014-03-31,7.560000,7.460000,7.480000,776419
6.421851,7.590000,2014-04-01,7.610000,7.320000,7.490000,956785
6.362624,7.520000,2014-04-02,7.640000,7.480000,7.590000,892766
6.438773,7.610000,2014-04-03,7.640000,7.520000,7.520000,1247376
6.565687,7.760000,2014-04-04,7.760000,7.580000,7.610000,1200004
6.658757,7.870000,2014-04-08,7.870000,7.730000,7.780000,1764434
7.327171,8.660000,2014-04-09,8.660000,8.660000,8.660000,7515580
7.961740,9.410000,2014-04-10,9.530000,8.860000,8.980000,42927063
7.530233,8.900000,2014-04-11,9.200000,8.810000,9.100000,20095830
7.547154,8.920000,2014-04-14,8.990000,8.650000,8.650000,11468110
7.496388,8.860000,2014-04-15,9.140000,8.770000,8.920000,11906159
7.496388,8.860000,2014-04-16,8.940000,8.720000,8.800000,9792935
7.530233,8.900000,2014-04-17,9.060000,8.650000,8.900000,12740617
7.386396,8.730000,2014-04-18,8.950000,8.670000,8.750000,8745824
6.997194,8.270000,2014-04-21,8.640000,8.250000,8.640000,9191448
6.853359,8.100000,2014-04-22,8.320000,7.950000,8.320000,7317653
6.921047,8.180000,2014-04-23,8.230000,8.040000,8.080000,5028073
6.802593,8.040000,2014-04-24,8.160000,7.970000,8.160000,4374827
6.870281,8.120000,2014-04-25,8.290000,7.960000,7.980000,5840953
6.184944,7.310000,2014-04-28,7.500000,7.310000,7.330000,9395936
6.142640,7.260000,2014-04-29,7.300000,7.110000,7.140000,5264648
6.210327,7.340000,2014-04-30,7.380000,7.240000,7.290000,4173810
6.371085,7.530000,2014-05-05,7.560000,7.300000,7.350000,4993372
6.388007,7.550000,2014-05-06,7.590000,7.470000,7.560000,3376230
6.582608,7.780000,2014-05-07,8.190000,7.480000,7.500000,8937140
6.599530,7.800000,2014-05-08,7.980000,7.630000,7.760000,4208834
6.607991,7.810000,2014-05-09,7.940000,7.450000,7.740000,4941959
6.624913,7.830000,2014-05-12,7.880000,7.570000,7.880000,5559466
6.555813,7.590000,2014-05-13,7.740000,7.520000,7.680000,2891377
6.616275,7.660000,2014-05-14,7.690000,7.510000,7.600000,2270456
6.512627,7.540000,2014-05-15,7.660000,7.530000,7.650000,2404244
6.521264,7.550000,2014-05-16,7.580000,7.500000,7.500000,1573784
6.564450,7.600000,2014-05-19,7.650000,7.480000,7.560000,1603469
6.564450,7.600000,2014-05-20,7.710000,7.570000,7.610000,1842028
6.694013,7.750000,2014-05-21,7.790000,7.510000,7.540000,3521929
6.668100,7.720000,2014-05-22,7.780000,7.670000,7.720000,2011751
6.702651,7.760000,2014-05-23,7.770000,7.650000,7.730000,1860342
6.676737,7.730000,2014-05-26,7.790000,7.690000,7.760000,1909061
6.599000,7.640000,2014-05-27,7.740000,7.630000,7.740000,1625610
6.590364,7.630000,2014-05-28,7.660000,7.540000,7.630000,2042399
6.478076,7.500000,2014-05-29,7.650000,7.490000,7.610000,1888329
6.650825,7.700000,2014-05-30,7.750000,7.480000,7.500000,3365534
6.581726,7.620000,2014-06-03,7.750000,7.580000,7.700000,1509897
6.486714,7.510000,2014-06-04,7.660000,7.480000,7.650000,1577194
6.529901,7.560000,2014-06-05,7.590000,7.490000,7.540000,966697
6.452164,7.470000,2014-06-06,7.590000,7.420000,7.540000,1449591
6.469438,7.490000,2014-06-09,7.550000,7.430000,7.460000,1318136
6.495351,7.520000,2014-06-10,7.550000,7.440000,7.550000,1131467
6.478076,7.500000,2014-06-11,7.530000,7.460000,7.520000,1459817
6.538538,7.570000,2014-06-12,7.610000,7.440000,7.500000,2864337
6.607638,7.650000,2014-06-13,7.650000,7.520000,7.530000,2129937
6.616275,7.660000,2014-06-16,7.720000,7.610000,7.650000,1873520
6.521264,7.550000,2014-06-17,7.690000,7.510000,7.650000,1868603
6.443527,7.460000,2014-06-18,7.660000,7.420000,7.550000,2827387
6.270778,7.260000,2014-06-19,7.510000,7.220000,7.460000,1618807
6.331240,7.330000,2014-06-20,7.380000,7.230000,7.320000,860463
6.305328,7.300000,2014-06-23,7.420000,7.270000,7.360000,1429136
6.400339,7.410000,2014-06-24,7.450000,7.280000,7.300000,2177006
6.357152,7.360000,2014-06-25,7.440000,7.340000,7.440000,1012580
6.417614,7.430000,2014-06-26,7.460000,7.360000,7.390000,1537797
6.503989,7.530000,2014-06-27,7.550000,7.390000,7.460000,2243306
6.659463,7.710000,2014-06-30,7.710000,7.530000,7.530000,2836750
6.659463,7.710000,2014-07-01,7.760000,7.650000,7.740000,2791310
6.650825,7.700000,2014-07-02,7.750000,7.640000,7.710000,2267654
6.711287,7.770000,2014-07-03,7.800000,7.690000,7.700000,2761945
6.745837,7.810000,2014-07-04,7.850000,7.730000,7.780000,2535016
6.728562,7.790000,2014-07-07,7.840000,7.750000,7.830000,2081696
6.745837,7.810000,2014-07-08,7.860000,7.650000,7.800000,3005513
6.555813,7.590000,2014-07-09,7.840000,7.540000,7.840000,5255357
6.590364,7.630000,2014-07-10,7.680000,7.550000,7.600000,2316470
6.771749,7.840000,2014-07-11,7.840000,7.640000,7.670000,3550543
6.987686,8.090000,2014-07-14,8.200000,7.880000,7.880000,6120493
6.944498,8.040000,2014-07-15,8.150000,7.950000,8.010000,3736757
6.814936,7.890000,2014-07-16,8.100000,7.840000,8.050000,3131950
6.996323,8.100000,2014-07-17,8.120000,7.710000,7.880000,5266486
7.246809,8.390000,2014-07-18,8.470000,8.050000,8.080000,12802761
7.246809,8.390000,2014-07-21,8.450000,8.220000,8.360000,3773766
7.298633,8.450000,2014-07-22,8.480000,8.300000,8.380000,4845335
7.264082,8.410000,2014-07-23,8.470000,8.380000,8.470000,3166378
7.212258,8.350000,2014-07-24,8.410000,8.190000,8.410000,4496083
7.229533,8.370000,2014-07-25,8.570000,8.290000,8.350000,3452704
7.272720,8.420000,2014-07-28,8.480000,8.350000,8.350000,3207915
7.393645,8.560000,2014-07-29,8.750000,8.420000,8.420000,12100594
7.315908,8.470000,2014-07-30,8.600000,8.360000,8.570000,4121472
7.341819,8.500000,2014-07-31,8.510000,8.360000,8.480000,3162307
7.341819,8.500000,2014-08-01,8.540000,8.420000,8.490000,4197624
7.410919,8.580000,2014-08-04,8.590000,8.440000,8.500000,3087720
7.393645,8.560000,2014-08-05,8.620000,8.470000,8.580000,2560539
7.376369,8.540000,2014-08-06,8.560000,8.460000,8.550000,2163162
7.229533,8.370000,2014-08-07,8.540000,8.350000,8.510000,3000029
7.264082,8.410000,2014-08-08,8.420000,8.340000,8.400000,1889936
7.402281,8.570000,2014-08-11,8.580000,8.400000,8.420000,3240135
7.376369,8.540000,2014-08-12,8.550000,8.470000,8.550000,2498945
7.402281,8.570000,2014-08-13,8.630000,8.480000,8.520000,2939483
7.341819,8.500000,2014-08-14,8.590000,8.470000,8.580000,2434070
7.410919,8.580000,2014-08-15,8.650000,8.480000,8.490000,3500431
7.765053,8.990000,2014-08-18,9.000000,8.610000,8.610000,7419221
7.765053,8.990000,2014-08-19,9.010000,8.920000,8.990000,3568639
7.765053,8.990000,2014-08-20,9.310000,8.930000,8.970000,4590257
7.851430,9.090000,2014-08-21,9.110000,8.920000,8.990000,3793219
7.790967,9.020000,2014-08-22,9.140000,8.930000,9.090000,3227914
8.032814,9.300000,2014-08-25,9.450000,9.020000,9.020000,6632494
7.739142,8.960000,2014-08-26,9.210000,8.780000,9.050000,10691580
7.808241,9.040000,2014-08-27,9.050000,8.860000,8.870000,4196835
8.386950,9.710000,2014-08-28,9.940000,9.050000,9.050000,21668636
8.093278,9.370000,2014-08-29,9.830000,9.200000,9.830000,23802147
8.058728,9.330000,2014-09-01,9.390000,9.140000,9.300000,11433288
8.119188,9.400000,2014-09-02,9.540000,9.310000,9.350000,17530405
8.050089,9.320000,2014-09-03,9.530000,9.260000,9.410000,21904369
8.145102,9.430000,2014-09-04,9.450000,9.320000,9.400000,14365146
8.110553,9.390000,2014-09-05,9.430000,9.310000,9.430000,9567080
8.058728,9.330000,2014-09-09,9.410000,9.230000,9.380000,7529090
8.317850,9.630000,2014-09-10,9.640000,9.250000,9.300000,16947951
8.309214,9.620000,2014-09-11,9.860000,9.480000,9.650000,14276178
8.343762,9.660000,2014-09-12,9.680000,9.530000,9.600000,7071710
8.412863,9.740000,2014-09-15,9.840000,9.630000,9.660000,7901871
8.015539,9.280000,2014-09-16,9.750000,9.270000,9.650000,10729052
7.920527,9.170000,2014-09-17,9.420000,9.000000,9.300000,7953948
8.101914,9.380000,2014-09-18,9.420000,9.100000,9.170000,6231730
8.084640,9.360000,2014-09-19,9.410000,9.260000,9.380000,3848564
7.868703,9.110000,2014-09-22,9.310000,9.100000,9.310000,4154699
8.015539,9.280000,2014-09-23,9.330000,9.120000,9.130000,3928677
8.222840,9.520000,2014-09-24,9.540000,9.280000,9.290000,7319677
8.127826,9.410000,2014-09-25,9.630000,9.380000,9.590000,7276286
8.240115,9.540000,2014-09-26,9.570000,9.350000,9.410000,5757155
8.421498,9.750000,2014-09-29,9.770000,9.470000,9.550000,8759309
8.369674,9.690000,2014-09-30,9.770000,9.640000,9.750000,5950154
8.749722,10.130000,2014-10-08,10.180000,9.710000,9.710000,13977764
8.965657,10.380000,2014-10-09,10.410000,10.020000,10.130000,16335362
8.818821,10.210000,2014-10-10,10.400000,10.120000,10.300000,8719948
8.896558,10.300000,2014-10-13,10.330000,10.110000,10.200000,8165587
8.680623,10.050000,2014-10-14,10.350000,9.950000,10.340000,8205387
8.862009,10.260000,2014-10-15,10.310000,9.950000,10.010000,7945854
8.715173,10.090000,2014-10-16,10.260000,10.030000,10.180000,6176027
8.525148,9.870000,2014-10-17,10.080000,9.750000,10.060000,6517211
8.602885,9.960000,2014-10-20,10.000000,9.850000,9.850000,3947543
8.542424,9.890000,2014-10-21,9.990000,9.830000,9.970000,3402306
8.300575,9.610000,2014-10-22,9.910000,9.610000,9.890000,4580533
8.110553,9.390000,2014-10-23,9.650000,9.250000,9.480000,5656149
8.110553,9.390000,2014-10-24,9.470000,9.340000,9.430000,2769253
8.326488,9.640000,2014-10-27,9.650000,9.350000,9.350000,4043658
8.559698,9.910000,2014-10-28,9.940000,9.630000,9.700000,4735260
8.792910,10.180000,2014-10-29,10.220000,9.850000,9.960000,9989285
8.559698,9.910000,2014-10-30,10.200000,9.820000,10.070000,11444079
8.594248,9.950000,2014-10-31,10.040000,9.820000,9.950000,7223543
8.611523,9.970000,2014-11-03,10.150000,9.890000,9.960000,8276718
8.490599,9.830000,2014-11-04,10.090000,9.780000,9.970000,7126358
8.386950,9.710000,2014-11-05,9.870000,9.670000,9.790000,6489852
8.447412,9.780000,2014-11-06,9.790000,9.570000,9.720000,4959948
8.473326,9.810000,2014-11-07,9.970000,9.720000,9.800000,7168426
8.611523,9.970000,2014-11-10,9.980000,9.730000,9.850000,6605910
8.335125,9.650000,2014-11-11,10.040000,9.550000,10.030000,7798642
8.404223,9.730000,2014-11-12,9.740000,9.560000,9.600000,3676808
8.317850,9.630000,2014-11-13,9.760000,9.400000,9.750000,6343835
8.266025,9.570000,2014-11-14,9.620000,9.430000,9.500000,3288831
8.266025,9.570000,2014-11-17,9.620000,9.460000,9.570000,2662019
8.395588,9.720000,2014-11-18,9.740000,9.530000,9.550000,4860527
8.335125,9.650000,2014-11-19,9.740000,9.620000,9.690000,3027778
8.309214,9.620000,2014-11-20,9.660000,9.530000,9.660000,2430353
8.343762,9.660000,2014-11-21,9.670000,9.550000,9.630000,3585246
8.430137,9.760000,2014-11-24,9.850000,9.740000,9.750000,8087900
8.646072,10.010000,2014-11-25,10.070000,9.760000,9.790000,11194853
8.663347,10.030000,2014-11-26,10.140000,9.890000,10.020000,8514354
8.671986,10.040000,2014-11-27,10.180000,9.950000,10.120000,7386001
8.611523,9.970000,2014-11-28,10.070000,9.850000,10.030000,7633595
9.000208,10.420000,2014-12-01,10.440000,9.850000,9.980000,17504511
8.913833,10.320000,2014-12-02,10.420000,10.230000,10.420000,11360242
8.887920,10.290000,2014-12-03,10.700000,10.130000,10.350000,13650091
8.957021,10.370000,2014-12-04,10.420000,10.200000,10.370000,11835423
8.542424,9.890000,2014-12-05,10.370000,9.800000,10.370000,12316903
8.585609,9.940000,2014-12-08,10.050000,9.770000,9.900000,8166004
8.145102,9.430000,2014-12-09,9.910000,9.360000,9.860000,10463104
8.827458,10.220000,2014-12-10,10.290000,9.350000,9.420000,15385978
8.706534,10.080000,2014-12-11,10.170000,9.900000,10.030000,11933190
8.792910,10.180000,2014-12-12,10.200000,9.960000,10.050000,8306909
8.939747,10.350000,2014-12-15,10.380000,10.080000,10.160000,10739548
8.801546,10.190000,2014-12-16,10.280000,10.150000,10.210000,6247096
8.646072,10.010000,2014-12-17,10.240000,9.920000,10.200000,6804846
8.671986,10.040000,2014-12-18,10.130000,9.960000,9.990000,4085833
8.438774,9.770000,2014-12-19,10.000000,9.640000,10.000000,6157797
7.592305,8.790000,2014-12-22,9.000000,8.790000,8.810000,8892000
7.134521,8.260000,2014-12-23,8.580000,8.120000,8.360000,13850593
7.480020,8.660000,2014-12-24,8.750000,8.430000,8.430000,8798494
7.488657,8.670000,2014-12-25,8.740000,8.540000,8.590000,5555968
7.523206,8.710000,2014-12-26,8.730000,8.610000,8.670000,5374112
7.307271,8.460000,2014-12-29,8.690000,8.420000,8.680000,8067945
7.289995,8.440000,2014-12-30,8.550000,8.390000,8.480000,3963974
7.341819,8.500000,2014-12-31,8.520000,8.360000,8.490000,4749764
7.566393,8.760000,2015-01-05,8.790000,8.510000,8.520000,8400223
7.825516,9.060000,2015-01-06,9.160000,8.650000,8.710000,9812664
7.687317,8.900000,2015-01-07,9.020000,8.810000,8.990000,5241299
7.721867,8.940000,2015-01-08,9.050000,8.850000,8.900000,4770723
7.618217,8.820000,2015-01-09,8.990000,8.810000,8.920000,4718312
7.367732,8.530000,2015-01-12,8.780000,8.490000,8.740000,3835631
7.445469,8.620000,2015-01-13,8.650000,8.510000,8.510000,2415999
7.445469,8.620000,2015-01-14,8.660000,8.510000,8.620000,3020196
7.782330,9.010000,2015-01-15,9.060000,8.600000,8.610000,7903322
7.730505,8.950000,2015-01-16,9.050000,8.850000,9.050000,4283775
7.454106,8.630000,2015-01-19,8.890000,8.500000,8.790000,4784104
7.687317,8.900000,2015-01-20,8.950000,8.680000,8.680000,4324784
7.842790,9.080000,2015-01-21,9.090000,8.880000,8.920000,7028488
7.920527,9.170000,2015-01-22,9.180000,9.010000,9.090000,6848740
7.851430,9.090000,2015-01-23,9.220000,9.070000,9.200000,4984042
7.998265,9.260000,2015-01-26,9.270000,9.050000,9.070000,5251525
8.058728,9.330000,2015-01-27,9.400000,9.150000,9.260000,5966110
8.162377,9.450000,2015-01-28,9.600000,9.360000,9.380000,9817402
8.050089,9.320000,2015-01-29,9.440000,9.230000,9.360000,4076589
7.911891,9.160000,2015-01-30,9.390000,9.150000,9.320000,2961010
7.894616,9.140000,2015-02-02,9.200000,9.020000,9.100000,2619594
8.006903,9.270000,2015-02-03,9.280000,9.130000,9.160000,3178406
7.885978,9.130000,2015-02-04,9.280000,9.120000,9.280000,3153411
7.816879,9.050000,2015-02-05,9.380000,9.040000,9.280000,3532873
7.626855,8.830000,2015-02-06,9.110000,8.750000,9.060000,3457963
7.678679,8.890000,2015-02-09,9.010000,8.790000,8.810000,3269542
7.713231,8.930000,2015-02-10,8.950000,8.870000,8.870000,1805980
7.799604,9.030000,2015-02-11,9.090000,8.910000,8.930000,1998115
7.834154,9.070000,2015-02-12,9.090000,9.020000,9.030000,2085949
7.972353,9.230000,2015-02-13,9.300000,9.100000,9.100000,3663969
8.084640,9.360000,2015-02-16,9.360000,9.210000,9.230000,3135319
8.084640,9.360000,2015-02-17,9.400000,9.280000,9.390000,3145960
8.041452,9.310000,2015-02-25,9.390000,9.250000,9.370000,3028368
8.093278,9.370000,2015-02-26,9.380000,9.250000,9.300000,5740353
8.162377,9.450000,2015-02-27,9.460000,9.340000,9.380000,5614584
8.309214,9.620000,2015-03-02,9.630000,9.450000,9.480000,7580575
8.162377,9.450000,2015-03-03,9.600000,9.440000,9.600000,6807427
8.481961,9.820000,2015-03-04,9.870000,9.410000,9.410000,11323048
8.646072,10.010000,2015-03-05,10.070000,9.720000,9.830000,11162148
8.533786,9.880000,2015-03-06,10.140000,9.780000,10.010000,7394591
8.706534,10.080000,2015-03-09,10.150000,9.780000,9.780000,7139428
8.706534,10.080000,2015-03-10,10.250000,10.050000,10.080000,6189515
8.533786,9.880000,2015-03-11,10.170000,9.840000,10.080000,6663211
8.637436,10.000000,2015-03-12,10.020000,9.850000,9.860000,6124121
8.663347,10.030000,2015-03-13,10.150000,9.930000,10.030000,5573441
8.931108,10.340000,2015-03-16,10.460000,10.100000,10.110000,10907850
9.077946,10.510000,2015-03-17,10.620000,10.300000,10.400000,10292324
9.259331,10.720000,2015-03-18,10.750000,10.420000,10.450000,10751314
9.501179,11.000000,2015-03-19,11.220000,10.630000,10.710000,13725737
9.527090,11.030000,2015-03-20,11.130000,10.910000,11.000000,8955619
9.881225,11.440000,2015-03-23,11.940000,11.110000,11.880000,33348910
9.501179,11.000000,2015-03-24,11.240000,10.540000,11.100000,34955433
9.423441,10.910000,2015-03-25,10.980000,10.680000,10.970000,16668352
9.414804,10.900000,2015-03-26,11.020000,10.750000,10.850000,12191769
9.673927,11.200000,2015-03-27,11.210000,10.850000,10.900000,15595588
9.544366,11.050000,2015-03-30,11.100000,10.800000,11.000000,23575591
9.267967,10.730000,2015-03-31,10.980000,10.720000,10.980000,23193742
9.388892,10.870000,2015-04-01,10.880000,10.720000,10.740000,14560059
9.673927,11.200000,2015-04-02,11.200000,10.880000,10.930000,25758561
9.889864,11.450000,2015-04-03,11.480000,11.070000,11.130000,24927958
10.105800,11.700000,2015-04-07,11.890000,11.500000,11.510000,21111962
9.924414,11.490000,2015-04-08,11.770000,11.330000,11.700000,17708004
9.648014,11.170000,2015-04-09,11.570000,10.810000,11.510000,15679889
10.615408,12.290000,2015-04-10,12.290000,11.060000,11.180000,30214501
11.677813,13.520000,2015-04-13,13.520000,12.820000,12.820000,35673911
11.548251,13.370000,2015-04-14,14.870000,13.330000,14.250000,60431819
10.857256,12.570000,2015-04-15,13.000000,12.400000,13.000000,30436466
11.194117,12.960000,2015-04-16,13.200000,12.090000,12.300000,24016158
11.133654,12.890000,2015-04-17,13.500000,12.870000,13.000000,25696005
10.606771,12.280000,2015-04-20,12.770000,12.120000,12.700000,23106914
10.952268,12.680000,2015-04-21,12.680000,12.120000,12.120000,14575556
11.194117,12.960000,2015-04-22,13.140000,12.710000,12.730000,20226218
11.841926,13.710000,2015-04-23,13.750000,12.840000,12.990000,32966918
12.014671,13.910000,2015-04-24,14.500000,13.350000,13.690000,33015046
11.867835,13.740000,2015-04-27,14.330000,13.600000,14.200000,24187091
11.435963,13.240000,2015-04-28,13.910000,13.130000,13.740000,17570217
11.980123,13.870000,2015-04-29,13.890000,13.200000,13.280000,17746830
11.703726,13.550000,2015-04-30,14.100000,13.520000,13.960000,16330560
11.816011,13.680000,2015-05-04,13.780000,13.360000,13.520000,12544797
11.125016,12.880000,2015-05-05,13.590000,12.790000,13.550000,15149719
10.788157,12.490000,2015-05-06,13.100000,12.300000,12.880000,11197463
10.451297,12.100000,2015-05-07,12.460000,11.980000,12.460000,8841400
10.848619,12.560000,2015-05-08,12.580000,12.220000,12.260000,8259483
11.297766,13.080000,2015-05-11,13.090000,12.620000,12.800000,12443983
11.366864,13.160000,2015-05-12,13.170000,12.840000,13.080000,13046420
11.530977,13.350000,2015-05-13,13.430000,12.920000,13.160000,15573266
11.435963,13.240000,2015-05-14,13.440000,13.100000,13.330000,13435461
11.150928,12.910000,2015-05-15,13.220000,12.760000,13.210000,11627619
11.608714,13.440000,2015-05-18,13.570000,12.750000,12.810000,17037136
11.962849,13.850000,2015-05-19,13.980000,13.350000,13.400000,19868746
12.126959,14.040000,2015-05-20,14.550000,13.630000,13.860000,24549575
12.990703,15.040000,2015-05-21,15.140000,14.050000,14.060000,26875378
12.947515,14.990000,2015-05-22,15.290000,14.600000,15.150000,27857225
13.681697,15.840000,2015-05-25,16.090000,14.750000,14.880000,27014161
13.837172,16.020000,2015-05-26,16.090000,15.560000,16.000000,23538314
13.690335,15.850000,2015-05-27,16.100000,15.600000,16.080000,22419691
13.163451,15.240000,2015-05-28,16.889999,15.200000,15.860000,29216097
13.077077,15.140000,2015-05-29,15.550000,14.670000,14.670000,19073144
14.087657,16.309999,2015-06-01,16.430000,15.160000,15.300000,20347931
14.968676,17.330000,2015-06-02,17.430000,16.150000,16.309999,21654352
15.486922,17.930000,2015-06-03,18.389999,17.000000,17.360001,23704587
15.029138,17.400000,2015-06-04,17.980000,16.270000,17.930000,19716516
15.573296,18.030001,2015-06-05,18.370001,17.480000,17.600000,21040236
15.080960,17.459999,2015-06-08,18.290001,17.299999,18.170000,22292864
14.813201,17.150000,2015-06-09,17.450001,16.870001,17.209999,16051853
15.029138,17.400000,2015-06-10,17.670000,16.879999,17.150000,14548715
15.884242,18.389999,2015-06-11,18.400000,17.309999,17.360001,20477180
15.711497,18.190001,2015-06-12,18.790001,18.129999,18.389999,19863187
15.659670,18.129999,2015-06-15,18.480000,17.850000,18.219999,17616252
14.666365,16.980000,2015-06-16,18.000000,16.900000,18.000000,16497909
14.890939,17.240000,2015-06-17,17.330000,16.110001,17.100000,15783554
14.433155,16.709999,2015-06-18,18.040001,16.610001,17.240000,17016312
13.180727,15.260000,2015-06-19,16.870001,15.230000,16.500000,13275913
13.880357,16.070000,2015-06-23,16.080000,14.580000,15.470000,13007485
14.165394,16.400000,2015-06-24,16.660000,15.900000,16.180000,13489858
13.560773,15.700000,2015-06-25,16.540001,15.500000,16.299999,13711294
12.204696,14.130000,2015-06-26,15.350000,14.130000,15.090000,16095172
11.807375,13.670000,2015-06-29,14.650000,12.790000,14.450000,18205033
12.550193,14.530000,2015-06-30,14.560000,12.610000,13.600000,17208023
11.643263,13.480000,2015-07-01,14.700000,13.300000,14.400000,15390283
10.675869,12.360000,2015-07-02,13.640000,12.270000,13.630000,12773140
9.604828,11.120000,2015-07-03,12.610000,11.120000,12.150000,14019329
9.069306,10.500000,2015-07-06,12.230000,10.010000,12.230000,17452492
8.162377,9.450000,2015-07-07,10.300000,9.450000,10.100000,12265751
7.350458,8.510000,2015-07-08,8.900000,8.510000,8.510000,16496854
8.084640,9.360000,2015-07-09,9.360000,7.700000,7.700000,18294960
8.896558,10.300000,2015-07-10,10.300000,9.790000,10.030000,9829554
9.786215,11.330000,2015-07-13,11.330000,10.800000,11.150000,16613248
10.192173,11.800000,2015-07-14,12.380000,11.300000,11.660000,28807791
9.172956,10.620000,2015-07-15,11.580000,10.620000,11.410000,17885455
9.397530,10.880000,2015-07-16,11.190000,9.950000,10.050000,12667259
10.131711,11.730000,2015-07-17,11.780000,10.880000,10.880000,16985937
10.148987,11.750000,2015-07-20,12.150000,11.540000,11.820000,17678166
10.269910,11.890000,2015-07-21,11.930000,11.440000,11.560000,12089157
10.330373,11.960000,2015-07-22,12.000000,11.520000,11.870000,13267116
10.693145,12.380000,2015-07-23,12.480000,11.810000,11.940000,17624461
10.364923,12.000000,2015-07-24,12.570000,11.880000,12.350000,20367975
9.328430,10.800000,2015-07-27,11.970000,10.800000,11.660000,15135873
9.129768,10.570000,2015-07-28,11.060000,9.770000,10.100000,15624757
9.786215,11.330000,2015-07-29,11.380000,10.290000,10.700000,10783899
9.414804,10.900000,2015-07-30,11.480000,10.800000,11.130000,10203168
9.233418,10.690000,2015-07-31,10.980000,10.500000,10.660000,7346518
8.792910,10.180000,2015-08-03,10.590000,9.950000,10.560000,7716019
9.440717,10.930000,2015-08-04,10.980000,10.200000,10.200000,9487426
9.311155,10.780000,2015-08-05,11.170000,10.650000,10.850000,10883971
9.466629,10.960000,2015-08-06,11.090000,10.450000,10.580000,10281557
9.786215,11.330000,2015-08-07,11.350000,10.950000,11.000000,10915985
10.364923,12.000000,2015-08-10,12.050000,11.300000,11.420000,15534191
10.330373,11.960000,2015-08-11,12.180000,11.710000,11.980000,16631015
10.339010,11.970000,2015-08-12,12.140000,11.700000,11.820000,13851252
10.589496,12.260000,2015-08-13,12.280000,11.810000,11.860000,14146389
10.641320,12.320000,2015-08-14,12.610000,12.170000,12.470000,17116498
10.926355,12.650000,2015-08-17,12.730000,12.100000,12.300000,16017764
9.838040,11.390000,2015-08-18,12.680000,11.390000,12.600000,17773068
10.131711,11.730000,2015-08-19,11.780000,10.600000,10.980000,13062251
9.734389,11.270000,2015-08-20,11.760000,11.260000,11.520000,8891606
9.242057,10.700000,2015-08-21,11.200000,10.410000,10.950000,10274549
8.317850,9.630000,2015-08-24,10.390000,9.630000,10.330000,9923312
7.488657,8.670000,2015-08-25,9.220000,8.670000,8.900000,8149009
7.540480,8.730000,2015-08-26,9.270000,8.350000,8.900000,10128035
7.980989,9.240000,2015-08-27,9.250000,8.730000,8.900000,7631354
8.533786,9.880000,2015-08-28,9.900000,9.110000,9.310000,13810748
8.050089,9.320000,2015-08-31,9.720000,9.260000,9.600000,8368036
7.402281,8.570000,2015-09-01,9.250000,8.500000,9.250000,6657378
7.151795,8.280000,2015-09-02,8.900000,8.130000,8.310000,6267400
7.376369,8.540000,2015-09-07,8.850000,8.400000,8.400000,6399815
7.808241,9.040000,2015-09-08,9.100000,8.430000,8.550000,7287762
8.050089,9.320000,2015-09-09,9.380000,9.040000,9.050000,10209868
7.842790,9.080000,2015-09-10,9.280000,9.010000,9.170000,5919406
7.946440,9.200000,2015-09-11,9.260000,9.050000,9.110000,5100029
7.238172,8.380000,2015-09-14,9.240000,8.300000,9.220000,6752918
6.996323,8.100000,2015-09-15,8.460000,8.010000,8.280000,5422107
7.635493,8.840000,2015-09-16,8.910000,8.110000,8.110000,7410362
7.385006,8.550000,2015-09-17,9.040000,8.530000,8.710000,8228146
7.505930,8.690000,2015-09-18,8.770000,8.520000,8.640000,5088670
7.834154,9.070000,2015-09-21,9.080000,8.520000,8.600000,6039233
7.842790,9.080000,2015-09-22,9.160000,8.940000,9.080000,7528808
7.661405,8.870000,2015-09-23,9.040000,8.780000,8.890000,5376536
7.782330,9.010000,2015-09-24,9.040000,8.870000,8.890000,4697506
7.540480,8.730000,2015-09-25,9.090000,8.610000,8.950000,5474191
7.670043,8.880000,2015-09-28,8.890000,8.650000,8.700000,2912644
7.557756,8.750000,2015-09-29,8.820000,8.640000,8.710000,2609102
7.695956,8.910000,2015-09-30,8.930000,8.750000,8.780000,3950801
8.006903,9.270000,2015-10-08,9.320000,9.100000,9.180000,8375669
8.076002,9.350000,2015-10-09,9.360000,9.160000,9.220000,6087664
8.421498,9.750000,2015-10-12,9.840000,9.310000,9.360000,12824373
8.421498,9.750000,2015-10-13,9.790000,9.610000,9.650000,7754463
8.309214,9.620000,2015-10-14,9.770000,9.600000,9.700000,7881100
8.602885,9.960000,2015-10-15,9.980000,9.560000,9.580000,8446751
8.689260,10.060000,2015-10-16,10.110000,9.840000,10.000000,8884833
8.620160,9.980000,2015-10-19,10.130000,9.870000,10.090000,7975075
8.801546,10.190000,2015-10-20,10.200000,9.950000,10.020000,7553323
8.214202,9.510000,2015-10-21,10.400000,9.410000,10.190000,10478844
8.516511,9.860000,2015-10-22,9.910000,9.450000,9.540000,6814244
8.775635,10.160000,2015-10-23,10.180000,9.840000,9.910000,8513735
8.939747,10.350000,2015-10-26,10.570000,10.160000,10.330000,11851345
8.965657,10.380000,2015-10-27,10.460000,9.900000,10.200000,8976571
8.758359,10.140000,2015-10-28,10.440000,10.090000,10.320000,9108191
8.810183,10.200000,2015-10-29,10.280000,10.060000,10.200000,7220312
8.741084,10.120000,2015-10-30,10.290000,9.970000,10.100000,6486870
8.594248,9.950000,2015-11-02,10.180000,9.820000,9.890000,6759532
8.697898,10.070000,2015-11-03,10.100000,9.900000,10.000000,5608667
9.164319,10.610000,2015-11-04,10.690000,10.030000,10.070000,11788816
9.121132,10.560000,2015-11-05,10.770000,10.410000,10.610000,12270428
9.311155,10.780000,2015-11-06,10.790000,10.520000,10.540000,11173436
9.648014,11.170000,2015-11-09,11.180000,10.650000,10.740000,13972477
9.708476,11.240000,2015-11-10,11.330000,10.980000,11.010000,11002834
9.734389,11.270000,2015-11-11,11.300000,11.020000,11.250000,8614242
9.665290,11.190000,2015-11-12,11.400000,11.020000,11.300000,8107636
9.406167,10.890000,2015-11-13,11.140000,10.800000,11.090000,8577242
9.803491,11.350000,2015-11-16,11.400000,10.750000,10.750000,10192084
9.872588,11.430000,2015-11-17,11.600000,11.310000,11.410000,11487710
9.950326,11.520000,2015-11-18,11.760000,11.280000,11.400000,13090524
10.010787,11.590000,2015-11-19,11.600000,11.330000,11.470000,8005087
10.183536,11.790000,2015-11-20,11.800000,11.500000,11.570000,11280157
10.382198,12.020000,2015-11-23,12.250000,11.750000,11.800000,14330178
10.442658,12.090000,2015-11-24,12.250000,11.780000,11.850000,10591904
10.580859,12.250000,2015-11-25,12.260000,12.000000,12.100000,9759291
11.004092,12.740000,2015-11-26,12.930000,12.250000,12.260000,20083030
9.976239,11.550000,2015-11-27,12.640000,11.470000,12.640000,14638077
10.218086,11.830000,2015-11-30,11.870000,11.130000,11.620000,10904066
10.434021,12.080000,2015-12-01,12.250000,11.600000,11.840000,10049193
10.330373,11.960000,2015-12-02,12.260000,11.580000,12.030000,9582674
10.563583,12.230000,2015-12-03,12.340000,11.900000,11.980000,7492464
10.606771,12.280000,2015-12-04,12.520000,12.060000,12.090000,10910731
10.839983,12.550000,2015-12-07,12.580000,12.180000,12.270000,10172737
10.382198,12.020000,2015-12-08,12.500000,11.980000,12.500000,8114827
10.399472,12.040000,2015-12-09,12.200000,11.870000,11.990000,6127388
10.243998,11.860000,2015-12-10,12.100000,11.760000,12.010000,7086381
10.062612,11.650000,2015-12-11,11.810000,11.480000,11.810000,6657619
10.347648,11.980000,2015-12-14,12.000000,11.520000,11.540000,6773782
10.477209,12.130000,2015-12-15,12.280000,11.990000,12.040000,6916195
10.615408,12.290000,2015-12-16,12.340000,12.120000,12.230000,7262845
10.796794,12.500000,2015-12-17,12.580000,12.310000,12.310000,9272338
11.228667,13.000000,2015-12-18,13.160000,12.460000,12.520000,22048405
11.228667,13.000000,2015-12-21,13.180000,12.820000,13.000000,13323341
11.263215,13.040000,2015-12-22,13.130000,12.850000,12.960000,8873117
10.978182,12.710000,2015-12-23,13.100000,12.670000,13.030000,8987618
11.038643,12.780000,2015-12-24,12.800000,12.320000,12.660000,6289442
11.176841,12.940000,2015-12-25,12.970000,12.710000,12.780000,6603388
11.099105,12.850000,2015-12-28,13.360000,12.800000,12.980000,13569684
11.349590,13.140000,2015-12-29,13.160000,12.650000,12.750000,8328164
11.634625,13.470000,2015-12-30,13.640000,13.140000,13.200000,14939631
11.435963,13.240000,2015-12-31,13.500000,13.010000,13.480000,8582468
10.295822,11.920000,2016-01-04,13.200000,11.920000,12.980000,8149080
10.010787,11.590000,2016-01-05,11.960000,11.030000,11.320000,10722307
10.416747,12.060000,2016-01-06,12.080000,11.580000,11.600000,12664709
9.371616,10.850000,2016-01-07,11.860000,10.850000,11.850000,3213835
10.261272,11.880000,2016-01-08,11.940000,10.600000,11.190000,12643364
9.699841,11.230000,2016-01-11,12.250000,11.200000,11.700000,10335797
9.518455,11.020000,2016-01-12,11.450000,10.850000,11.280000,7205677
8.732447,10.110000,2016-01-13,11.250000,9.960000,11.090000,6174604
8.974297,10.390000,2016-01-14,10.400000,9.600000,9.700000,6082392
8.378312,9.700000,2016-01-15,10.400000,9.650000,10.300000,5435018
8.438774,9.770000,2016-01-18,9.910000,9.380000,9.380000,5082164
8.766996,10.150000,2016-01-19,10.190000,9.710000,9.830000,6221033
8.611523,9.970000,2016-01-20,10.250000,9.810000,10.110000,6492390
8.274664,9.580000,2016-01-21,10.180000,9.560000,9.770000,5525056
8.438774,9.770000,2016-01-22,9.870000,9.350000,9.720000,5506738
8.559698,9.910000,2016-01-25,9.970000,9.760000,9.830000,4190853
7.773692,9.000000,2016-01-26,9.850000,8.920000,9.850000,5470606
7.626855,8.830000,2016-01-27,9.270000,8.320000,9.270000,6379772
7.480020,8.660000,2016-01-28,8.980000,8.550000,8.730000,5604113
7.808241,9.040000,2016-01-29,9.150000,8.610000,8.610000,7037391
7.626855,8.830000,2016-02-01,9.000000,8.650000,9.000000,4611851
7.860067,9.100000,2016-02-02,9.180000,8.730000,8.830000,7232551
7.903252,9.150000,2016-02-03,9.180000,8.910000,9.000000,4771412
8.101914,9.380000,2016-02-04,9.450000,9.120000,9.120000,6035887
8.024178,9.290000,2016-02-05,9.410000,9.220000,9.320000,3911500
8.015539,9.280000,2016-02-15,9.320000,9.000000,9.010000,2810721
8.309214,9.620000,2016-02-16,9.680000,9.260000,9.300000,8160613
8.369674,9.690000,2016-02-17,9.720000,9.500000,9.680000,5213351
8.300575,9.610000,2016-02-18,9.790000,9.610000,9.720000,5432983
8.352400,9.670000,2016-02-19,9.690000,9.520000,9.620000,3668682
8.542424,9.890000,2016-02-22,9.910000,9.700000,9.780000,6328351
8.438774,9.770000,2016-02-23,9.910000,9.650000,9.890000,4069577
8.507873,9.850000,2016-02-24,9.880000,9.640000,9.700000,5277111
7.661405,8.870000,2016-02-25,9.860000,8.870000,9.810000,6388453
7.704592,8.920000,2016-02-26,9.040000,8.650000,8.980000,4844266
7.307271,8.460000,2016-02-29,8.960000,8.310000,8.960000,4391809
7.575031,8.770000,2016-03-01,8.790000,8.450000,8.500000,4086341
8.084640,9.360000,2016-03-02,9.430000,8.770000,8.820000,7102850
8.101914,9.380000,2016-03-03,9.630000,9.270000,9.330000,6479891
7.963715,9.220000,2016-03-04,9.470000,8.900000,9.380000,5064394
8.171015,9.460000,2016-03-07,9.550000,9.180000,9.180000,4899208
8.222840,9.520000,2016-03-08,9.550000,9.060000,9.430000,5370089
8.041452,9.310000,2016-03-09,9.420000,9.180000,9.300000,2852197
7.989626,9.250000,2016-03-10,9.390000,9.160000,9.270000,2709232
8.015539,9.280000,2016-03-11,9.330000,9.080000,9.110000,2456270
8.291940,9.600000,2016-03-14,9.740000,9.300000,9.420000,6183985
8.257389,9.560000,2016-03-15,9.620000,9.460000,9.530000,3396046
8.171015,9.460000,2016-03-16,9.700000,9.400000,9.620000,3363348
8.369674,9.690000,2016-03-17,9.720000,9.460000,9.460000,5901512
8.697898,10.070000,2016-03-18,10.070000,9.660000,9.690000,7585453
8.844733,10.240000,2016-03-21,10.260000,10.080000,10.140000,8422597
8.784271,10.170000,2016-03-22,10.240000,10.070000,10.170000,4313488
8.792910,10.180000,2016-03-23,10.200000,10.030000,10.180000,3373295
8.611523,9.970000,2016-03-24,10.180000,9.950000,10.110000,4048717
8.741084,10.120000,2016-03-25,10.140000,9.920000,9.920000,3898085
8.810183,10.200000,2016-03-28,10.380000,10.100000,10.120000,8580568
8.576973,9.930000,2016-03-29,10.120000,9.750000,10.010000,7529497
8.844733,10.240000,2016-03-30,10.250000,9.860000,9.930000,8489316
8.853373,10.250000,2016-03-31,10.310000,10.160000,10.220000,5916651
8.766996,10.150000,2016-04-01,10.250000,10.010000,10.200000,4474170
9.017482,10.440000,2016-04-05,10.460000,10.150000,10.160000,6827631
9.095220,10.530000,2016-04-06,10.680000,10.340000,10.370000,8191299
8.896558,10.300000,2016-04-07,10.630000,10.290000,10.580000,5554519
8.784271,10.170000,2016-04-08,10.270000,10.060000,10.200000,5026449
9.103857,10.540000,2016-04-11,10.650000,10.210000,10.220000,8840998
9.181594,10.630000,2016-04-12,10.630000,10.340000,10.480000,7266337
9.319793,10.790000,2016-04-13,10.980000,10.670000,10.700000,10258192
9.440717,10.930000,2016-04-14,10.960000,10.670000,10.890000,6291768
9.475267,10.970000,2016-04-15,11.030000,10.800000,10.970000,5947931
9.578915,11.090000,2016-04-18,11.130000,10.710000,10.960000,6775044
9.483904,10.980000,2016-04-19,11.170000,10.890000,11.100000,5220588
9.000208,10.420000,2016-04-20,11.070000,10.180000,11.020000,9178225
8.957021,10.370000,2016-04-21,10.570000,10.310000,10.400000,5225049
9.034757,10.460000,2016-04-22,10.480000,10.130000,10.300000,4737095
8.853373,10.250000,2016-04-25,10.390000,10.050000,10.380000,5951027
9.103857,10.540000,2016-04-26,10.550000,10.210000,10.280000,5234063
8.948382,10.360000,2016-04-27,10.510000,10.320000,10.350000,9635639
8.887920,10.290000,2016-04-28,10.450000,10.200000,10.350000,6976236
8.810183,10.200000,2016-04-29,10.320000,10.180000,10.220000,4445300
9.077946,10.510000,2016-05-03,10.600000,10.140000,10.140000,9732719
9.086583,10.520000,2016-05-04,10.680000,10.450000,10.450000,6073980
9.129768,10.570000,2016-05-05,10.660000,10.430000,10.460000,4426069
8.706534,10.080000,2016-05-06,10.720000,10.040000,10.600000,9665534
8.222840,9.520000,2016-05-09,9.990000,9.320000,9.910000,6065379
8.283299,9.590000,2016-05-10,9.640000,9.450000,9.520000,2464898
8.179652,9.470000,2016-05-11,9.720000,9.450000,9.560000,2597462
7.980989,9.240000,2016-05-12,9.360000,9.000000,9.360000,3182910
7.929166,9.180000,2016-05-13,9.350000,9.130000,9.260000,2774647
8.024178,9.290000,2016-05-16,9.300000,9.050000,9.130000,4372537
8.032814,9.300000,2016-05-17,9.390000,9.250000,9.290000,3486770
7.739142,8.960000,2016-05-18,9.280000,8.890000,9.280000,3124813
7.730505,8.950000,2016-05-19,9.090000,8.900000,8.910000,3144632
7.816879,9.050000,2016-05-20,9.050000,8.800000,8.900000,3558694
7.929166,9.180000,2016-05-23,9.200000,9.050000,9.070000,3615527
7.929166,9.180000,2016-05-24,9.250000,9.100000,9.200000,3084193
7.929166,9.180000,2016-05-25,9.330000,9.140000,9.210000,3183263
8.041452,9.310000,2016-05-26,9.340000,8.960000,9.140000,3834020
8.101914,9.380000,2016-05-27,9.400000,9.210000,9.270000,3650109
8.110553,9.390000,2016-05-30,9.440000,9.150000,9.380000,3683227
8.378312,9.700000,2016-05-31,9.720000,9.350000,9.390000,5650596
8.404223,9.730000,2016-06-01,9.840000,9.630000,9.700000,4368554
8.507873,9.850000,2016-06-02,9.900000,9.700000,9.750000,5245447
8.628797,9.990000,2016-06-03,10.000000,9.810000,9.820000,4838858
8.525148,9.870000,2016-06-06,10.060000,9.750000,9.980000,4617655
8.559698,9.910000,2016-06-07,9.940000,9.740000,9.830000,2956980
8.551061,9.900000,2016-06-08,9.910000,9.700000,9.860000,3521277
8.222840,9.520000,2016-06-13,9.900000,9.500000,9.800000,4644189
8.231477,9.530000,2016-06-14,9.690000,9.280000,9.530000,3689297
8.551061,9.900000,2016-06-15,9.990000,9.370000,9.420000,3870852
8.551061,9.900000,2016-06-16,9.970000,9.810000,9.830000,3294296
8.611523,9.970000,2016-06-17,10.180000,9.860000,9.900000,3404236
8.689887,9.980000,2016-06-20,9.990000,9.800000,9.950000,2882408
8.594109,9.870000,2016-06-21,10.200000,9.820000,10.110000,2824363
8.846621,10.160000,2016-06-22,10.180000,9.780000,9.780000,4715012
8.707303,10.000000,2016-06-23,10.110000,9.920000,10.100000,2433811
8.567986,9.840000,2016-06-24,10.100000,9.710000,9.960000,4597162
8.733425,10.030000,2016-06-27,10.050000,9.690000,9.710000,3850404
8.864035,10.180000,2016-06-28,10.190000,9.930000,9.990000,3960513
8.881450,10.200000,2016-06-29,10.290000,10.110000,10.180000,4013017
8.951106,10.280000,2016-06-30,10.300000,10.110000,10.180000,2416105
8.959815,10.290000,2016-07-01,10.460000,10.240000,10.320000,3192662
9.238448,10.610000,2016-07-04,10.730000,10.180000,10.200000,6605800
9.281985,10.660000,2016-07-05,10.690000,10.500000,10.610000,5202410
9.412595,10.810000,2016-07-06,10.870000,10.520000,10.560000,5421375
9.682521,11.120000,2016-07-07,11.540000,10.750000,10.760000,12575341
9.752180,11.200000,2016-07-08,11.270000,10.890000,11.120000,8855285
9.534497,10.950000,2016-07-11,11.220000,10.860000,11.100000,6001646
9.578034,11.000000,2016-07-12,11.010000,10.680000,10.950000,6726048
9.490961,10.900000,2016-07-13,11.090000,10.790000,11.050000,5062166
9.456131,10.860000,2016-07-14,10.940000,10.740000,10.910000,3774359
9.456131,10.860000,2016-07-15,10.890000,10.770000,10.820000,2537047
9.351645,10.740000,2016-07-18,10.870000,10.680000,10.870000,3082397
9.403888,10.800000,2016-07-19,10.810000,10.670000,10.710000,2104979
9.421303,10.820000,2016-07-20,10.880000,10.740000,10.820000,2581488
9.447424,10.850000,2016-07-21,10.910000,10.760000,10.760000,2858451
9.464839,10.870000,2016-07-22,10.980000,10.840000,10.890000,3232025
9.177498,10.540000,2016-07-25,10.950000,10.450000,10.830000,8751805
9.142669,10.500000,2016-07-26,10.580000,10.360000,10.450000,12557628
8.750840,10.050000,2016-07-27,10.540000,9.930000,10.520000,10793870
8.759547,10.060000,2016-07-28,10.080000,9.960000,10.010000,4440826
8.768254,10.070000,2016-07-29,10.200000,9.970000,10.090000,3131466
8.585402,9.860000,2016-08-01,10.030000,9.650000,10.030000,2840221
8.655059,9.940000,2016-08-02,9.950000,9.820000,9.830000,1888560
8.768254,10.070000,2016-08-03,10.140000,9.800000,9.970000,2582650
8.820499,10.130000,2016-08-04,10.180000,10.060000,10.180000,2126209
8.846621,10.160000,2016-08-05,10.250000,10.080000,10.100000,2194197
8.985936,10.320000,2016-08-08,10.350000,10.060000,10.100000,2918432
9.038181,10.380000,2016-08-09,10.420000,10.230000,10.320000,3303260
9.012059,10.350000,2016-08-10,10.420000,10.320000,10.390000,2518270
8.924986,10.250000,2016-08-11,10.350000,10.170000,10.350000,1659236
8.985936,10.320000,2016-08-12,10.330000,10.170000,10.250000,2732685
9.142669,10.500000,2016-08-15,10.560000,10.270000,10.370000,7264757
9.142669,10.500000,2016-08-16,10.550000,10.450000,10.510000,3062714
9.099133,10.450000,2016-08-17,10.560000,10.410000,10.510000,2678598
9.142669,10.500000,2016-08-18,10.600000,10.450000,10.450000,4581198
9.194913,10.560000,2016-08-19,10.600000,10.450000,10.500000,3885602
9.316815,10.700000,2016-08-22,10.720000,10.530000,10.610000,7985309
9.299400,10.680000,2016-08-23,10.850000,10.540000,10.670000,12997978
9.090425,10.440000,2016-08-24,10.680000,10.330000,10.590000,10084727
9.012059,10.350000,2016-08-25,10.380000,10.210000,10.370000,4552767
9.012059,10.350000,2016-08-26,10.480000,10.320000,10.370000,3551329
9.099133,10.450000,2016-08-29,10.470000,10.360000,10.360000,3968074
9.151377,10.510000,2016-08-30,10.600000,10.450000,10.480000,4213004
9.194913,10.560000,2016-08-31,10.590000,10.420000,10.520000,5426023
9.186205,10.550000,2016-09-01,10.640000,10.520000,10.570000,5702315
9.203620,10.570000,2016-09-02,10.610000,10.460000,10.580000,5005413
9.290691,10.670000,2016-09-05,10.680000,10.520000,10.570000,6141412
9.360352,10.750000,2016-09-06,10.770000,10.530000,10.660000,6513583
9.351645,10.740000,2016-09-07,10.910000,10.670000,10.740000,13092717
9.421303,10.820000,2016-09-08,10.840000,10.620000,10.720000,6427418
9.369060,10.760000,2016-09-09,10.840000,10.690000,10.820000,4246562
9.073009,10.420000,2016-09-12,10.630000,10.360000,10.620000,4405315
9.151377,10.510000,2016-09-13,10.560000,10.420000,10.450000,3226693
9.369060,10.760000,2016-09-14,10.850000,10.430000,10.520000,9068887
9.490961,10.900000,2016-09-19,10.940000,10.690000,10.740000,7540433
9.447424,10.850000,2016-09-20,11.020000,10.770000,10.870000,7026997
9.499667,10.910000,2016-09-21,10.960000,10.810000,10.860000,6198163
9.534497,10.950000,2016-09-22,11.000000,10.900000,10.930000,7286320
9.403888,10.800000,2016-09-23,10.970000,10.800000,10.960000,4490375
9.316815,10.700000,2016-09-26,10.870000,10.650000,10.780000,5953566
9.386473,10.780000,2016-09-27,10.790000,10.610000,10.710000,3753574
9.369060,10.760000,2016-09-28,10.840000,10.670000,10.780000,3417315
9.560618,10.980000,2016-09-29,11.040000,10.740000,10.740000,6352991
9.560618,10.980000,2016-09-30,11.020000,10.920000,10.940000,4102807
9.708643,11.150000,2016-10-10,11.150000,10.850000,10.970000,7313775
9.682521,11.120000,2016-10-11,11.180000,11.000000,11.120000,9311725
9.699938,11.140000,2016-10-12,11.170000,11.030000,11.070000,5881360
9.647693,11.080000,2016-10-13,11.160000,11.020000,11.100000,4865262
9.569325,10.990000,2016-10-14,11.090000,10.850000,11.070000,8879275
9.517082,10.930000,2016-10-17,11.060000,10.880000,10.990000,5729842
9.673813,11.110000,2016-10-18,11.130000,10.870000,10.880000,6963693
9.708643,11.150000,2016-10-19,11.220000,11.090000,11.130000,5680323
9.734766,11.180000,2016-10-20,11.230000,11.060000,11.150000,6610353
9.743472,11.190000,2016-10-21,11.290000,11.000000,11.140000,6200333
9.830546,11.290000,2016-10-24,11.350000,11.140000,11.200000,7227841
9.874083,11.340000,2016-10-25,11.420000,11.260000,11.350000,5720801
10.440057,11.990000,2016-10-26,12.360000,11.350000,11.400000,25001364
10.413934,11.960000,2016-10-27,12.100000,11.700000,11.840000,14765659
10.326861,11.860000,2016-10-28,11.980000,11.700000,11.880000,10557662
10.527130,12.090000,2016-10-31,12.150000,11.650000,11.830000,10633202
10.823179,12.430000,2016-11-01,12.680000,12.020000,12.020000,17769001
10.675153,12.260000,2016-11-02,12.490000,12.200000,12.330000,9005720
11.006031,12.640000,2016-11-03,12.880000,12.170000,12.250000,16536719
10.927667,12.550000,2016-11-04,12.780000,12.460000,12.510000,10749741
10.744811,12.340000,2016-11-07,12.690000,12.220000,12.690000,9295588
10.744811,12.340000,2016-11-08,12.440000,12.210000,12.360000,7286537
10.579373,12.150000,2016-11-09,12.490000,12.020000,12.310000,10801071
10.858008,12.470000,2016-11-10,12.530000,12.160000,12.240000,12800824
11.014738,12.650000,2016-11-11,12.750000,12.380000,12.530000,14117296
11.066982,12.710000,2016-11-14,12.730000,12.470000,12.650000,9129143
11.058274,12.700000,2016-11-15,12.850000,12.650000,12.720000,6199707
11.197593,12.860000,2016-11-16,13.060000,12.590000,12.750000,10501193
11.145350,12.800000,2016-11-17,12.950000,12.680000,12.840000,6190030
11.632957,13.360000,2016-11-18,14.000000,12.720000,12.720000,21488040
11.528470,13.240000,2016-11-21,13.500000,13.160000,13.360000,9563312
11.563300,13.280000,2016-11-22,13.450000,13.020000,13.190000,10359452
11.702615,13.440000,2016-11-23,13.760000,13.190000,13.330000,8358721
11.563300,13.280000,2016-11-24,13.680000,13.250000,13.510000,6355399
11.693909,13.430000,2016-11-25,13.460000,12.820000,13.200000,12929720
11.937714,13.710000,2016-11-28,13.710000,13.230000,13.390000,11905128
11.667787,13.400000,2016-11-29,13.850000,13.320000,13.650000,9328187
11.389153,13.080000,2016-11-30,13.430000,12.960000,13.410000,8175003
11.415274,13.110000,2016-12-01,13.220000,12.960000,13.050000,5346941
10.918959,12.540000,2016-12-02,13.110000,12.480000,13.110000,7543605
10.823179,12.430000,2016-12-05,12.630000,12.250000,12.250000,3599871
10.884130,12.500000,2016-12-06,12.620000,12.420000,12.430000,2818010
10.997325,12.630000,2016-12-07,12.630000,12.420000,12.540000,3527412
10.971203,12.600000,2016-12-08,12.730000,12.580000,12.660000,3720631
10.797055,12.400000,2016-12-09,12.630000,12.220000,12.530000,5912237
10.204960,11.720000,2016-12-12,12.450000,11.670000,12.410000,7907219
10.326861,11.860000,2016-12-13,11.920000,11.650000,11.650000,4039592
10.326861,11.860000,2016-12-14,11.980000,11.750000,11.860000,3478702
10.501009,12.060000,2016-12-15,12.180000,11.760000,11.760000,5302398
11.188886,12.850000,2016-12-16,12.880000,12.010000,12.020000,10971732
11.911592,13.680000,2016-12-19,14.140000,12.810000,12.850000,35754740
12.016078,13.800000,2016-12-20,14.130000,13.100000,13.480000,19740329
11.885469,13.650000,2016-12-21,13.900000,13.450000,13.700000,9370816
11.911592,13.680000,2016-12-22,13.780000,13.380000,13.560000,7181321
11.989957,13.770000,2016-12-23,13.890000,13.500000,13.680000,9384843
11.641665,13.370000,2016-12-26,13.680000,13.110000,13.680000,8282689
11.676494,13.410000,2016-12-27,13.600000,13.310000,13.500000,6917617
11.728739,13.470000,2016-12-28,13.700000,13.340000,13.340000,7157458
11.476226,13.180000,2016-12-29,13.440000,13.120000,13.440000,5951220
11.380446,13.070000,2016-12-30,13.350000,13.030000,13.130000,5129606
11.458812,13.160000,2017-01-03,13.450000,13.080000,13.100000,7685423
11.754859,13.500000,2017-01-04,13.530000,13.110000,13.160000,9616437
11.711323,13.450000,2017-01-05,13.720000,13.350000,13.470000,7284779
11.902883,13.670000,2017-01-06,13.720000,13.370000,13.380000,8099444
12.521102,14.380000,2017-01-09,14.480000,13.510000,13.680000,17230663
12.120566,13.920000,2017-01-10,14.340000,13.900000,14.300000,10256749
11.981251,13.760000,2017-01-11,14.180000,13.730000,13.940000,6950167
12.033494,13.820000,2017-01-12,13.890000,13.600000,13.750000,5411263
11.145350,12.800000,2017-01-13,13.890000,12.780000,13.820000,9930664
10.422643,11.970000,2017-01-16,12.770000,11.600000,12.710000,8812058
10.683862,12.270000,2017-01-17,12.380000,11.910000,11.970000,5410868
10.701277,12.290000,2017-01-18,12.560000,12.200000,12.310000,4268298
10.649033,12.230000,2017-01-19,12.400000,12.040000,12.040000,2727621
11.006031,12.640000,2017-01-20,12.750000,12.290000,12.290000,4643534
11.023445,12.660000,2017-01-23,12.790000,12.560000,12.740000,3155150
11.171471,12.830000,2017-01-24,13.000000,12.660000,12.680000,4651470
11.180178,12.840000,2017-01-25,12.920000,12.730000,12.920000,2934578
11.249837,12.920000,2017-01-26,13.130000,12.700000,12.700000,4641059
11.267251,12.940000,2017-02-03,13.080000,12.850000,12.960000,2355389
11.241128,12.910000,2017-02-06,12.980000,12.710000,12.900000,3743187
11.249837,12.920000,2017-02-07,13.050000,12.780000,12.840000,4694219
11.267251,12.940000,2017-02-08,12.950000,12.790000,12.900000,3068883
11.389153,13.080000,2017-02-09,13.100000,12.850000,12.970000,5386872
11.293373,12.970000,2017-02-10,13.170000,12.900000,13.030000,7848221
11.197593,12.860000,2017-02-13,12.960000,12.650000,12.930000,4644039
11.110519,12.760000,2017-02-14,12.890000,12.680000,12.860000,3489410
10.901544,12.520000,2017-02-15,12.810000,12.430000,12.650000,4154698
11.066982,12.710000,2017-02-16,12.740000,12.510000,12.550000,3458617
10.918959,12.540000,2017-02-17,12.760000,12.510000,12.680000,2821106
11.267251,12.940000,2017-02-20,12.970000,12.450000,12.490000,6987592
11.572006,13.290000,2017-02-21,13.470000,12.900000,12.920000,11301243
11.441398,13.140000,2017-02-22,13.280000,13.040000,13.180000,6574039
11.293373,12.970000,2017-02-23,13.200000,12.910000,13.160000,4167920
11.363030,13.050000,2017-02-24,13.140000,12.920000,13.030000,3660163
11.206299,12.870000,2017-02-27,13.140000,12.820000,13.060000,3283282
11.432690,13.130000,2017-02-28,13.160000,12.820000,12.870000,5163983
11.467520,13.170000,2017-03-01,13.280000,13.080000,13.090000,5027300
11.354324,13.040000,2017-03-02,13.230000,13.010000,13.110000,3058044
11.389153,13.080000,2017-03-03,13.150000,12.920000,13.000000,3426567
11.502349,13.210000,2017-03-06,13.240000,12.980000,13.030000,4155023
11.537176,13.250000,2017-03-07,13.270000,13.130000,13.210000,4516086
11.676494,13.410000,2017-03-08,13.540000,13.190000,13.250000,8337735
11.502349,13.210000,2017-03-09,13.440000,13.150000,13.380000,4755517
11.537176,13.250000,2017-03-10,13.360000,13.150000,13.200000,3901819
11.563300,13.280000,2017-03-13,13.290000,13.030000,13.160000,3329977
11.624250,13.350000,2017-03-14,13.440000,13.240000,13.300000,4009875
11.484933,13.190000,2017-03-15,13.380000,13.140000,13.380000,2876363
11.519762,13.230000,2017-03-16,13.280000,13.090000,13.190000,4074254
11.389153,13.080000,2017-03-17,13.270000,13.060000,13.230000,3196961
11.423983,13.120000,2017-03-20,13.200000,13.060000,13.070000,3062165
11.563300,13.280000,2017-03-21,13.290000,13.100000,13.120000,3464117
11.363030,13.050000,2017-03-22,13.260000,13.000000,13.250000,4468782
11.406569,13.100000,2017-03-23,13.150000,13.000000,13.100000,3037890
11.302080,12.980000,2017-03-24,13.120000,12.830000,13.100000,4092530
11.040862,12.680000,2017-03-27,13.060000,12.610000,13.040000,4595425
11.275958,12.950000,2017-03-28,13.000000,12.610000,12.700000,4786544
11.162764,12.820000,2017-03-29,12.980000,12.770000,12.900000,2644236
10.483593,12.040000,2017-03-30,12.860000,12.000000,12.820000,6763616
10.483593,12.040000,2017-03-31,12.170000,11.750000,12.090000,5582756
10.910252,12.530000,2017-04-05,12.570000,12.020000,12.050000,5636260
10.962495,12.590000,2017-04-06,12.730000,12.430000,12.500000,4106819
11.006031,12.640000,2017-04-07,12.700000,12.530000,12.650000,2606090
10.962495,12.590000,2017-04-10,12.660000,12.450000,12.530000,3123677
10.753520,12.350000,2017-04-11,12.590000,12.180000,12.590000,3185292
10.753520,12.350000,2017-04-12,12.460000,12.240000,12.400000,3365110
10.622910,12.200000,2017-04-13,12.380000,12.190000,12.380000,3694761
10.405228,11.950000,2017-04-14,12.270000,11.860000,12.270000,3232760
10.117887,11.620000,2017-04-17,11.980000,11.560000,11.940000,3586336
9.987276,11.470000,2017-04-18,11.700000,11.320000,11.680000,3522286
9.586742,11.010000,2017-04-19,11.460000,10.800000,11.330000,5109636
9.133961,10.490000,2017-04-20,11.060000,10.440000,10.960000,6930887
9.308107,10.690000,2017-04-21,10.880000,10.510000,10.560000,4017895
9.342936,10.730000,2017-04-24,10.920000,10.530000,10.700000,5792968
9.107840,10.460000,2017-04-25,10.790000,10.450000,10.730000,3835477
8.890157,10.210000,2017-04-26,10.550000,10.040000,10.460000,7939576
8.898864,10.220000,2017-04-27,10.270000,9.880000,10.170000,4625012
9.038181,10.380000,2017-04-28,10.420000,10.160000,10.230000,3093535
8.924986,10.250000,2017-05-02,10.450000,10.200000,10.350000,5205741
8.881450,10.200000,2017-05-03,10.290000,10.030000,10.280000,5492948
8.837913,10.150000,2017-05-04,10.290000,10.050000,10.140000,4023584
8.750840,10.050000,2017-05-05,10.180000,10.010000,10.140000,3475323
8.454792,9.710000,2017-05-08,10.010000,9.700000,10.010000,3788390
8.515742,9.780000,2017-05-09,9.800000,9.620000,9.640000,2432665
8.115206,9.320000,2017-05-10,9.870000,9.280000,9.780000,4605952
8.210988,9.430000,2017-05-11,9.470000,9.150000,9.310000,4591280
8.062963,9.260000,2017-05-12,9.450000,9.110000,9.430000,4125513
8.106500,9.310000,2017-05-15,9.330000,9.200000,9.210000,2394541
8.437377,9.690000,2017-05-16,9.720000,9.210000,9.290000,4700023
8.463500,9.720000,2017-05-17,9.810000,9.630000,9.710000,4027313
8.350304,9.590000,2017-05-18,9.790000,9.530000,9.680000,2171953
8.350304,9.590000,2017-05-19,9.660000,9.500000,9.600000,1703287
8.080378,9.280000,2017-05-22,9.630000,9.240000,9.590000,2483523
7.758208,8.910000,2017-05-23,9.300000,8.900000,9.270000,4100995
7.862695,9.030000,2017-05-24,9.080000,8.790000,8.820000,3678778
7.949767,9.130000,2017-05-25,9.190000,8.890000,9.030000,3009548
7.923647,9.100000,2017-05-26,9.220000,9.050000,9.130000,2400219
7.949767,9.130000,2017-05-31,9.300000,9.120000,9.200000,2755155
7.671135,8.810000,2017-06-01,9.190000,8.790000,9.160000,3807826
7.827866,8.990000,2017-06-02,9.040000,8.710000,8.830000,3198152
7.863008,8.950000,2017-06-05,9.030000,8.880000,8.930000,2765558
7.977219,9.080000,2017-06-06,9.220000,8.940000,8.950000,4819844
8.231998,9.370000,2017-06-07,9.410000,9.040000,9.040000,4984441
8.223213,9.360000,2017-06-08,9.510000,9.250000,9.370000,3915092
8.223213,9.360000,2017-06-09,9.390000,9.250000,9.370000,2447947
8.091431,9.210000,2017-06-12,9.350000,9.190000,9.350000,2958072
8.179287,9.310000,2017-06-13,9.370000,9.170000,9.280000,4077573
8.214428,9.350000,2017-06-14,9.420000,9.290000,9.310000,4595020
8.381351,9.540000,2017-06-15,9.680000,9.280000,9.300000,5552797
8.381351,9.540000,2017-06-16,9.570000,9.420000,9.490000,2768591
8.381351,9.540000,2017-06-19,9.540000,9.540000,9.540000,0
8.469207,9.640000,2017-06-20,9.670000,9.550000,9.590000,2517214
8.398923,9.560000,2017-06-21,9.660000,9.470000,9.660000,2052714
8.258355,9.400000,2017-06-22,9.570000,9.380000,9.560000,3414417
8.231998,9.370000,2017-06-23,9.470000,9.210000,9.400000,3008388
8.346210,9.500000,2017-06-26,9.510000,9.270000,9.370000,4104576
8.363780,9.520000,2017-06-27,9.600000,9.460000,9.500000,2764614
8.319854,9.470000,2017-06-28,9.530000,9.390000,9.480000,2107000
8.354996,9.510000,2017-06-29,9.580000,9.390000,9.450000,2693359
8.398923,9.560000,2017-06-30,9.570000,9.420000,9.420000,2831540
8.442851,9.610000,2017-07-03,9.610000,9.520000,9.570000,2358035
8.442851,9.610000,2017-07-04,9.640000,9.550000,9.600000,2110725
8.469207,9.640000,2017-07-05,9.650000,9.530000,9.600000,2094546
8.521918,9.700000,2017-07-06,9.710000,9.590000,9.630000,2810326
8.521918,9.700000,2017-07-07,9.710000,9.620000,9.650000,2357933
8.618560,9.810000,2017-07-10,9.870000,9.650000,9.660000,3903632
8.917266,10.150000,2017-07-11,10.230000,9.780000,9.830000,10877119
8.820625,10.040000,2017-07-12,10.170000,9.810000,10.160000,5383256
8.882123,10.110000,2017-07-13,10.120000,9.920000,10.040000,3024437
8.820625,10.040000,2017-07-14,10.230000,9.950000,10.100000,3311077
8.179287,9.310000,2017-07-17,9.960000,9.240000,9.930000,5585882
8.275926,9.420000,2017-07-18,9.450000,9.280000,9.360000,2546505
8.434065,9.600000,2017-07-19,9.650000,9.330000,9.410000,3141275
8.486777,9.660000,2017-07-20,9.800000,9.550000,9.610000,4128090
8.504349,9.680000,2017-07-21,9.700000,9.540000,9.600000,3112825
8.565847,9.750000,2017-07-24,9.820000,9.620000,9.630000,4644596
8.794270,10.010000,2017-07-25,10.020000,9.730000,9.730000,6067355
8.732771,9.940000,2017-07-26,10.040000,9.860000,9.950000,4663958
9.066619,10.320000,2017-07-27,10.450000,9.840000,9.980000,9629140
9.040263,10.290000,2017-07-28,10.320000,10.130000,10.230000,5147018
9.031476,10.280000,2017-07-31,10.310000,10.190000,10.300000,4298434
8.873340,10.100000,2017-08-01,10.330000,10.030000,10.280000,4519532
8.688843,9.890000,2017-08-02,10.120000,9.860000,10.120000,3783919
8.706414,9.910000,2017-08-03,9.980000,9.830000,9.890000,2199531
8.662487,9.860000,2017-08-04,10.000000,9.850000,9.920000,2249900
8.671272,9.870000,2017-08-07,9.940000,9.820000,9.900000,2697101
8.574632,9.760000,2017-08-08,9.890000,9.710000,9.880000,3545340
8.627345,9.820000,2017-08-09,9.850000,9.710000,9.760000,2482231
8.363780,9.520000,2017-08-10,9.830000,9.500000,9.800000,3826390
8.170502,9.300000,2017-08-11,9.530000,9.200000,9.520000,3438626
8.328638,9.480000,2017-08-14,9.490000,9.270000,9.290000,3112192
8.319854,9.470000,2017-08-15,9.490000,9.380000,9.450000,2680413
8.363780,9.520000,2017-08-16,9.520000,9.320000,9.470000,2959354
8.539491,9.720000,2017-08-17,9.750000,9.460000,9.490000,3913605
8.469207,9.640000,2017-08-18,9.720000,9.620000,9.670000,1962458
8.583418,9.770000,2017-08-21,9.810000,9.630000,9.630000,2567371
8.600988,9.790000,2017-08-22,9.820000,9.660000,9.760000,2424500
8.495563,9.670000,2017-08-23,9.770000,9.620000,9.750000,1417079
8.407707,9.570000,2017-08-24,9.710000,9.560000,9.650000,1791400
8.917266,10.150000,2017-08-25,10.280000,9.560000,9.560000,9145378
8.882123,10.110000,2017-08-28,10.120000,9.980000,10.080000,5588781
8.820625,10.040000,2017-08-29,10.090000,10.010000,10.060000,2885230
8.820625,10.040000,2017-08-30,10.240000,10.000000,10.040000,4226170
8.811839,10.030000,2017-08-31,10.090000,9.940000,10.080000,2836957
8.811839,10.030000,2017-09-01,10.070000,9.950000,10.030000,3567757
8.803056,10.020000,2017-09-04,10.040000,9.970000,10.030000,2384452
8.715199,9.920000,2017-09-05,10.080000,9.890000,9.990000,3868036
8.706414,9.910000,2017-09-06,9.950000,9.810000,9.950000,4387616
8.680058,9.880000,2017-09-07,10.050000,9.860000,9.880000,3283977
8.723985,9.930000,2017-09-08,9.990000,9.840000,9.860000,2568113
8.785483,10.000000,2017-09-11,10.000000,9.860000,9.900000,2815402
8.715199,9.920000,2017-09-12,10.030000,9.900000,10.000000,3476580
8.864552,10.090000,2017-09-13,10.110000,9.880000,9.900000,4861132
8.829412,10.050000,2017-09-14,10.100000,10.000000,10.090000,3558118
8.750341,9.960000,2017-09-15,10.080000,9.930000,10.040000,2519480
8.671272,9.870000,2017-09-18,9.970000,9.810000,9.950000,4457173
8.697628,9.900000,2017-09-19,9.990000,9.860000,9.860000,3730601
8.732771,9.940000,2017-09-20,9.950000,9.840000,9.900000,2712106
8.653703,9.850000,2017-09-21,9.950000,9.830000,9.950000,2271244
8.574632,9.760000,2017-09-22,9.840000,9.710000,9.840000,3467521
8.583418,9.770000,2017-09-25,9.850000,9.720000,9.760000,3681261
8.609775,9.800000,2017-09-26,9.860000,9.730000,9.780000,1780520
8.697628,9.900000,2017-09-27,9.940000,9.760000,9.760000,2602937
8.583418,9.770000,2017-09-28,9.940000,9.750000,9.910000,2442204
8.662487,9.860000,2017-09-29,9.870000,9.720000,9.800000,2370100
8.671272,9.870000,2017-10-09,9.990000,9.840000,9.980000,5646613
8.820625,10.040000,2017-10-10,10.050000,9.850000,9.850000,6058439
8.908481,10.140000,2017-10-11,10.160000,9.950000,10.040000,7329297
8.829412,10.050000,2017-10-12,10.180000,9.980000,10.110000,5761866
9.022693,10.270000,2017-10-13,10.280000,10.010000,10.030000,7443801
8.803056,10.020000,2017-10-16,10.240000,9.980000,10.170000,5591280
9.101760,10.360000,2017-10-17,10.370000,9.880000,9.990000,9646381
9.031476,10.280000,2017-10-18,10.360000,10.100000,10.300000,5512563
8.943623,10.180000,2017-10-19,10.390000,10.060000,10.220000,4354038
9.224757,10.500000,2017-10-20,10.550000,10.150000,10.230000,9251870
9.163260,10.430000,2017-10-23,10.600000,10.360000,10.430000,5567788
8.961194,10.200000,2017-10-24,10.500000,10.160000,10.470000,6213235
9.136903,10.400000,2017-10-25,10.460000,10.170000,10.180000,5017325
9.778244,11.130000,2017-10-26,11.430000,10.460000,10.550000,23280465
9.637675,10.970000,2017-10-27,11.120000,10.760000,11.020000,10704334
9.418038,10.720000,2017-10-30,10.960000,10.560000,10.960000,7375293
9.426824,10.730000,2017-10-31,10.880000,10.660000,10.710000,6146588
9.444395,10.750000,2017-11-01,10.790000,10.590000,10.710000,4889048
9.655246,10.990000,2017-11-02,11.180000,10.520000,10.730000,10896009
9.453181,10.760000,2017-11-03,11.000000,10.720000,10.890000,5019131
9.593748,10.920000,2017-11-06,10.920000,10.630000,10.750000,4211015
9.751888,11.100000,2017-11-07,11.200000,10.860000,10.910000,8296265
9.655246,10.990000,2017-11-08,11.300000,10.970000,11.100000,6576873
9.584962,10.910000,2017-11-09,10.980000,10.720000,10.870000,5169229
9.628891,10.960000,2017-11-10,10.990000,10.730000,10.910000,3766893
9.892455,11.260000,2017-11-13,12.060000,11.200000,11.990000,49366830
9.453181,10.760000,2017-11-14,10.970000,10.500000,10.850000,30588202
9.576178,10.900000,2017-11-15,10.980000,10.460000,10.650000,15790464
9.488322,10.800000,2017-11-16,10.890000,10.620000,10.830000,7302682
9.075404,10.330000,2017-11-17,10.780000,10.270000,10.740000,5998321
9.215973,10.490000,2017-11-20,10.550000,10.120000,10.300000,4147105
9.268685,10.550000,2017-11-21,10.610000,10.430000,10.480000,3824988
9.101760,10.360000,2017-11-22,10.550000,10.310000,10.550000,3250719
8.943623,10.180000,2017-11-23,10.360000,10.060000,10.320000,5145742
8.776697,9.990000,2017-11-24,10.260000,9.890000,10.170000,2954800
8.864552,10.090000,2017-11-27,10.140000,9.860000,9.950000,1864542
8.820625,10.040000,2017-11-28,10.090000,9.910000,10.010000,3138849
8.899695,10.130000,2017-11-29,10.170000,9.980000,10.060000,2449621
8.846982,10.070000,2017-11-30,10.170000,9.960000,10.080000,2484424
8.829412,10.050000,2017-12-01,10.130000,10.010000,10.020000,2112323
8.583418,9.770000,2017-12-04,10.080000,9.760000,10.050000,2896700
8.592202,9.780000,2017-12-05,9.880000,9.600000,9.790000,3016069
8.662487,9.860000,2017-12-06,9.950000,9.580000,9.770000,3157956
8.600988,9.790000,2017-12-07,9.880000,9.700000,9.830000,2206701
8.592202,9.780000,2017-12-08,9.840000,9.720000,9.790000,1605800
8.565847,9.750000,2017-12-11,9.810000,9.710000,9.800000,2113703
8.469207,9.640000,2017-12-12,9.760000,9.630000,9.760000,1201400
8.486777,9.660000,2017-12-13,9.690000,9.590000,9.620000,860601
8.337423,9.490000,2017-12-14,9.690000,9.460000,9.690000,2364770
8.267140,9.410000,2017-12-15,9.510000,9.270000,9.470000,3165817
8.214428,9.350000,2017-12-18,9.440000,9.250000,9.390000,2127774
8.249569,9.390000,2017-12-19,9.430000,9.320000,9.340000,1177788
8.267140,9.410000,2017-12-20,9.420000,9.280000,9.390000,2076337
8.240783,9.380000,2017-12-21,9.420000,9.320000,9.360000,833392
8.354996,9.510000,2017-12-22,9.650000,9.360000,9.360000,2279025
8.346210,9.500000,2017-12-25,9.600000,9.430000,9.500000,1582472
8.381351,9.540000,2017-12-26,9.590000,9.440000,9.500000,1220700
8.223213,9.360000,2017-12-27,9.600000,9.320000,9.530000,2139562
8.231998,9.370000,2017-12-28,9.420000,9.330000,9.350000,1545964
8.284712,9.430000,2017-12-29,9.440000,9.330000,9.370000,1516831
8.390137,9.550000,2018-01-02,9.570000,9.410000,9.450000,2581313
8.425278,9.590000,2018-01-03,9.630000,9.510000,9.550000,2258504
8.451634,9.620000,2018-01-04,9.640000,9.550000,9.580000,1745781
8.548274,9.730000,2018-01-05,9.770000,9.560000,9.630000,2561567
8.565847,9.750000,2018-01-08,9.760000,9.670000,9.710000,1894237
8.565847,9.750000,2018-01-09,9.750000,9.750000,9.750000,0
8.565847,9.750000,2018-01-10,9.750000,9.750000,9.750000,0
8.565847,9.750000,2018-01-11,9.750000,9.750000,9.750000,0
8.565847,9.750000,2018-01-12,9.750000,9.750000,9.750000,0
8.565847,9.750000,2018-01-15,9.750000,9.750000,9.750000,0
8.565847,9.750000,2018-01-16,9.750000,9.750000,9.750000,0
8.565847,9.750000,2018-01-17,9.750000,9.750000,9.750000,0
8.565847,9.750000,2018-01-18,9.750000,9.750000,9.750000,0
8.565847,9.750000,2018-01-19,9.750000,9.750000,9.750000,0
8.565847,9.750000,2018-01-22,9.750000,9.750000,9.750000,0
8.565847,9.750000,2018-01-23,9.750000,9.750000,9.750000,0
8.565847,9.750000,2018-01-24,9.750000,9.750000,9.750000,0
8.565847,9.750000,2018-01-25,9.750000,9.750000,9.750000,0
8.565847,9.750000,2018-01-26,9.750000,9.750000,9.750000,0
8.565847,9.750000,2018-01-29,9.750000,9.750000,9.750000,0
8.565847,9.750000,2018-01-30,9.750000,9.750000,9.750000,0
8.565847,9.750000,2018-01-31,9.750000,9.750000,9.750000,0
8.565847,9.750000,2018-02-01,9.750000,9.750000,9.750000,0
8.565847,9.750000,2018-02-02,9.750000,9.750000,9.750000,0
8.565847,9.750000,2018-02-05,9.750000,9.750000,9.750000,0
8.565847,9.750000,2018-02-06,9.750000,9.750000,9.750000,0
8.565847,9.750000,2018-02-07,9.750000,9.750000,9.750000,0
8.565847,9.750000,2018-02-08,9.750000,9.750000,9.750000,0
8.565847,9.750000,2018-02-09,9.750000,9.750000,9.750000,0
8.565847,9.750000,2018-02-12,9.750000,9.750000,9.750000,0
8.565847,9.750000,2018-02-13,9.750000,9.750000,9.750000,0
8.565847,9.750000,2018-02-14,9.750000,9.750000,9.750000,0
8.565847,9.750000,2018-02-22,9.750000,9.750000,9.750000,0
8.565847,9.750000,2018-02-23,9.750000,9.750000,9.750000,0
8.565847,9.750000,2018-02-26,9.750000,9.750000,9.750000,0
8.565847,9.750000,2018-02-27,9.750000,9.750000,9.750000,0
8.565847,9.750000,2018-02-28,9.750000,9.750000,9.750000,0
8.565847,9.750000,2018-03-01,9.750000,9.750000,9.750000,0
8.565847,9.750000,2018-03-02,9.750000,9.750000,9.750000,0
8.565847,9.750000,2018-03-05,9.750000,9.750000,9.750000,0
8.565847,9.750000,2018-03-06,9.750000,9.750000,9.750000,0
8.565847,9.750000,2018-03-07,9.750000,9.750000,9.750000,0
8.565847,9.750000,2018-03-08,9.750000,9.750000,9.750000,0
8.565847,9.750000,2018-03-09,9.750000,9.750000,9.750000,0
8.565847,9.750000,2018-03-12,9.750000,9.750000,9.750000,0
8.565847,9.750000,2018-03-13,9.750000,9.750000,9.750000,0
8.565847,9.750000,2018-03-14,9.750000,9.750000,9.750000,0
8.565847,9.750000,2018-03-15,9.750000,9.750000,9.750000,0
8.565847,9.750000,2018-03-16,9.750000,9.750000,9.750000,0
8.565847,9.750000,2018-03-19,9.750000,9.750000,9.750000,0
8.565847,9.750000,2018-03-20,9.750000,9.750000,9.750000,0
8.565847,9.750000,2018-03-21,9.750000,9.750000,9.750000,0
8.565847,9.750000,2018-03-22,9.750000,9.750000,9.750000,0
8.565847,9.750000,2018-03-23,9.750000,9.750000,9.750000,0
8.565847,9.750000,2018-03-26,9.750000,9.750000,9.750000,0
8.565847,9.750000,2018-03-27,9.750000,9.750000,9.750000,0
8.565847,9.750000,2018-03-28,9.750000,9.750000,9.750000,0
8.565847,9.750000,2018-03-29,9.750000,9.750000,9.750000,0
8.565847,9.750000,2018-03-30,9.750000,9.750000,9.750000,0
8.565847,9.750000,2018-04-02,9.750000,9.750000,9.750000,0
8.565847,9.750000,2018-04-03,9.750000,9.750000,9.750000,0
8.565847,9.750000,2018-04-04,9.750000,9.750000,9.750000,0
8.565847,9.750000,2018-04-09,9.750000,9.750000,9.750000,0
8.565847,9.750000,2018-04-10,9.750000,9.750000,9.750000,0
8.565847,9.750000,2018-04-11,9.750000,9.750000,9.750000,0
8.565847,9.750000,2018-04-12,9.750000,9.750000,9.750000,0
8.565847,9.750000,2018-04-13,9.750000,9.750000,9.750000,0
8.565847,9.750000,2018-04-16,9.750000,9.750000,9.750000,0
8.565847,9.750000,2018-04-17,9.750000,9.750000,9.750000,0
8.565847,9.750000,2018-04-18,9.750000,9.750000,9.750000,0
8.565847,9.750000,2018-04-19,9.750000,9.750000,9.750000,0
8.565847,9.750000,2018-04-20,9.750000,9.750000,9.750000,0
8.565847,9.750000,2018-04-23,9.750000,9.750000,9.750000,0
8.565847,9.750000,2018-04-24,9.750000,9.750000,9.750000,0
8.565847,9.750000,2018-04-25,9.750000,9.750000,9.750000,0
7.713654,8.780000,2018-04-26,8.970000,8.780000,8.970000,19688600
6.940532,7.900000,2018-04-27,8.560000,7.900000,8.410000,17774589
6.958103,7.920000,2018-05-02,8.000000,7.770000,7.850000,5346859
6.843892,7.790000,2018-05-03,7.970000,7.740000,7.910000,4112177
6.712110,7.640000,2018-05-04,7.830000,7.580000,7.780000,5093619
6.782393,7.720000,2018-05-07,7.730000,7.620000,7.650000,3062878
6.799963,7.740000,2018-05-08,7.750000,7.650000,7.700000,3232248
6.791179,7.730000,2018-05-09,7.750000,7.680000,7.720000,2721692
6.782393,7.720000,2018-05-10,7.750000,7.670000,7.730000,2679075
6.791179,7.730000,2018-05-11,7.760000,7.670000,7.720000,2893679
6.826321,7.770000,2018-05-14,7.790000,7.710000,7.730000,3263367
6.870248,7.820000,2018-05-15,7.870000,7.710000,7.760000,2773695
6.747252,7.680000,2018-05-16,7.830000,7.660000,7.800000,2195217
6.756037,7.690000,2018-05-17,7.760000,7.660000,7.700000,1739137
6.782393,7.720000,2018-05-18,7.730000,7.660000,7.690000,1690289
6.870248,7.820000,2018-05-21,7.830000,7.740000,7.750000,2932243
6.843892,7.790000,2018-05-22,7.830000,7.730000,7.820000,2327999
6.782393,7.720000,2018-05-23,7.780000,7.710000,7.780000,1676520
6.764822,7.700000,2018-05-24,7.730000,7.650000,7.730000,1556800
6.633040,7.550000,2018-05-25,7.680000,7.540000,7.660000,1941563
6.510043,7.410000,2018-05-28,7.550000,7.400000,7.540000,1956979
6.589113,7.500000,2018-05-29,7.660000,7.400000,7.440000,3015431
6.316763,7.190000,2018-05-30,7.430000,7.160000,7.420000,2506784
6.395833,7.280000,2018-05-31,7.320000,7.210000,7.250000,1675597
6.395833,7.280000,2018-06-01,7.340000,7.100000,7.250000,3610836
6.360691,7.240000,2018-06-04,7.270000,7.210000,7.230000,1448354
6.791179,7.730000,2018-06-05,7.760000,7.210000,7.230000,5422459
6.914176,7.870000,2018-06-06,7.910000,7.560000,7.610000,5415433
6.879034,7.830000,2018-06-07,7.900000,7.760000,7.810000,2302578
6.826321,7.770000,2018-06-08,7.820000,7.660000,7.820000,2029209
6.843892,7.790000,2018-06-11,7.890000,7.480000,7.690000,2752578
6.843892,7.790000,2018-06-12,7.820000,7.630000,7.720000,1978100
6.773608,7.710000,2018-06-13,7.790000,7.680000,7.730000,1515764
6.808750,7.750000,2018-06-14,7.780000,7.620000,7.720000,2669955
6.756037,7.690000,2018-06-15,7.750000,7.160000,7.750000,4973438
6.272835,7.140000,2018-06-19,7.700000,6.920000,7.630000,4908150
5.649066,6.430000,2018-06-20,7.080000,6.430000,7.080000,12972402
5.438215,6.190000,2018-06-21,6.440000,6.110000,6.300000,6636801
5.473356,6.230000,2018-06-22,6.260000,6.050000,6.050000,3053179
5.394287,6.140000,2018-06-25,6.290000,6.130000,6.250000,1895843
5.394287,6.140000,2018-06-26,6.180000,6.000000,6.060000,2484168
5.420643,6.170000,2018-06-27,6.210000,6.110000,6.140000,2162806
5.324003,6.060000,2018-06-28,6.230000,6.040000,6.150000,4596902
5.482141,6.240000,2018-06-29,6.250000,6.050000,6.060000,3091640
5.350360,6.090000,2018-07-02,6.280000,6.030000,6.210000,2399700
5.464571,6.220000,2018-07-03,6.230000,6.060000,6.100000,2124498
5.367930,6.110000,2018-07-04,6.210000,6.080000,6.210000,1613375
5.315217,6.050000,2018-07-05,6.180000,6.000000,6.110000,2161875
5.378067,5.990000,2018-07-06,6.050000,5.880000,5.960000,1900500
5.449894,6.070000,2018-07-09,6.080000,5.990000,6.020000,1248586
5.494786,6.120000,2018-07-10,6.130000,6.050000,6.080000,1390500
5.297261,5.900000,2018-07-11,6.080000,5.820000,6.080000,2065500
5.431937,6.050000,2018-07-12,6.080000,5.860000,5.860000,2453020
5.476829,6.100000,2018-07-13,6.110000,6.030000,6.050000,2051601
5.467851,6.090000,2018-07-16,6.140000,6.060000,6.100000,1700902
5.476829,6.100000,2018-07-17,6.110000,6.050000,6.110000,1753900
5.521721,6.150000,2018-07-18,6.260000,6.090000,6.110000,2929944
5.458872,6.080000,2018-07-19,6.240000,6.060000,6.130000,2245457
5.512743,6.140000,2018-07-20,6.160000,6.020000,6.050000,1804958
5.566613,6.200000,2018-07-23,6.210000,6.100000,6.140000,2337082
5.701289,6.350000,2018-07-24,6.390000,6.170000,6.170000,2865435
5.898815,6.570000,2018-07-25,6.640000,6.330000,6.360000,4522507
5.997576,6.680000,2018-07-26,6.690000,6.450000,6.570000,3690235
5.853922,6.520000,2018-07-27,6.690000,6.520000,6.670000,2617961
5.809030,6.470000,2018-07-30,6.560000,6.410000,6.500000,2500137
5.791072,6.450000,2018-07-31,6.490000,6.390000,6.450000,1666401
5.710268,6.360000,2018-08-01,6.480000,6.350000,6.470000,1613552
5.530700,6.160000,2018-08-02,6.330000,6.060000,6.280000,2775546
5.629462,6.270000,2018-08-03,6.300000,6.150000,6.160000,1726081
5.476829,6.100000,2018-08-06,6.250000,6.100000,6.230000,1504956
5.611506,6.250000,2018-08-07,6.330000,6.160000,6.170000,2984429
5.539678,6.170000,2018-08-08,6.330000,6.130000,6.210000,1584712
5.575592,6.210000,2018-08-09,6.250000,6.090000,6.180000,2634900
5.665375,6.310000,2018-08-10,6.320000,6.210000,6.210000,2526815
5.611506,6.250000,2018-08-13,6.270000,6.150000,6.250000,1735900
5.665375,6.310000,2018-08-14,6.350000,6.270000,6.270000,1824779
5.566613,6.200000,2018-08-15,6.350000,6.190000,6.350000,1368300
5.566613,6.200000,2018-08-16,6.240000,6.140000,6.170000,1301200
5.557635,6.190000,2018-08-17,6.250000,6.130000,6.230000,2652602
5.566613,6.200000,2018-08-20,6.240000,6.140000,6.180000,1006311
5.620484,6.260000,2018-08-21,6.280000,6.160000,6.170000,1097335
5.548656,6.180000,2018-08-22,6.260000,6.150000,6.260000,915490
5.584570,6.220000,2018-08-23,6.240000,6.180000,6.230000,777797
5.548656,6.180000,2018-08-24,6.230000,6.180000,6.220000,775601
5.647419,6.290000,2018-08-27,6.290000,6.180000,6.180000,1460624
5.638440,6.280000,2018-08-28,6.360000,6.250000,6.320000,1228800
5.602526,6.240000,2018-08-29,6.300000,6.220000,6.290000,983125
5.521721,6.150000,2018-08-30,6.260000,6.150000,6.240000,1119400
5.485807,6.110000,2018-08-31,6.190000,6.090000,6.150000,977010
5.413980,6.030000,2018-09-03,6.110000,6.000000,6.110000,1499403
5.485807,6.110000,2018-09-04,6.130000,6.010000,6.020000,923900
5.422959,6.040000,2018-09-05,6.130000,6.030000,6.120000,1045800
5.396023,6.010000,2018-09-06,6.100000,6.000000,6.050000,862400
5.458872,6.080000,2018-09-07,6.120000,6.020000,6.030000,1171901
5.342153,5.950000,2018-09-10,6.070000,5.930000,6.070000,1215059
5.396023,6.010000,2018-09-11,6.040000,5.940000,5.960000,843926
5.440915,6.060000,2018-09-12,6.090000,6.000000,6.010000,1011729
5.476829,6.100000,2018-09-13,6.130000,6.060000,6.070000,805352
5.413980,6.030000,2018-09-14,6.120000,6.010000,6.120000,901219
5.378067,5.990000,2018-09-17,6.080000,5.980000,6.030000,760474
5.440915,6.060000,2018-09-18,6.070000,5.970000,5.990000,1244413
5.503764,6.130000,2018-09-19,6.140000,6.020000,6.090000,1832697
5.458872,6.080000,2018-09-20,6.150000,6.080000,6.120000,1396245
5.521721,6.150000,2018-09-21,6.160000,6.080000,6.110000,1802840
5.485807,6.110000,2018-09-25,6.140000,6.070000,6.140000,1499326
5.503764,6.130000,2018-09-26,6.170000,6.100000,6.120000,1512330
5.422959,6.040000,2018-09-27,6.150000,6.030000,6.130000,1694549
5.476829,6.100000,2018-09-28,6.120000,6.040000,6.040000,1570310
5.333175,5.940000,2018-10-08,6.100000,5.920000,6.080000,1690389
5.360109,5.970000,2018-10-09,5.980000,5.890000,5.930000,1150669
5.342153,5.950000,2018-10-10,5.990000,5.910000,5.970000,758187
4.839362,5.390000,2018-10-11,5.780000,5.360000,5.780000,3460311
4.713664,5.250000,2018-10-12,5.380000,5.060000,5.380000,4003731
4.587966,5.110000,2018-10-15,5.250000,5.100000,5.210000,2211159
4.498183,5.010000,2018-10-16,5.160000,4.990000,5.110000,1794508
4.561031,5.080000,2018-10-17,5.120000,5.010000,5.100000,1585609
4.417377,4.920000,2018-10-18,5.080000,4.910000,5.080000,1342395
4.516140,5.030000,2018-10-19,5.030000,4.820000,4.870000,2483339
4.821405,5.370000,2018-10-22,5.430000,5.090000,5.100000,5260181
4.812427,5.360000,2018-10-23,5.400000,5.310000,5.340000,2307101
4.830384,5.380000,2018-10-24,5.420000,5.320000,5.350000,1394094
4.839362,5.390000,2018-10-25,5.430000,5.260000,5.300000,2182726
4.902211,5.460000,2018-10-26,5.590000,5.420000,5.440000,2197263
4.785491,5.330000,2018-10-29,5.460000,5.310000,5.460000,1634383
4.902211,5.460000,2018-10-30,5.490000,5.350000,5.360000,2672100
4.920168,5.480000,2018-10-31,5.550000,5.460000,5.480000,1880700
4.929146,5.490000,2018-11-01,5.570000,5.490000,5.520000,2188200
5.036887,5.610000,2018-11-02,5.620000,5.520000,5.540000,2477287
5.072800,5.650000,2018-11-05,5.690000,5.570000,5.610000,2355887
5.216455,5.810000,2018-11-06,5.850000,5.620000,5.640000,5045552
5.126671,5.710000,2018-11-07,5.790000,5.670000,5.770000,2739202
5.144628,5.730000,2018-11-08,5.810000,5.720000,5.730000,2711352
5.117692,5.700000,2018-11-09,5.770000,5.690000,5.750000,2033400
5.306238,5.910000,2018-11-12,5.930000,5.750000,5.750000,5203761
5.396023,6.010000,2018-11-13,6.030000,5.820000,5.860000,5880283
5.422959,6.040000,2018-11-14,6.130000,5.990000,6.000000,5036500
5.476829,6.100000,2018-11-15,6.120000,6.020000,6.030000,3588425
5.620484,6.260000,2018-11-16,6.270000,6.080000,6.100000,4403323
5.602526,6.240000,2018-11-19,6.280000,6.130000,6.260000,3445372
5.512743,6.140000,2018-11-20,6.280000,6.070000,6.210000,3778829
5.557635,6.190000,2018-11-21,6.190000,6.050000,6.080000,3458041
5.548656,6.180000,2018-11-22,6.230000,6.150000,6.220000,2525488
5.279304,5.880000,2018-11-23,6.230000,5.870000,6.160000,3697084
5.261347,5.860000,2018-11-26,5.980000,5.810000,5.890000,2422385
5.306238,5.910000,2018-11-27,5.960000,5.880000,5.890000,1811873
5.315218,5.920000,2018-11-28,5.970000,5.780000,5.940000,1480401
5.225433,5.820000,2018-11-29,5.990000,5.810000,5.960000,2462437
5.216455,5.810000,2018-11-30,5.860000,5.690000,5.810000,2373037
5.369088,5.980000,2018-12-03,6.040000,5.880000,5.880000,2385182
5.405002,6.020000,2018-12-04,6.020000,5.950000,5.950000,1971344
5.351131,5.960000,2018-12-05,6.010000,5.890000,5.950000,1750336
5.306238,5.910000,2018-12-06,5.990000,5.880000,5.980000,2092592
5.261347,5.860000,2018-12-07,5.920000,5.850000,5.900000,1265369
5.171563,5.760000,2018-12-10,5.870000,5.730000,5.860000,1762914
5.207477,5.800000,2018-12-11,5.830000,5.750000,5.800000,1276996
5.207477,5.800000,2018-12-12,5.830000,5.770000,5.790000,1224333
5.252369,5.850000,2018-12-13,5.880000,5.770000,5.800000,1837080
5.036887,5.610000,2018-12-14,5.850000,5.580000,5.850000,2241164
4.991994,5.560000,2018-12-17,5.680000,5.520000,5.580000,1733035
4.929146,5.490000,2018-12-18,5.580000,5.460000,5.530000,1703572
4.911189,5.470000,2018-12-19,5.550000,5.460000,5.510000,1647858
4.974038,5.540000,2018-12-20,5.550000,5.460000,5.510000,1530453
4.938125,5.500000,2018-12-21,5.540000,5.450000,5.500000,1226254
4.956082,5.520000,2018-12-24,5.550000,5.480000,5.500000,1350434
4.875275,5.430000,2018-12-25,5.510000,5.310000,5.510000,2480509
4.875275,5.430000,2018-12-26,5.460000,5.390000,5.460000,1380279
4.830384,5.380000,2018-12-27,5.530000,5.360000,5.480000,1983801
4.839362,5.390000,2018-12-28,5.440000,5.300000,5.380000,1601869
4.857319,5.410000,2019-01-02,5.430000,5.350000,5.390000,1806593
4.911189,5.470000,2019-01-03,5.500000,5.380000,5.410000,1913506
5.018930,5.590000,2019-01-04,5.610000,5.370000,5.400000,2680805
5.072800,5.650000,2019-01-07,5.660000,5.550000,5.400000,2847250
5.054844,5.630000,2019-01-08,5.650000,5.610000,5.640000,1660600
5.099736,5.680000,2019-01-09,5.740000,5.630000,5.650000,2229100
5.099736,5.680000,2019-01-10,5.750000,5.650000,5.660000,1554056
5.144628,5.730000,2019-01-11,5.740000,5.660000,5.720000,1675601
5.162585,5.750000,2019-01-14,5.800000,5.680000,5.730000,1883073
5.207477,5.800000,2019-01-15,5.820000,5.730000,5.770000,1503601
5.216455,5.810000,2019-01-16,5.940000,5.790000,5.810000,2542455
5.153606,5.740000,2019-01-17,5.850000,5.700000,5.790000,2249198
5.216455,5.810000,2019-01-18,5.820000,5.740000,5.790000,1500191
5.189520,5.780000,2019-01-21,5.870000,5.770000,5.810000,1508411
5.135649,5.720000,2019-01-22,5.830000,5.690000,5.830000,1538224
5.144628,5.730000,2019-01-23,5.740000,5.680000,5.700000,995884
5.162585,5.750000,2019-01-24,5.770000,5.700000,5.720000,1279642
5.117692,5.700000,2019-01-25,5.780000,5.660000,5.760000,1403721
5.207477,5.800000,2019-01-28,5.830000,5.700000,5.730000,2587016
5.036887,5.610000,2019-01-29,5.800000,5.400000,5.800000,3013917
4.956082,5.520000,2019-01-30,5.610000,5.480000,5.610000,2073438
4.875275,5.430000,2019-01-31,5.540000,5.360000,5.520000,2274431
4.974038,5.540000,2019-02-01,5.550000,5.430000,5.430000,1299100
5.081779,5.660000,2019-02-11,5.660000,5.510000,5.530000,1901334
5.153606,5.740000,2019-02-12,5.770000,5.620000,5.660000,2526400
5.216455,5.810000,2019-02-13,5.830000,5.720000,5.760000,3118953
5.216455,5.810000,2019-02-14,5.850000,5.770000,5.810000,2261307
5.189520,5.780000,2019-02-15,5.840000,5.760000,5.810000,2867875
5.351131,5.960000,2019-02-18,5.970000,5.800000,5.810000,4766143
5.360109,5.970000,2019-02-19,6.040000,5.910000,5.970000,3104725
5.422959,6.040000,2019-02-20,6.060000,5.950000,5.990000,2754271
5.351131,5.960000,2019-02-21,6.070000,5.950000,6.030000,3096628
5.413980,6.030000,2019-02-22,6.040000,5.920000,5.950000,3113038
5.647419,6.290000,2019-02-25,6.310000,6.020000,6.050000,6635301
5.665375,6.310000,2019-02-26,6.440000,6.260000,6.280000,7226852
5.647419,6.290000,2019-02-27,6.420000,6.240000,6.280000,5852998
5.746181,6.400000,2019-02-28,6.580000,6.280000,6.310000,5592564
5.800052,6.460000,2019-03-01,6.460000,6.300000,6.400000,4203137
5.818008,6.480000,2019-03-04,6.630000,6.400000,6.530000,8241658
5.889836,6.560000,2019-03-05,6.570000,6.420000,6.430000,5223201
6.024512,6.710000,2019-03-06,6.710000,6.540000,6.550000,6632375
6.177145,6.880000,2019-03-07,6.920000,6.670000,6.730000,6649727
5.809030,6.470000,2019-03-08,6.880000,6.430000,6.880000,6934400
6.087361,6.780000,2019-03-11,6.790000,6.480000,6.480000,5640864
6.123274,6.820000,2019-03-12,6.930000,6.730000,6.780000,6559342
6.015533,6.700000,2019-03-13,6.880000,6.700000,6.850000,6124793
5.737203,6.390000,2019-03-14,6.800000,6.200000,6.660000,11298868
5.862901,6.530000,2019-03-15,6.580000,6.370000,6.400000,5574272
6.096339,6.790000,2019-03-18,6.820000,6.570000,6.580000,6329781
6.186123,6.890000,2019-03-19,6.930000,6.770000,6.820000,6922324
6.239994,6.950000,2019-03-20,6.990000,6.790000,6.860000,6474592
6.284885,7.000000,2019-03-21,7.080000,6.870000,6.940000,7740221
6.536282,7.280000,2019-03-22,7.280000,6.970000,7.050000,9802732
6.257950,6.970000,2019-03-25,7.240000,6.960000,7.100000,7689081
6.132253,6.830000,2019-03-26,7.020000,6.730000,7.000000,7279969
6.096339,6.790000,2019-03-27,6.880000,6.590000,6.840000,5120878
6.033490,6.720000,2019-03-28,6.860000,6.700000,6.720000,4889368
6.186123,6.890000,2019-03-29,6.910000,6.630000,6.740000,5530942
6.437519,7.170000,2019-04-01,7.220000,6.890000,6.890000,7177663
6.446497,7.180000,2019-04-02,7.260000,7.140000,7.190000,6414382
6.635044,7.390000,2019-04-03,7.400000,7.090000,7.130000,7884525
6.608109,7.360000,2019-04-04,7.460000,7.290000,7.400000,7252031
6.554238,7.300000,2019-04-08,7.450000,7.270000,7.420000,7419405
6.608109,7.360000,2019-04-09,7.400000,7.280000,7.300000,5993610
6.706871,7.470000,2019-04-10,7.600000,7.130000,7.330000,7102044
6.563217,7.310000,2019-04-11,7.560000,7.290000,7.430000,6135911
6.742785,7.510000,2019-04-12,7.540000,7.290000,7.310000,6359301
6.599130,7.350000,2019-04-15,7.650000,7.330000,7.600000,7173565
6.715849,7.480000,2019-04-16,7.490000,7.160000,7.340000,6418735
6.850526,7.630000,2019-04-17,7.640000,7.410000,7.490000,8394296
6.706871,7.470000,2019-04-18,7.650000,7.410000,7.640000,5761671
6.724827,7.490000,2019-04-19,7.530000,7.350000,7.440000,5514528
6.482410,7.220000,2019-04-22,7.500000,7.180000,7.460000,7551880
6.356713,7.080000,2019-04-23,7.310000,7.060000,7.220000,5569751
6.401605,7.130000,2019-04-24,7.160000,6.960000,7.090000,5403890
6.078382,6.770000,2019-04-25,7.150000,6.750000,7.150000,6456333
6.033490,6.720000,2019-04-26,6.830000,6.680000,6.700000,4514170
5.548656,6.180000,2019-05-06,6.560000,6.130000,6.500000,5547850
5.629462,6.270000,2019-05-07,6.330000,6.170000,6.230000,2991793
5.665375,6.310000,2019-05-08,6.340000,6.100000,6.200000,3385883
5.638440,6.280000,2019-05-09,6.330000,6.220000,6.270000,2122400
5.800052,6.460000,2019-05-10,6.460000,6.250000,6.340000,3227798
5.826986,6.490000,2019-05-13,6.500000,6.350000,6.420000,3161610
5.719246,6.370000,2019-05-14,6.490000,6.340000,6.430000,2643581
5.818008,6.480000,2019-05-15,6.490000,6.390000,6.390000,2672436
5.880857,6.550000,2019-05-16,6.560000,6.440000,6.480000,2620431
5.656397,6.300000,2019-05-17,6.590000,6.270000,6.560000,3582877
5.719246,6.370000,2019-05-20,6.380000,6.240000,6.250000,2097629
5.809030,6.470000,2019-05-21,6.490000,6.330000,6.330000,2211159
5.773116,6.430000,2019-05-22,6.530000,6.380000,6.470000,1664100
5.647419,6.290000,2019-05-23,6.430000,6.260000,6.430000,2090400
5.665814,6.160000,2019-05-24,6.180000,6.060000,6.100000,1424678
5.785385,6.290000,2019-05-27,6.310000,6.130000,6.180000,2133128
5.822176,6.330000,2019-05-28,6.390000,6.250000,6.330000,2153702
5.776187,6.280000,2019-05-29,6.350000,6.270000,6.320000,1537698
5.785385,6.290000,2019-05-30,6.320000,6.230000,6.300000,1748159
5.794583,6.300000,2019-05-31,6.340000,6.260000,6.290000,1401224
5.629024,6.120000,2019-06-03,6.310000,6.080000,6.290000,2750048
5.500255,5.980000,2019-06-04,6.140000,5.950000,6.120000,2171910
5.546244,6.030000,2019-06-05,6.120000,6.000000,6.110000,1518953
5.463463,5.940000,2019-06-06,6.030000,5.900000,6.020000,1796556
5.491057,5.970000,2019-06-10,6.010000,5.880000,5.910000,1611529
5.684210,6.180000,2019-06-11,6.190000,5.970000,5.970000,2681375
5.656617,6.150000,2019-06-12,6.190000,6.100000,6.170000,1593000
5.675012,6.170000,2019-06-13,6.190000,6.080000,6.150000,1688247
5.592232,6.080000,2019-06-14,6.210000,6.070000,6.170000,1622533
5.573837,6.060000,2019-06-17,6.120000,6.050000,6.070000,1465161
5.555441,6.040000,2019-06-18,6.120000,6.020000,6.050000,1255862
5.629024,6.120000,2019-06-19,6.210000,6.110000,6.130000,2217249
5.702605,6.200000,2019-06-20,6.220000,6.070000,6.120000,2178008
5.822176,6.330000,2019-06-21,6.340000,6.210000,6.230000,3010479
5.840572,6.350000,2019-06-24,6.360000,6.280000,6.310000,2457228
5.840572,6.350000,2019-06-25,6.360000,6.210000,6.340000,2594501
5.794583,6.300000,2019-06-26,6.350000,6.290000,6.330000,1459907
5.794583,6.300000,2019-06-27,6.370000,6.290000,6.300000,1673123
5.693408,6.190000,2019-06-28,6.340000,6.180000,6.330000,1856900
5.840572,6.350000,2019-07-01,6.360000,6.270000,6.280000,2560300
5.840572,6.350000,2019-07-02,6.390000,6.310000,6.310000,2117200
5.776187,6.280000,2019-07-03,6.370000,6.260000,6.320000,1708000
5.785385,6.290000,2019-07-04,6.350000,6.270000,6.310000,1556598
5.822176,6.330000,2019-07-05,6.360000,6.260000,6.290000,1759798
5.638221,6.130000,2019-07-08,6.330000,6.110000,6.300000,2539451
5.619825,6.110000,2019-07-09,6.170000,6.060000,6.130000,1638000
5.564639,6.050000,2019-07-10,6.150000,6.040000,6.150000,1341200
5.583035,6.070000,2019-07-11,6.140000,6.040000,6.100000,1048357
5.619825,6.110000,2019-07-12,6.120000,6.060000,6.080000,697871
5.619825,6.110000,2019-07-15,6.140000,5.950000,6.090000,3115200
5.656617,6.150000,2019-07-16,6.170000,6.080000,6.100000,2058290
5.610627,6.100000,2019-07-17,6.170000,6.090000,6.150000,1537700
5.766990,6.270000,2019-07-18,6.480000,6.010000,6.110000,9921200
5.923352,6.440000,2019-07-19,6.470000,6.210000,6.210000,10502977
5.748594,6.250000,2019-07-22,6.420000,6.220000,6.340000,5597228
5.739396,6.240000,2019-07-23,6.280000,6.120000,6.220000,4249395
5.822176,6.330000,2019-07-24,6.360000,6.230000,6.260000,3795969
5.785385,6.290000,2019-07-25,6.330000,6.250000,6.320000,3012745
5.785385,6.290000,2019-07-26,6.310000,6.230000,6.260000,1990973
5.702605,6.200000,2019-07-29,6.300000,6.150000,6.290000,2748171
5.684210,6.180000,2019-07-30,6.230000,6.170000,6.180000,2103772
5.583035,6.070000,2019-07-31,6.180000,6.050000,6.170000,3081783
5.601430,6.090000,2019-08-01,6.120000,6.010000,6.060000,2606079
5.454266,5.930000,2019-08-02,6.030000,5.910000,6.030000,2824084
5.343893,5.810000,2019-08-05,5.950000,5.810000,5.930000,2849400
5.196729,5.650000,2019-08-06,5.750000,5.540000,5.720000,2774555
5.205927,5.660000,2019-08-07,5.730000,5.630000,5.670000,1420500
5.297904,5.760000,2019-08-08,5.780000,5.680000,5.680000,2094840
5.831374,6.340000,2019-08-09,6.340000,6.000000,6.010000,10246874
5.748594,6.250000,2019-08-12,6.970000,6.120000,6.780000,27934285
5.417475,5.890000,2019-08-13,6.120000,5.860000,5.990000,15021369
5.472661,5.950000,2019-08-14,6.010000,5.880000,5.930000,8732617
5.371487,5.840000,2019-08-15,5.890000,5.720000,5.780000,5984849
5.371487,5.840000,2019-08-16,5.920000,5.820000,5.870000,4775933
5.481860,5.960000,2019-08-19,5.970000,5.830000,5.900000,7251341
5.463463,5.940000,2019-08-20,6.030000,5.930000,6.030000,5857852
5.481860,5.960000,2019-08-21,6.000000,5.910000,5.940000,4481079
5.500255,5.980000,2019-08-22,5.980000,5.930000,5.970000,2901244
5.537046,6.020000,2019-08-23,6.100000,5.950000,5.960000,4766427
5.463463,5.940000,2019-08-26,6.030000,5.830000,5.900000,5576101
5.573837,6.060000,2019-08-27,6.070000,5.950000,5.950000,5287540
5.537046,6.020000,2019-08-28,6.060000,5.990000,6.040000,3292400
5.555441,6.040000,2019-08-29,6.050000,6.000000,6.040000,3355700
5.619825,6.110000,2019-08-30,6.150000,5.910000,6.080000,6917702
5.748594,6.250000,2019-09-02,6.580000,6.210000,6.460000,13404232
5.831374,6.340000,2019-09-03,6.420000,6.180000,6.200000,11201838
5.794583,6.300000,2019-09-04,6.330000,6.210000,6.290000,6744801
5.794583,6.300000,2019-09-05,6.380000,6.290000,6.310000,7706080
5.757792,6.260000,2019-09-06,6.330000,6.220000,6.310000,4981773
5.858967,6.370000,2019-09-09,6.380000,6.260000,6.290000,4835670
5.868165,6.380000,2019-09-10,6.430000,6.320000,6.350000,4648496
5.840572,6.350000,2019-09-11,6.410000,6.320000,6.380000,3656169
5.849770,6.360000,2019-09-12,6.380000,6.310000,6.350000,3710612
5.886560,6.400000,2019-09-16,6.410000,6.360000,6.360000,4150602
5.702605,6.200000,2019-09-17,6.390000,6.140000,6.390000,4273017
5.693408,6.190000,2019-09-18,6.230000,6.170000,6.220000,2229995
5.711803,6.210000,2019-09-19,6.220000,6.130000,6.200000,2383301
5.702605,6.200000,2019-09-20,6.250000,6.190000,6.210000,2827500
5.675012,6.170000,2019-09-23,6.230000,6.130000,6.200000,2213301
5.684210,6.180000,2019-09-24,6.220000,6.150000,6.200000,2072800
5.546244,6.030000,2019-09-25,6.160000,6.030000,6.160000,3068501
5.435871,5.910000,2019-09-26,6.070000,5.910000,6.050000,2572880
5.454266,5.930000,2019-09-27,5.960000,5.880000,5.940000,2651400
5.389882,5.860000,2019-09-30,5.940000,5.860000,5.920000,1762600
5.399079,5.870000,2019-10-08,5.930000,5.850000,5.870000,1526200
5.472661,5.950000,2019-10-09,5.960000,5.860000,5.880000,2022500
5.537046,6.020000,2019-10-10,6.040000,5.970000,5.980000,2806200
5.555441,6.040000,2019-10-11,6.070000,5.990000,6.070000,1876245
5.638221,6.130000,2019-10-14,6.140000,6.030000,6.100000,2567604
5.610627,6.100000,2019-10-15,6.140000,6.080000,6.140000,1589789
5.619825,6.110000,2019-10-16,6.170000,6.070000,6.110000,2232577
5.573837,6.060000,2019-10-17,6.120000,6.030000,6.110000,1599000
5.463463,5.940000,2019-10-18,6.090000,5.900000,6.060000,2337761
5.610627,6.100000,2019-10-21,6.100000,5.930000,5.930000,3118633
5.408277,5.880000,2019-10-22,5.990000,5.830000,5.950000,6719571
5.380684,5.850000,2019-10-23,5.890000,5.840000,5.860000,2403590
5.371487,5.840000,2019-10-24,5.880000,5.830000,5.840000,1589300
5.435871,5.910000,2019-10-25,5.910000,5.810000,5.840000,2879680
5.463463,5.940000,2019-10-28,5.950000,5.870000,5.890000,2630760
5.343893,5.810000,2019-10-29,5.940000,5.800000,5.940000,2491670
5.288706,5.750000,2019-10-30,5.830000,5.710000,5.810000,2136270
5.205927,5.660000,2019-10-31,5.760000,5.640000,5.730000,2543000
5.233520,5.690000,2019-11-01,5.710000,5.610000,5.650000,1382396
5.242717,5.700000,2019-11-04,5.730000,5.670000,5.700000,1383600
5.251916,5.710000,2019-11-05,5.720000,5.610000,5.700000,2208646
5.196729,5.650000,2019-11-06,5.710000,5.610000,5.710000,1408700
5.196729,5.650000,2019-11-07,5.690000,5.610000,5.680000,1266100
5.205927,5.660000,2019-11-08,5.690000,5.640000,5.660000,1006900
5.049565,5.490000,2019-11-11,5.630000,5.440000,5.630000,3083932
5.049565,5.490000,2019-11-12,5.500000,5.420000,5.480000,1313715
5.031169,5.470000,2019-11-13,5.500000,5.420000,5.500000,1087400
5.031169,5.470000,2019-11-14,5.500000,5.440000,5.440000,983301
4.957587,5.390000,2019-11-15,5.490000,5.390000,5.490000,942800
5.031169,5.470000,2019-11-18,5.470000,5.360000,5.390000,1452016
5.067961,5.510000,2019-11-19,5.510000,5.430000,5.450000,1401903
5.049565,5.490000,2019-11-20,5.510000,5.460000,5.480000,911000
5.242717,5.700000,2019-11-21,5.710000,5.450000,5.450000,5653237
5.261113,5.720000,2019-11-22,5.730000,5.640000,5.680000,2637940
5.251916,5.710000,2019-11-25,5.850000,5.670000,5.720000,2724200
5.169136,5.620000,2019-11-26,5.780000,5.610000,5.720000,2986740
5.205927,5.660000,2019-11-27,5.690000,5.590000,5.650000,1766737
5.307102,5.770000,2019-11-28,5.780000,5.620000,5.630000,2631000
5.371487,5.840000,2019-11-29,5.840000,5.730000,5.760000,2577200
5.408277,5.880000,2019-12-02,5.980000,5.810000,5.840000,3208357
5.435871,5.910000,2019-12-03,5.980000,5.870000,5.960000,2738632
5.454266,5.930000,2019-12-04,5.940000,5.850000,5.870000,2221600
5.693408,6.190000,2019-12-05,6.220000,5.940000,5.940000,7228858
5.693408,6.190000,2019-12-06,6.200000,6.080000,6.140000,3070696
5.656617,6.150000,2019-12-09,6.220000,6.110000,6.180000,2546701
5.601430,6.090000,2019-12-10,6.150000,6.080000,6.150000,1562100
5.583035,6.070000,2019-12-11,6.130000,6.040000,6.080000,1532000
5.555441,6.040000,2019-12-12,6.090000,6.020000,6.070000,1548657
5.583035,6.070000,2019-12-13,6.130000,6.040000,6.070000,1382115
5.665814,6.160000,2019-12-16,6.170000,6.060000,6.080000,1665366
5.748594,6.250000,2019-12-17,6.270000,6.120000,6.160000,2767400
5.656617,6.150000,2019-12-18,6.230000,6.140000,6.220000,2209900
5.656617,6.150000,2019-12-19,6.180000,6.090000,6.180000,1740698
5.583035,6.070000,2019-12-20,6.150000,6.060000,6.150000,1523000
5.408277,5.880000,2019-12-23,6.090000,5.870000,6.050000,3489223
5.426673,5.900000,2019-12-24,5.940000,5.800000,5.880000,2515600
5.399079,5.870000,2019-12-25,5.910000,5.840000,5.890000,1663202
5.445068,5.920000,2019-12-26,5.920000,5.860000,5.860000,1388823
5.500255,5.980000,2019-12-27,6.060000,5.920000,5.930000,3118443
5.481860,5.960000,2019-12-30,6.010000,5.910000,6.010000,2385700
5.518650,6.000000,2019-12-31,6.000000,5.920000,5.950000,2159100
5.564639,6.050000,2020-01-02,6.070000,6.000000,6.000000,2953100
5.573837,6.060000,2020-01-03,6.080000,6.030000,6.060000,1838700
5.619825,6.110000,2020-01-06,6.140000,6.010000,6.060000,2892126
5.656617,6.150000,2020-01-07,6.160000,6.100000,6.120000,2196810
5.555441,6.040000,2020-01-08,6.040000,6.040000,6.040000,2722017
5.592232,6.080000,2020-01-09,6.120000,6.060000,6.070000,1956811
5.583035,6.070000,2020-01-10,6.150000,6.030000,6.110000,1659509
5.629024,6.120000,2020-01-13,6.120000,6.120000,6.120000,1913100
5.656617,6.150000,2020-01-14,6.150000,6.150000,6.150000,1844550
5.638221,6.130000,2020-01-15,6.180000,6.080000,6.150000,2376509
5.619825,6.110000,2020-01-16,6.170000,6.050000,6.090000,1958500
5.610627,6.100000,2020-01-17,6.140000,6.080000,6.140000,1335695
5.638221,6.130000,2020-01-20,6.130000,6.040000,6.100000,2248901
5.481860,5.960000,2020-01-21,6.130000,5.960000,6.130000,2336800
5.509452,5.990000,2020-01-22,6.000000,5.860000,5.970000,1923823
5.371487,5.840000,2020-01-23,5.990000,5.760000,5.970000,2095500
4.838017,5.260000,2020-02-03,5.400000,5.260000,5.350000,3800527
4.865610,5.290000,2020-02-04,5.340000,5.110000,5.110000,3177938
4.939192,5.370000,2020-02-05,5.420000,5.260000,5.280000,2897691
4.975983,5.410000,2020-02-06,5.470000,5.340000,5.380000,4107969
5.003577,5.440000,2020-02-07,5.450000,5.350000,5.450000,2734079
5.215125,5.670000,2020-02-10,5.720000,5.380000,5.390000,5472784
5.150741,5.600000,2020-02-11,5.670000,5.570000,5.640000,2360392
5.169136,5.620000,2020-02-12,5.650000,5.570000,5.590000,1294760
5.113949,5.560000,2020-02-13,5.650000,5.510000,5.620000,1921195
5.132345,5.580000,2020-02-14,5.600000,5.530000,5.530000,1301311
5.242717,5.700000,2020-02-17,5.700000,5.560000,5.580000,3286318
5.242717,5.700000,2020-02-18,5.720000,5.640000,5.680000,2755429
5.196729,5.650000,2020-02-19,5.700000,5.630000,5.700000,2171952
5.233520,5.690000,2020-02-20,5.710000,5.630000,5.650000,3847386
5.261113,5.720000,2020-02-21,5.730000,5.670000,5.700000,3426010
5.251916,5.710000,2020-02-24,5.730000,5.630000,5.700000,3041233
5.141542,5.590000,2020-02-25,5.630000,5.450000,5.610000,3840263
5.141542,5.590000,2020-02-26,5.680000,5.470000,5.520000,4604916
5.178333,5.630000,2020-02-27,5.660000,5.570000,5.610000,2875440
4.948390,5.380000,2020-02-28,5.570000,5.370000,5.490000,3170845
5.086356,5.530000,2020-03-02,5.550000,5.390000,5.400000,3369146
5.141542,5.590000,2020-03-03,5.630000,5.560000,5.580000,3724728
5.242717,5.700000,2020-03-04,5.760000,5.550000,5.560000,4501991
5.353091,5.820000,2020-03-05,5.840000,5.690000,5.720000,4892176
5.334695,5.800000,2020-03-06,5.820000,5.680000,5.750000,4744778
5.215125,5.670000,2020-03-09,5.760000,5.620000,5.720000,4969916
5.307102,5.770000,2020-03-10,5.770000,5.500000,5.590000,4008502
5.279509,5.740000,2020-03-11,5.870000,5.710000,5.770000,4937765
5.215125,5.670000,2020-03-12,5.720000,5.620000,5.680000,2931366
5.178333,5.630000,2020-03-13,5.640000,5.420000,5.500000,4403670
5.141542,5.590000,2020-03-16,5.850000,5.570000,5.650000,4070983
5.656617,6.150000,2020-03-17,6.150000,5.670000,5.700000,18735603
5.748594,6.250000,2020-03-18,6.750000,6.250000,6.330000,36551576
5.619825,6.110000,2020-03-19,6.190000,5.930000,6.000000,16402917
5.638221,6.130000,2020-03-20,6.200000,6.010000,6.180000,10713240
5.445068,5.920000,2020-03-23,6.090000,5.900000,6.000000,7891809
5.895758,6.410000,2020-03-24,6.500000,5.970000,5.990000,18728237
5.877362,6.390000,2020-03-25,6.470000,6.270000,6.390000,12851968
6.024527,6.550000,2020-03-26,6.550000,6.260000,6.330000,13515861
5.858967,6.370000,2020-03-27,6.600000,6.350000,6.570000,10145822
5.702605,6.200000,2020-03-30,6.310000,6.120000,6.220000,7712426
5.978538,6.500000,2020-03-31,6.640000,6.160000,6.230000,12679284
5.730198,6.230000,2020-04-01,6.450000,6.210000,6.400000,9664541
5.785385,6.290000,2020-04-02,6.310000,6.160000,6.190000,4657156
5.812978,6.320000,2020-04-03,6.450000,6.240000,6.290000,6658277
5.950944,6.470000,2020-04-07,6.530000,6.370000,6.390000,7242972
5.831374,6.340000,2020-04-08,6.440000,6.310000,6.440000,6043120
6.410832,6.970000,2020-04-09,6.970000,6.410000,6.410000,26867764
5.960142,6.480000,2020-04-10,6.830000,6.480000,6.830000,20903988
6.116504,6.650000,2020-04-13,6.730000,6.510000,6.510000,13483150
6.079713,6.610000,2020-04-14,6.660000,6.530000,6.610000,8182030
6.079713,6.610000,2020-04-15,6.750000,6.500000,6.580000,9416043
6.291262,6.840000,2020-04-16,6.930000,6.580000,6.650000,14114323
6.429228,6.990000,2020-04-17,7.140000,6.700000,6.740000,15379855
6.392437,6.950000,2020-04-20,7.030000,6.820000,6.970000,11187501
6.199284,6.740000,2020-04-21,6.890000,6.670000,6.890000,11221584
6.199284,6.740000,2020-04-22,6.740000,6.740000,6.740000,0
5.803781,6.310000,2020-04-23,6.490000,6.240000,6.240000,18566701
5.583035,6.070000,2020-04-24,6.330000,6.070000,6.260000,11153011
5.665814,6.160000,2020-04-27,6.180000,6.050000,6.100000,8009990
6.236075,6.780000,2020-04-28,6.780000,6.780000,6.780000,5608009
6.861522,7.460000,2020-04-29,7.460000,7.400000,7.460000,18167357
7.551354,8.210000,2020-04-30,8.210000,7.610000,7.760000,56546508
8.305569,9.030000,2020-05-06,9.030000,8.510000,8.510000,54589439
7.946857,8.640000,2020-05-07,8.920000,8.280000,8.920000,55639712
7.617306,8.090000,2020-05-08,8.430000,8.030000,8.300000,36474388
7.711463,8.190000,2020-05-11,8.260000,8.040000,8.070000,26426116
7.419577,7.880000,2020-05-12,8.200000,7.720000,8.110000,24997294
8.163418,8.670000,2020-05-13,8.670000,7.820000,7.880000,37096878
8.257575,8.770000,2020-05-14,9.490000,8.260000,8.510000,50145647
8.210496,8.720000,2020-05-15,9.280000,8.600000,8.730000,36324571
8.295237,8.810000,2020-05-18,8.950000,8.570000,8.690000,25739101
8.361147,8.880000,2020-05-19,8.940000,8.620000,8.890000,25701485
7.890362,8.380000,2020-05-20,8.770000,8.310000,8.770000,23336622
7.654970,8.130000,2020-05-21,8.530000,8.120000,8.480000,18074732
7.805620,8.290000,2020-05-22,8.410000,7.970000,8.120000,19973932
7.758542,8.240000,2020-05-25,8.240000,7.980000,8.190000,14301810
7.899778,8.390000,2020-05-26,8.540000,8.160000,8.240000,18332765
8.219912,8.730000,2020-05-27,8.870000,8.310000,8.350000,27478971
8.069260,8.570000,2020-05-28,8.800000,8.340000,8.610000,18210522
7.965688,8.460000,2020-05-29,8.550000,8.380000,8.480000,10837132
8.078676,8.580000,2020-06-01,8.730000,8.410000,8.490000,17773781
7.843284,8.330000,2020-06-02,8.570000,8.330000,8.510000,18838022
7.786790,8.270000,2020-06-03,8.410000,8.190000,8.310000,11003825
7.909194,8.400000,2020-06-04,8.430000,8.180000,8.310000,10368446
7.777374,8.260000,2020-06-05,8.430000,8.240000,8.370000,7146090
7.815036,8.300000,2020-06-08,8.350000,8.240000,8.270000,5772302
7.899778,8.390000,2020-06-09,8.410000,8.270000,8.310000,8515415
7.749125,8.230000,2020-06-10,8.390000,8.210000,8.390000,8540908
7.560812,8.030000,2020-06-11,8.230000,8.010000,8.180000,11677502
7.626723,8.100000,2020-06-12,8.140000,7.830000,7.900000,7953996
7.711463,8.190000,2020-06-15,8.270000,8.050000,8.060000,8312919
7.749125,8.230000,2020-06-16,8.240000,8.170000,8.190000,5899698
7.786790,8.270000,2020-06-17,8.290000,8.110000,8.230000,7330734
7.786790,8.270000,2020-06-18,8.310000,8.190000,8.250000,6355184
7.777374,8.260000,2020-06-19,8.340000,8.220000,8.260000,6269700
7.749125,8.230000,2020-06-22,8.330000,8.220000,8.260000,5899300
7.664386,8.140000,2020-06-23,8.260000,8.130000,8.230000,4751400
7.692632,8.170000,2020-06-24,8.190000,8.070000,8.130000,5480331
7.664386,8.140000,2020-06-29,8.180000,8.070000,8.160000,4832516
8.257575,8.770000,2020-06-30,8.940000,8.120000,8.140000,26597451
8.681282,9.220000,2020-07-01,9.380000,8.720000,8.770000,31313823
8.718945,9.260000,2020-07-02,9.310000,9.040000,9.270000,22638447
9.274471,9.850000,2020-07-03,10.150000,9.110000,9.250000,27645185
9.698178,10.300000,2020-07-06,10.380000,9.880000,9.880000,23870313
9.406291,9.990000,2020-07-07,10.470000,9.900000,10.370000,30077055
9.538111,10.130000,2020-07-08,10.250000,9.870000,9.900000,18410217
10.357278,11.000000,2020-07-09,11.140000,9.920000,10.130000,31292299
10.442019,11.090000,2020-07-10,11.480000,10.510000,10.930000,28267146
11.289433,11.990000,2020-07-13,12.190000,11.060000,11.090000,28339409
12.419317,13.190000,2020-07-14,13.190000,11.770000,12.100000,33354101
12.315744,13.080000,2020-07-15,14.500000,12.630000,13.500000,44849632
11.082287,11.770000,2020-07-16,12.950000,11.770000,12.940000,36951530
11.185860,11.880000,2020-07-17,12.300000,10.780000,11.530000,25380561
11.590734,12.310000,2020-07-20,12.360000,11.860000,12.120000,22378767
11.298847,12.000000,2020-07-21,12.460000,11.920000,12.440000,16680383
11.204690,11.900000,2020-07-22,12.190000,11.700000,11.900000,15344897
11.515409,12.230000,2020-07-23,12.280000,11.010000,11.770000,22371675
10.733905,11.400000,2020-07-24,12.260000,11.330000,12.260000,21123971
10.733905,11.400000,2020-07-27,11.570000,11.200000,11.380000,11637242
11.035209,11.720000,2020-07-28,11.930000,11.380000,11.380000,13517451
11.251768,11.950000,2020-07-29,11.990000,11.460000,11.720000,13892614
11.063455,11.750000,2020-07-30,12.070000,11.730000,11.930000,12932794
11.242353,11.940000,2020-07-31,12.180000,11.650000,11.690000,16235063
11.986194,12.730000,2020-08-03,12.920000,11.910000,11.980000,25633221
11.553072,12.270000,2020-08-04,12.820000,12.220000,12.820000,18429103
11.458915,12.170000,2020-08-05,12.320000,11.970000,12.200000,11268996
11.204690,11.900000,2020-08-06,12.220000,11.720000,12.130000,12240404
10.837479,11.510000,2020-08-07,11.830000,11.390000,11.800000,11329188
10.893972,11.570000,2020-08-10,11.730000,11.370000,11.470000,7816601
10.536175,11.190000,2020-08-11,11.670000,11.160000,11.570000,8742753
10.931635,11.610000,2020-08-12,11.640000,11.120000,11.190000,9319027
10.893972,11.570000,2020-08-13,11.740000,11.530000,11.700000,5672832
10.903387,11.580000,2020-08-14,11.630000,11.420000,11.550000,4864298
11.298847,12.000000,2020-08-17,12.070000,11.580000,11.610000,12262381
11.270601,11.970000,2020-08-18,12.110000,11.880000,12.110000,8277007
11.242353,11.940000,2020-08-19,12.430000,11.900000,11.960000,12567798
10.941051,11.620000,2020-08-20,11.950000,11.580000,11.940000,7873308
11.543655,12.260000,2020-08-21,12.400000,11.600000,11.620000,19354023
11.609566,12.330000,2020-08-24,12.680000,12.240000,12.420000,16494792
11.063455,11.750000,2020-08-25,12.490000,11.650000,12.480000,21058290
10.620916,11.280000,2020-08-26,11.690000,11.170000,11.690000,13008802
10.733905,11.400000,2020-08-27,11.450000,11.120000,11.280000,7420163
10.724490,11.390000,2020-08-28,11.470000,11.230000,11.360000,6024224
10.630333,11.290000,2020-08-31,11.560000,11.280000,11.480000,6803062
10.649164,11.310000,2020-09-01,11.390000,11.210000,11.330000,4863401
10.620916,11.280000,2020-09-02,11.380000,11.210000,11.340000,4694384
10.366693,11.010000,2020-09-03,11.300000,10.970000,11.290000,7882879
10.319614,10.960000,2020-09-04,10.980000,10.800000,10.840000,4885573
9.905324,10.520000,2020-09-07,11.020000,10.500000,10.910000,7756638
9.735840,10.340000,2020-09-08,10.590000,10.070000,10.550000,8539539
9.368629,9.950000,2020-09-09,10.340000,9.950000,10.340000,7794182
9.095572,9.660000,2020-09-10,10.140000,9.650000,10.040000,7132002
9.491033,10.080000,2020-09-11,10.150000,9.640000,9.680000,7214400
9.660516,10.260000,2020-09-14,10.470000,10.140000,10.140000,6939901
9.556941,10.150000,2020-09-15,10.320000,10.060000,10.270000,3789692
9.538111,10.130000,2020-09-16,10.270000,10.040000,10.220000,3073562
9.462786,10.050000,2020-09-17,10.140000,9.930000,10.110000,3508596
9.660516,10.260000,2020-09-18,10.290000,10.000000,10.060000,4703157
9.632267,10.230000,2020-09-21,10.350000,10.190000,10.300000,3401510
9.453369,10.040000,2020-09-22,10.210000,10.030000,10.110000,3185601
9.773503,10.380000,2020-09-23,10.410000,10.090000,10.130000,7664961
9.500447,10.090000,2020-09-24,10.270000,10.060000,10.260000,4092506
9.312134,9.890000,2020-09-25,10.150000,9.810000,10.030000,4661619
9.519279,10.110000,2020-09-28,10.150000,9.800000,9.890000,5350101
9.556941,10.150000,2020-09-29,10.330000,10.050000,10.150000,4823301
9.575773,10.170000,2020-09-30,10.190000,10.040000,10.190000,3215900
9.735840,10.340000,2020-10-09,10.400000,10.270000,10.270000,6021905
9.971233,10.590000,2020-10-12,10.610000,10.380000,10.520000,9365437
9.820581,10.430000,2020-10-13,10.580000,10.350000,10.580000,5052364
9.745256,10.350000,2020-10-14,10.400000,10.290000,10.400000,3228300
9.622851,10.220000,2020-10-15,10.390000,10.220000,10.390000,2819400
9.641684,10.240000,2020-10-16,10.250000,10.150000,10.200000,2653994
9.528694,10.120000,2020-10-19,10.320000,10.110000,10.210000,2637800
9.660516,10.260000,2020-10-20,10.380000,9.980000,10.120000,3803838
9.519279,10.110000,2020-10-21,10.320000,10.060000,10.290000,2442300
9.472201,10.060000,2020-10-22,10.120000,10.010000,10.090000,1824000
9.425122,10.010000,2020-10-23,10.140000,10.000000,10.070000,2176523
9.443953,10.030000,2020-10-26,10.090000,9.980000,10.050000,1582600
9.500447,10.090000,2020-10-27,10.180000,10.030000,10.060000,3300942
9.396874,9.980000,2020-10-28,10.100000,9.840000,10.060000,3018800
9.208561,9.780000,2020-10-29,9.890000,9.730000,9.850000,4097300
8.822517,9.370000,2020-10-30,9.840000,9.350000,9.750000,5613501
8.784854,9.330000,2020-11-02,9.500000,9.260000,9.360000,2615444
8.944921,9.500000,2020-11-03,9.580000,9.330000,9.330000,2612043
8.850763,9.400000,2020-11-04,9.530000,9.320000,9.520000,1992865
9.001416,9.560000,2020-11-05,9.590000,9.430000,9.480000,3127044
8.935505,9.490000,2020-11-06,9.630000,9.450000,9.530000,2580800
9.076741,9.640000,2020-11-09,9.690000,9.510000,9.510000,3760721
9.029663,9.590000,2020-11-10,9.750000,9.580000,9.750000,2547401
9.001416,9.560000,2020-11-11,9.670000,9.480000,9.590000,2200772
9.029663,9.590000,2020-11-12,9.630000,9.530000,9.540000,1543201
8.916675,9.470000,2020-11-13,9.580000,9.460000,9.580000,1772700
9.001416,9.560000,2020-11-16,9.620000,9.490000,9.520000,1918101
8.973168,9.530000,2020-11-17,9.590000,9.480000,9.580000,2068102
8.992000,9.550000,2020-11-18,9.580000,9.460000,9.460000,2071302
9.001416,9.560000,2020-11-19,9.580000,9.500000,9.550000,1729400
9.048493,9.610000,2020-11-20,9.650000,9.500000,9.560000,3020065
9.142651,9.710000,2020-11-23,9.750000,9.500000,9.610000,3812302
9.039079,9.600000,2020-11-24,9.720000,9.600000,9.680000,2346362
8.973168,9.530000,2020-11-25,9.650000,9.530000,9.600000,2126701
8.973168,9.530000,2020-11-26,9.580000,9.500000,9.580000,1964100
8.982584,9.540000,2020-11-27,9.580000,9.500000,9.550000,2276600
9.001416,9.560000,2020-11-30,9.680000,9.540000,9.550000,2645000
9.048493,9.610000,2020-12-01,9.610000,9.520000,9.590000,2312337
9.142651,9.710000,2020-12-02,9.740000,9.570000,9.630000,4100200
9.048493,9.610000,2020-12-03,9.730000,9.590000,9.710000,2335701
8.944921,9.500000,2020-12-04,9.610000,9.460000,9.590000,2960695
8.869596,9.420000,2020-12-07,9.540000,9.410000,9.540000,1863834
8.775438,9.320000,2020-12-08,9.470000,9.300000,9.420000,2229200
8.709528,9.250000,2020-12-09,9.390000,9.230000,9.370000,2437501
8.709528,9.250000,2020-12-10,9.350000,9.190000,9.230000,1261201
8.521215,9.050000,2020-12-11,9.340000,9.000000,9.300000,2668311
8.417641,8.940000,2020-12-14,9.040000,8.840000,8.880000,2118753
8.314069,8.830000,2020-12-15,9.000000,8.800000,9.000000,2228475
8.850763,9.400000,2020-12-16,9.710000,8.830000,8.830000,11578689
8.709528,9.250000,2020-12-17,9.250000,8.930000,9.160000,8432420
8.568294,9.100000,2020-12-18,9.250000,9.080000,9.220000,4138177
8.540045,9.070000,2020-12-21,9.180000,9.010000,9.150000,3465626
8.361147,8.880000,2020-12-22,9.100000,8.850000,9.060000,3756198
8.398810,8.920000,2020-12-23,8.950000,8.820000,8.920000,2380860
8.361147,8.880000,2020-12-24,8.930000,8.810000,8.880000,2322803
8.540045,9.070000,2020-12-25,9.150000,8.810000,8.890000,3766010
8.370564,8.890000,2020-12-28,9.130000,8.870000,9.020000,2285064
8.370564,8.890000,2020-12-29,8.960000,8.820000,8.850000,1766069
8.370564,8.890000,2020-12-30,8.930000,8.850000,8.930000,1777768
8.389395,8.910000,2020-12-31,8.940000,8.860000,8.860000,2061853
8.483552,9.010000,2021-01-04,9.040000,8.860000,8.910000,3235846
8.370564,8.890000,2021-01-05,9.020000,8.850000,9.020000,2779233
8.135171,8.640000,2021-01-06,8.870000,8.610000,8.840000,4445033
7.749125,8.230000,2021-01-07,8.650000,8.190000,8.630000,5074971
7.758542,8.240000,2021-01-08,8.340000,8.080000,8.250000,2254795
7.560812,8.030000,2021-01-11,8.240000,8.010000,8.220000,3074740
7.532565,8.000000,2021-01-12,8.090000,7.950000,8.040000,2865270
8.191665,8.700000,2021-01-13,8.800000,8.060000,8.070000,15327586
7.805620,8.290000,2021-01-14,8.440000,8.270000,8.440000,9081934
7.899778,8.390000,2021-01-15,8.390000,8.190000,8.280000,4170814
7.899778,8.390000,2021-01-18,8.470000,8.320000,8.330000,3398101
7.975104,8.470000,2021-01-19,8.670000,8.260000,8.390000,4648700
7.852700,8.340000,2021-01-20,8.500000,8.310000,8.500000,2666293
7.852700,8.340000,2021-01-21,8.380000,8.300000,8.310000,2381415
7.692632,8.170000,2021-01-22,8.340000,8.160000,8.340000,2701356
7.560812,8.030000,2021-01-25,8.150000,8.010000,8.150000,2812710
7.645553,8.120000,2021-01-26,8.140000,7.980000,8.030000,2486845
7.673800,8.150000,2021-01-27,8.190000,8.030000,8.130000,2130721
7.579644,8.050000,2021-01-28,8.140000,8.040000,8.100000,1974307
7.419577,7.880000,2021-01-29,8.100000,7.830000,8.030000,2777508
7.494902,7.960000,2021-02-01,7.960000,7.800000,7.880000,1871314
7.438408,7.900000,2021-02-02,7.950000,7.880000,7.880000,1659055
7.278341,7.730000,2021-02-03,7.900000,7.720000,7.900000,1972875
7.024117,7.460000,2021-02-04,7.730000,7.400000,7.710000,2789040
7.024117,7.460000,2021-02-05,7.630000,7.450000,7.470000,1635874
7.042948,7.480000,2021-02-08,7.530000,7.410000,7.460000,1315100
7.146522,7.590000,2021-02-09,7.630000,7.480000,7.480000,1689077
7.174768,7.620000,2021-02-10,7.690000,7.600000,7.650000,1650500
7.363083,7.820000,2021-02-18,7.820000,7.680000,7.690000,2297436
7.607891,8.080000,2021-02-19,8.100000,7.780000,7.820000,3563842
7.786790,8.270000,2021-02-22,8.500000,8.080000,8.090000,6235725
7.645553,8.120000,2021-02-23,8.340000,8.110000,8.270000,3358900
7.739711,8.220000,2021-02-24,8.290000,8.130000,8.160000,2674037
7.880946,8.370000,2021-02-25,8.500000,8.180000,8.250000,5336236
7.749125,8.230000,2021-02-26,8.320000,8.120000,8.280000,3159711
7.852700,8.340000,2021-03-01,8.390000,8.200000,8.200000,2615438
7.786790,8.270000,2021-03-02,8.370000,8.220000,8.300000,2004611
7.871530,8.360000,2021-03-03,8.410000,8.270000,8.270000,2252874
7.852700,8.340000,2021-03-04,8.410000,8.260000,8.290000,2542500
7.993934,8.490000,2021-03-05,8.500000,8.270000,8.340000,3512254
7.928024,8.420000,2021-03-08,8.640000,8.400000,8.490000,3800501
7.852700,8.340000,2021-03-09,8.540000,8.080000,8.420000,3876907
7.673800,8.150000,2021-03-10,8.400000,8.130000,8.350000,1828501
7.786790,8.270000,2021-03-11,8.270000,8.120000,8.160000,1464500
7.767958,8.250000,2021-03-12,8.270000,8.160000,8.270000,1738801
7.815036,8.300000,2021-03-15,8.400000,8.240000,8.270000,2559065
7.956272,8.450000,2021-03-16,8.460000,8.280000,8.330000,2927421
7.956272,8.450000,2021-03-17,8.480000,8.350000,8.430000,2001621
8.041014,8.540000,2021-03-18,8.600000,8.400000,8.440000,3101600
7.937440,8.430000,2021-03-19,8.550000,8.400000,8.550000,2681921
7.993934,8.490000,2021-03-22,8.520000,8.360000,8.450000,2319800
7.965688,8.460000,2021-03-23,8.540000,8.390000,8.480000,2162104
7.909194,8.400000,2021-03-24,8.500000,8.360000,8.460000,1747100
7.730295,8.210000,2021-03-25,8.390000,8.200000,8.380000,2542700
7.767958,8.250000,2021-03-26,8.280000,8.200000,8.220000,1887004
7.815036,8.300000,2021-03-29,8.320000,8.240000,8.280000,1956000
7.767958,8.250000,2021-03-30,8.310000,8.200000,8.300000,1969248
7.815036,8.300000,2021-03-31,8.320000,8.230000,8.250000,1635855
7.833868,8.320000,2021-04-01,8.330000,8.230000,8.270000,1913271
7.767958,8.250000,2021-04-02,8.320000,8.230000,8.290000,1271036
7.786790,8.270000,2021-04-06,8.300000,8.220000,8.280000,1521476
8.257575,8.770000,2021-04-07,8.850000,8.250000,8.250000,10981669
8.106922,8.610000,2021-04-08,8.870000,8.610000,8.770000,4952771
8.106922,8.610000,2021-04-09,8.700000,8.520000,8.610000,2679318
8.172833,8.680000,2021-04-12,8.780000,8.570000,8.600000,3842902
7.523149,7.990000,2021-04-13,8.480000,7.930000,8.480000,9051449
7.513734,7.980000,2021-04-14,8.020000,7.870000,7.950000,2313642
7.466655,7.930000,2021-04-15,7.990000,7.900000,7.980000,2073577
7.579644,8.050000,2021-04-16,8.050000,7.930000,7.980000,2252480
7.626723,8.100000,2021-04-19,8.120000,8.050000,8.070000,2121100
7.579644,8.050000,2021-04-20,8.130000,8.030000,8.070000,2532801
7.570228,8.040000,2021-04-21,8.050000,8.000000,8.040000,1932421
7.532565,8.000000,2021-04-22,8.050000,7.990000,8.000000,1582598
7.466655,7.930000,2021-04-23,7.990000,7.920000,7.990000,1726601
7.391330,7.850000,2021-04-26,7.920000,7.810000,7.900000,2079501
6.722815,7.140000,2021-04-27,7.730000,7.110000,7.730000,9701968
6.628657,7.040000,2021-04-28,7.140000,6.950000,7.140000,3112831
6.609826,7.020000,2021-04-29,7.080000,6.980000,7.060000,1993900
6.327354,6.720000,2021-04-30,7.070000,6.610000,7.070000,5797259
6.374433,6.770000,2021-05-06,6.820000,6.640000,6.720000,3132794
6.440343,6.840000,2021-05-07,6.970000,6.700000,6.750000,3662263
6.449759,6.850000,2021-05-10,6.940000,6.770000,6.900000,2271042
6.402680,6.800000,2021-05-11,6.860000,6.750000,6.800000,2061600
6.430928,6.830000,2021-05-12,6.840000,6.710000,6.800000,1547621
6.383849,6.780000,2021-05-13,6.870000,6.750000,6.800000,2839634
6.459175,6.860000,2021-05-14,6.870000,6.780000,6.780000,2213400
6.383849,6.780000,2021-05-17,6.880000,6.760000,6.860000,2217800
6.449759,6.850000,2021-05-18,6.870000,6.730000,6.800000,2485600
6.440343,6.840000,2021-05-19,6.860000,6.800000,6.860000,1295748
6.402680,6.800000,2021-05-20,6.860000,6.780000,6.860000,1033350
6.421512,6.820000,2021-05-21,6.860000,6.780000,6.800000,1544566
6.449759,6.850000,2021-05-24,6.870000,6.750000,6.820000,1885202
6.459175,6.860000,2021-05-25,6.860000,6.820000,6.830000,1446788
6.543916,6.950000,2021-05-26,6.960000,6.850000,6.880000,2708364
6.769893,7.190000,2021-05-27,7.420000,6.930000,6.930000,7613868
6.798140,7.220000,2021-05-28,7.300000,7.090000,7.130000,3828167
6.760477,7.180000,2021-05-31,7.240000,7.120000,7.220000,1719800
6.816971,7.240000,2021-06-01,7.280000,7.150000,7.160000,2095101
6.798140,7.220000,2021-06-02,7.260000,7.160000,7.240000,2030081
6.854634,7.280000,2021-06-03,7.330000,7.150000,7.200000,2860440
6.816971,7.240000,2021-06-04,7.280000,7.210000,7.230000,1320109
6.732230,7.150000,2021-06-07,7.250000,7.120000,7.210000,2418418
6.741645,7.160000,2021-06-08,7.200000,7.110000,7.200000,1300902
6.788724,7.210000,2021-06-09,7.220000,7.130000,7.150000,1551900
6.751062,7.170000,2021-06-10,7.210000,7.150000,7.180000,1371679
6.816971,7.240000,2021-06-11,7.340000,7.210000,7.240000,3477044
6.675736,7.090000,2021-06-15,7.330000,7.040000,7.270000,2780900
6.666047,6.880000,2021-06-16,6.930000,6.810000,6.930000,1454800
6.540090,6.750000,2021-06-17,6.900000,6.740000,6.870000,1735804
6.559467,6.770000,2021-06-18,6.810000,6.680000,6.810000,1418918
6.491644,6.700000,2021-06-21,6.770000,6.690000,6.770000,1466300
6.520711,6.730000,2021-06-22,6.810000,6.680000,6.700000,1706950
6.559467,6.770000,2021-06-23,6.770000,6.710000,6.730000,1104300
6.549779,6.760000,2021-06-24,6.800000,6.720000,6.780000,1501500
6.549779,6.760000,2021-06-25,6.780000,6.700000,6.780000,1533843
6.520711,6.730000,2021-06-28,6.770000,6.710000,6.760000,1367036
6.462578,6.670000,2021-06-29,6.730000,6.650000,6.720000,1562671
6.452888,6.660000,2021-06-30,6.680000,6.640000,6.650000,1047408
6.404443,6.610000,2021-07-01,6.670000,6.610000,6.640000,1348300
6.317242,6.520000,2021-07-02,6.630000,6.510000,6.610000,1356200
6.452888,6.660000,2021-07-05,6.680000,6.500000,6.520000,1391311
6.472266,6.680000,2021-07-06,6.710000,6.630000,6.660000,1283300
6.607913,6.820000,2021-07-07,6.850000,6.660000,6.680000,2986400
6.520711,6.730000,2021-07-08,6.860000,6.720000,6.860000,1422900
6.540090,6.750000,2021-07-09,6.770000,6.690000,6.710000,1376574
6.569157,6.780000,2021-07-12,6.800000,6.720000,6.760000,1922700
6.569157,6.780000,2021-07-13,6.820000,6.750000,6.820000,1501600
6.520711,6.730000,2021-07-14,6.800000,6.730000,6.780000,950300
6.511022,6.720000,2021-07-15,6.750000,6.670000,6.720000,1455232
6.472266,6.680000,2021-07-16,6.760000,6.680000,6.720000,1454692
6.423821,6.630000,2021-07-19,6.720000,6.600000,6.680000,1307863
6.433510,6.640000,2021-07-20,6.670000,6.590000,6.650000,749600
6.511022,6.720000,2021-07-21,6.730000,6.640000,6.650000,1274144
6.530400,6.740000,2021-07-22,6.760000,6.690000,6.700000,1475100
6.917961,7.140000,2021-07-23,7.410000,6.840000,6.850000,20631842
6.588534,6.800000,2021-07-26,6.960000,6.700000,6.960000,14447374
6.210663,6.410000,2021-07-27,6.760000,6.410000,6.760000,8374852
5.958748,6.150000,2021-07-28,6.410000,6.050000,6.380000,3931536
6.065328,6.260000,2021-07-29,6.300000,6.150000,6.150000,2283520
6.016882,6.210000,2021-07-30,6.260000,6.110000,6.260000,2129401
6.084706,6.280000,2021-08-02,6.280000,6.160000,6.160000,1986689
6.084706,6.280000,2021-08-03,6.350000,6.220000,6.250000,1967216
6.104084,6.300000,2021-08-04,6.310000,6.250000,6.290000,1445820
6.036260,6.230000,2021-08-05,6.300000,6.220000,6.280000,1523200
6.016882,6.210000,2021-08-06,6.240000,6.170000,6.230000,1436157
6.065328,6.260000,2021-08-09,6.270000,6.170000,6.200000,1688252
6.162218,6.360000,2021-08-10,6.380000,6.250000,6.270000,2307032
6.171906,6.370000,2021-08-11,6.390000,6.340000,6.360000,2274740
6.191285,6.390000,2021-08-12,6.430000,6.370000,6.370000,1765585
6.210663,6.410000,2021-08-13,6.420000,6.340000,6.400000,1898500
6.220352,6.420000,2021-08-16,6.450000,6.370000,6.410000,1526821
6.065328,6.260000,2021-08-17,6.440000,6.230000,6.420000,2553600
6.113772,6.310000,2021-08-18,6.330000,6.230000,6.250000,1727367
6.113772,6.310000,2021-08-19,6.320000,6.270000,6.280000,1105506
6.084706,6.280000,2021-08-20,6.300000,6.230000,6.300000,1432200
6.123462,6.320000,2021-08-23,6.330000,6.270000,6.280000,1971259
6.123462,6.320000,2021-08-24,6.340000,6.300000,6.330000,1829700
6.171906,6.370000,2021-08-25,6.380000,6.280000,6.310000,2009856
6.249418,6.450000,2021-08-26,6.500000,6.320000,6.350000,3237104
6.162218,6.360000,2021-08-27,6.430000,6.340000,6.430000,2504995
6.200974,6.400000,2021-08-30,6.440000,6.350000,6.370000,2104575
6.288175,6.490000,2021-08-31,6.490000,6.370000,6.400000,2545696
6.317242,6.520000,2021-09-01,6.580000,6.430000,6.500000,3600546
6.346309,6.550000,2021-09-02,6.560000,6.470000,6.520000,2538605
6.462578,6.670000,2021-09-03,6.790000,6.530000,6.530000,6459522
6.414132,6.620000,2021-09-06,6.680000,6.570000,6.650000,3386093
6.501333,6.710000,2021-09-07,6.730000,6.600000,6.610000,2873460
6.607913,6.820000,2021-09-08,6.820000,6.680000,6.700000,4647057
6.685425,6.900000,2021-09-09,6.950000,6.790000,6.800000,4957475
6.559467,6.770000,2021-09-10,6.920000,6.740000,6.910000,3751900
6.666047,6.880000,2021-09-13,6.890000,6.720000,6.760000,3450621
6.530400,6.740000,2021-09-14,6.900000,6.720000,6.900000,2956900
6.607913,6.820000,2021-09-15,6.850000,6.700000,6.740000,3536535
6.549779,6.760000,2021-09-16,6.880000,6.720000,6.880000,2112310
6.433510,6.640000,2021-09-17,6.790000,6.560000,6.790000,2835405
6.511022,6.720000,2021-09-22,6.740000,6.520000,6.550000,2233607
6.578846,6.790000,2021-09-23,6.850000,6.710000,6.710000,2713022
6.433510,6.640000,2021-09-24,6.830000,6.620000,6.830000,2024900
6.230041,6.430000,2021-09-27,6.750000,6.380000,6.640000,3897235
6.307553,6.510000,2021-09-28,6.630000,6.430000,6.460000,1975300
6.171906,6.370000,2021-09-29,6.490000,6.340000,6.470000,2366300
6.278486,6.480000,2021-09-30,6.510000,6.370000,6.370000,1579700
6.433510,6.640000,2021-10-08,6.650000,6.500000,6.530000,3488400
6.433510,6.640000,2021-10-11,6.690000,6.540000,6.650000,2113400
6.414132,6.620000,2021-10-12,6.660000,6.550000,6.610000,1951220
6.326931,6.530000,2021-10-13,6.650000,6.460000,6.650000,1212600
6.297864,6.500000,2021-10-14,6.630000,6.430000,6.510000,1408301
6.200974,6.400000,2021-10-15,6.500000,6.400000,6.500000,1443100
6.259108,6.460000,2021-10-18,6.470000,6.400000,6.400000,874400
6.317242,6.520000,2021-10-19,6.570000,6.430000,6.430000,1763400
6.220352,6.420000,2021-10-20,6.530000,6.420000,6.480000,1465100
6.181596,6.380000,2021-10-21,6.450000,6.350000,6.450000,1615301
6.104084,6.300000,2021-10-22,6.410000,6.290000,6.360000,2075000
6.075016,6.270000,2021-10-25,6.400000,6.200000,6.400000,1656100
6.181596,6.380000,2021-10-26,6.430000,6.310000,6.310000,1944113
6.007193,6.200000,2021-10-27,6.360000,6.120000,6.300000,3036526
5.958748,6.150000,2021-10-28,6.200000,6.090000,6.160000,1357400
6.045949,6.240000,2021-10-29,6.290000,6.140000,6.190000,1405300
6.142840,6.340000,2021-11-01,6.370000,6.240000,6.250000,1319000
6.016882,6.210000,2021-11-02,6.370000,6.130000,6.320000,1730700
6.055639,6.250000,2021-11-03,6.280000,6.160000,6.170000,1100701
6.084706,6.280000,2021-11-04,6.300000,6.230000,6.260000,1052100
6.094394,6.290000,2021-11-05,6.320000,6.210000,6.320000,1182121
6.104084,6.300000,2021-11-08,6.330000,6.250000,6.250000,1157601
6.152529,6.350000,2021-11-09,6.360000,6.290000,6.330000,1265200
6.220352,6.420000,2021-11-10,6.420000,6.340000,6.350000,2202603
6.268797,6.470000,2021-11-11,6.470000,6.400000,6.420000,1747302
6.268797,6.470000,2021-11-12,6.490000,6.440000,6.450000,1116820
6.355998,6.560000,2021-11-15,6.590000,6.470000,6.470000,2286500
6.355998,6.560000,2021-11-16,6.640000,6.550000,6.580000,2777700
6.394754,6.600000,2021-11-17,6.610000,6.500000,6.540000,1724887
6.288175,6.490000,2021-11-18,6.600000,6.490000,6.570000,1317700
6.336620,6.540000,2021-11-19,6.550000,6.430000,6.480000,1629000
6.307553,6.510000,2021-11-22,6.570000,6.490000,6.570000,1187300
6.355998,6.560000,2021-11-23,6.560000,6.500000,6.520000,1163213
6.481956,6.690000,2021-11-24,6.830000,6.580000,6.580000,5295177
6.491644,6.700000,2021-11-25,6.760000,6.610000,6.750000,2312944
6.472266,6.680000,2021-11-26,6.710000,6.600000,6.700000,1788500
6.365687,6.570000,2021-11-29,6.630000,6.550000,6.630000,1786200
6.433510,6.640000,2021-11-30,6.650000,6.570000,6.570000,1582742
6.588534,6.800000,2021-12-01,6.840000,6.620000,6.650000,4502069
6.714491,6.930000,2021-12-02,7.080000,6.750000,6.800000,7575698
6.675736,6.890000,2021-12-03,7.010000,6.850000,6.930000,2806100
6.549779,6.760000,2021-12-06,6.950000,6.760000,6.880000,2760941
6.675736,6.890000,2021-12-07,6.900000,6.770000,6.790000,2586980
6.607913,6.820000,2021-12-08,6.910000,6.800000,6.890000,2273682
6.627291,6.840000,2021-12-09,6.870000,6.790000,6.820000,2227717
6.976095,7.200000,2021-12-10,7.340000,6.810000,6.810000,10557874
6.947029,7.170000,2021-12-13,7.270000,7.100000,7.220000,5060100
6.976095,7.200000,2021-12-14,7.250000,7.160000,7.220000,3526474
7.392724,7.630000,2021-12-15,7.640000,7.160000,7.200000,11075250
7.518681,7.760000,2021-12-16,7.880000,7.540000,7.600000,10667331
7.576815,7.820000,2021-12-17,7.860000,7.650000,7.680000,6215611
7.605882,7.850000,2021-12-20,7.960000,7.710000,7.710000,6338101
7.809351,8.060000,2021-12-21,8.100000,7.780000,7.840000,6316852
7.499302,7.740000,2021-12-22,8.060000,7.710000,8.010000,8120466
7.286144,7.520000,2021-12-23,7.770000,7.500000,7.770000,5163000
7.179564,7.410000,2021-12-24,7.580000,7.350000,7.530000,4171900
7.198943,7.430000,2021-12-27,7.460000,7.330000,7.410000,2539160
7.160187,7.390000,2021-12-28,7.500000,7.390000,7.500000,1892200
7.266766,7.500000,2021-12-29,7.550000,7.350000,7.360000,3285900
7.198943,7.430000,2021-12-30,7.540000,7.400000,7.460000,2622382
7.237699,7.470000,2021-12-31,7.550000,7.400000,7.430000,2428012
7.567126,7.810000,2022-01-04,7.890000,7.460000,7.480000,5486800
7.460546,7.700000,2022-01-05,7.830000,7.600000,7.810000,3099600
7.460546,7.700000,2022-01-06,7.830000,7.670000,7.710000,2601260
7.508992,7.750000,2022-01-07,7.800000,7.700000,7.700000,2866000
7.421791,7.660000,2022-01-10,7.780000,7.610000,7.760000,2160400
7.479925,7.720000,2022-01-11,7.780000,7.630000,7.670000,2513700
7.586504,7.830000,2022-01-12,7.880000,7.660000,7.760000,3062792
7.567126,7.810000,2022-01-13,7.880000,7.770000,7.850000,2361900
7.228010,7.460000,2022-01-14,7.840000,7.440000,7.840000,4380100
7.460546,7.700000,2022-01-17,7.730000,7.440000,7.500000,4218002
7.363657,7.600000,2022-01-18,7.870000,7.560000,7.800000,3354301
7.479925,7.720000,2022-01-19,7.740000,7.560000,7.600000,2871000
7.218321,7.450000,2022-01-20,7.810000,7.430000,7.760000,2838900
7.198943,7.430000,2022-01-21,7.560000,7.340000,7.450000,1795200
7.102053,7.330000,2022-01-24,7.490000,7.310000,7.450000,1859100
6.821071,7.040000,2022-01-25,7.390000,7.010000,7.310000,2324200
7.063296,7.290000,2022-01-26,7.290000,7.000000,7.000000,2670500
6.772626,6.990000,2022-01-27,7.270000,6.980000,7.250000,2295500
6.888895,7.110000,2022-01-28,7.180000,6.990000,7.000000,1741601
6.995473,7.220000,2022-02-07,7.240000,7.100000,7.130000,1799900
7.140809,7.370000,2022-02-08,7.380000,7.210000,7.210000,2161800
7.247388,7.480000,2022-02-09,7.500000,7.370000,7.420000,2202000
7.266766,7.500000,2022-02-10,7.520000,7.410000,7.470000,1709283
7.102053,7.330000,2022-02-11,7.530000,7.300000,7.430000,1876701
7.111742,7.340000,2022-02-14,7.420000,7.290000,7.330000,1471300
7.819040,8.070000,2022-02-15,8.070000,7.360000,7.360000,16303486
7.586504,7.830000,2022-02-16,7.910000,7.660000,7.910000,23194707
7.363657,7.600000,2022-02-17,7.800000,7.560000,7.700000,11486202
7.431479,7.670000,2022-02-18,7.720000,7.520000,7.550000,6927400
7.450858,7.690000,2022-02-21,7.710000,7.550000,7.670000,7786804
7.276455,7.510000,2022-02-22,7.660000,7.470000,7.600000,6894666
7.489614,7.730000,2022-02-23,7.820000,7.480000,7.540000,9723331
7.266766,7.500000,2022-02-24,7.860000,7.410000,7.700000,9206750
7.247388,7.480000,2022-02-25,7.640000,7.430000,7.580000,4136679
7.431479,7.670000,2022-02-28,7.790000,7.400000,7.460000,7202932
7.518681,7.760000,2022-03-01,7.780000,7.600000,7.700000,5672862
7.722150,7.970000,2022-03-02,8.070000,7.700000,7.730000,10540102
8.497272,8.770000,2022-03-03,8.770000,7.920000,7.940000,45370157
9.349905,9.650000,2022-03-04,9.650000,8.590000,8.850000,54846015
10.289741,10.620000,2022-03-07,10.620000,9.770000,9.900000,22300551
9.582442,9.890000,2022-03-08,11.680000,9.560000,11.680000,84552092
8.623229,8.900000,2022-03-09,9.210000,8.900000,8.900000,44996394
8.429448,8.700000,2022-03-10,8.960000,8.320000,8.550000,48851583
8.022510,8.280000,2022-03-11,8.440000,8.130000,8.420000,37316606
7.538059,7.780000,2022-03-14,8.270000,7.760000,8.200000,29594630
6.821071,7.040000,2022-03-15,7.770000,7.000000,7.770000,32686944
7.034230,7.260000,2022-03-16,7.320000,6.930000,7.140000,25678817
7.043919,7.270000,2022-03-17,7.430000,7.190000,7.280000,23311919
7.286144,7.520000,2022-03-18,7.550000,7.120000,7.230000,22840400
8.012821,8.270000,2022-03-21,8.270000,7.550000,7.630000,30276094
8.041887,8.300000,2022-03-22,8.610000,8.170000,8.280000,43107682
8.225979,8.490000,2022-03-23,8.700000,8.210000,8.330000,34230614
8.284113,8.550000,2022-03-24,8.770000,8.290000,8.350000,28006167
8.177533,8.440000,2022-03-25,8.540000,8.330000,8.430000,19191156
8.390693,8.660000,2022-03-28,8.850000,8.300000,8.350000,28909056
8.100021,8.360000,2022-03-29,8.740000,8.320000,8.610000,20544216
7.896553,8.150000,2022-03-30,8.410000,8.110000,8.320000,19774000
7.819040,8.070000,2022-03-31,8.270000,8.010000,8.250000,14281197
7.712461,7.960000,2022-04-01,8.200000,7.960000,8.200000,14155261
8.129089,8.390000,2022-04-06,8.460000,7.990000,8.040000,20225900
7.770596,8.020000,2022-04-07,8.380000,8.020000,8.340000,11604790
7.722150,7.970000,2022-04-08,8.110000,7.800000,8.080000,8878332
7.392724,7.630000,2022-04-11,7.960000,7.540000,7.960000,9890800
8.129089,8.390000,2022-04-12,8.390000,7.700000,7.730000,17140093
8.506961,8.780000,2022-04-13,9.070000,8.420000,8.530000,44754324
8.671674,8.950000,2022-04-14,8.960000,8.460000,8.690000,30769263
8.235668,8.500000,2022-04-15,8.820000,8.410000,8.810000,21813545
8.090334,8.350000,2022-04-18,8.610000,8.140000,8.480000,15587646
8.264735,8.530000,2022-04-19,8.720000,8.350000,8.370000,18627669
7.983753,8.240000,2022-04-20,8.550000,8.200000,8.320000,15661000
8.778254,9.060000,2022-04-21,9.060000,8.230000,8.290000,54303488
8.972034,9.260000,2022-04-22,9.950000,8.790000,9.040000,66120514
8.070955,8.330000,2022-04-25,8.810000,8.330000,8.630000,23618000
7.266766,7.500000,2022-04-26,7.550000,7.500000,7.500000,4364900
6.540090,6.750000,2022-04-27,6.750000,6.750000,6.750000,7552500
6.210663,6.410000,2022-04-28,6.750000,6.200000,6.650000,42375526
6.307553,6.510000,2022-04-29,6.620000,6.370000,6.370000,23486813
6.346309,6.550000,2022-05-05,6.600000,6.360000,6.510000,19402678
6.055639,6.250000,2022-05-06,6.410000,6.210000,6.350000,16520000
6.210663,6.410000,2022-05-09,6.450000,6.250000,6.260000,11986188
6.336620,6.540000,2022-05-10,6.540000,6.210000,6.330000,13460700
6.288175,6.490000,2022-05-11,6.890000,6.430000,6.610000,20060501
6.297864,6.500000,2022-05-12,6.670000,6.310000,6.410000,13531200
6.414132,6.620000,2022-05-13,6.650000,6.460000,6.530000,12136301
6.501333,6.710000,2022-05-16,6.750000,6.570000,6.680000,12864900
6.346309,6.550000,2022-05-17,6.750000,6.460000,6.680000,11059100
6.443199,6.650000,2022-05-18,6.720000,6.490000,6.540000,10942500
6.501333,6.710000,2022-05-19,6.720000,6.550000,6.590000,9205200
6.598224,6.810000,2022-05-20,6.850000,6.670000,6.670000,11408200
6.792004,7.010000,2022-05-23,7.060000,6.770000,6.800000,12775861
6.307553,6.510000,2022-05-24,7.100000,6.510000,7.000000,16213548
6.491644,6.700000,2022-05-25,6.740000,6.460000,6.480000,10334470
6.511022,6.720000,2022-05-26,6.770000,6.570000,6.730000,9670846
6.549779,6.760000,2022-05-27,6.780000,6.670000,6.720000,7478030
6.685425,6.900000,2022-05-30,6.910000,6.710000,6.790000,7676329
6.636980,6.850000,2022-05-31,6.880000,6.740000,6.860000,6749700
6.666047,6.880000,2022-06-01,6.990000,6.780000,6.820000,8838137
6.559467,6.770000,2022-06-02,6.880000,6.740000,6.880000,7135514
6.627291,6.840000,2022-06-06,6.850000,6.750000,6.770000,7724201
6.598224,6.810000,2022-06-07,6.870000,6.720000,6.840000,6400195
6.549779,6.760000,2022-06-08,6.850000,6.630000,6.800000,8701404
6.423821,6.630000,2022-06-09,6.790000,6.610000,6.760000,6817000
6.463171,6.570000,2022-06-10,6.680000,6.510000,6.550000,5787900
6.404147,6.510000,2022-06-13,6.580000,6.460000,6.560000,6413914
6.404147,6.510000,2022-06-14,6.520000,6.290000,6.470000,6871427
6.463171,6.570000,2022-06-15,6.670000,6.490000,6.530000,7874608
6.473008,6.580000,2022-06-16,6.630000,6.540000,6.560000,5075304
6.423821,6.530000,2022-06-17,6.580000,6.430000,6.550000,5570905
6.423821,6.530000,2022-06-20,6.550000,6.480000,6.530000,4230800
6.423821,6.530000,2022-06-21,6.620000,6.470000,6.550000,5920000
6.394309,6.500000,2022-06-22,6.560000,6.460000,6.550000,4607593
6.492683,6.600000,2022-06-23,6.600000,6.450000,6.490000,5314101
6.453333,6.560000,2022-06-24,6.650000,6.540000,6.650000,5317200
6.600894,6.710000,2022-06-27,6.710000,6.560000,6.580000,7884165
6.699268,6.810000,2022-06-28,6.820000,6.650000,6.680000,7588901
6.630406,6.740000,2022-06-29,6.960000,6.720000,6.820000,10039909
6.718943,6.830000,2022-06-30,6.900000,6.770000,6.800000,7373096
6.659919,6.770000,2022-07-01,6.850000,6.700000,6.810000,4615117
6.610732,6.720000,2022-07-04,6.770000,6.670000,6.750000,4445049
6.600894,6.710000,2022-07-05,6.750000,6.610000,6.700000,4971621
6.502521,6.610000,2022-07-06,6.690000,6.550000,6.680000,4331332
6.492683,6.600000,2022-07-07,6.660000,6.580000,6.600000,3203601
6.571382,6.680000,2022-07-08,6.710000,6.590000,6.640000,4329800
6.561545,6.670000,2022-07-11,6.680000,6.600000,6.670000,3453400
6.512358,6.620000,2022-07-12,6.760000,6.620000,6.670000,5412800
6.718943,6.830000,2022-07-13,6.870000,6.590000,6.630000,8267200
6.679594,6.790000,2022-07-14,6.830000,6.720000,6.810000,5456504
6.413984,6.520000,2022-07-15,6.800000,6.520000,6.790000,8206032
6.709106,6.820000,2022-07-18,6.860000,6.530000,6.590000,11623813
6.777967,6.890000,2022-07-19,6.890000,6.760000,6.840000,6473200
7.014065,7.130000,2022-07-20,7.150000,6.850000,6.890000,11747050
7.023902,7.140000,2022-07-21,7.240000,6.980000,7.110000,10495010
7.063252,7.180000,2022-07-22,7.220000,7.080000,7.130000,6140810
6.984553,7.100000,2022-07-25,7.250000,7.090000,7.180000,5107134
7.063252,7.180000,2022-07-26,7.200000,6.990000,7.100000,5714065
7.053415,7.170000,2022-07-27,7.240000,7.140000,7.160000,3983530
7.014065,7.130000,2022-07-28,7.230000,7.120000,7.230000,4556453
7.053415,7.170000,2022-07-29,7.540000,7.120000,7.150000,9924543
7.141952,7.260000,2022-08-01,7.500000,7.140000,7.170000,9851577
6.817317,6.930000,2022-08-02,7.230000,6.790000,7.190000,12229542
6.600894,6.710000,2022-08-03,7.080000,6.700000,6.900000,7451112
6.817317,6.930000,2022-08-04,6.940000,6.730000,6.730000,6098496
6.856667,6.970000,2022-08-05,7.000000,6.820000,6.990000,5138000
6.738618,6.850000,2022-08-08,6.980000,6.800000,6.980000,6251400
6.699268,6.810000,2022-08-09,6.860000,6.780000,6.840000,4155094
6.650082,6.760000,2022-08-10,6.810000,6.720000,6.810000,3907900
6.797642,6.910000,2022-08-11,6.980000,6.790000,6.800000,5023287
6.807480,6.920000,2022-08-12,6.970000,6.890000,6.910000,3511500
6.836992,6.950000,2022-08-15,6.950000,6.860000,6.880000,3120226
6.886179,7.000000,2022-08-16,7.020000,6.910000,6.950000,4038400
6.945203,7.060000,2022-08-17,7.070000,6.940000,6.960000,3951441
6.866504,6.980000,2022-08-18,7.050000,6.960000,7.050000,3560400
6.935366,7.050000,2022-08-19,7.050000,6.960000,6.980000,3798700
7.633821,7.760000,2022-08-22,7.760000,7.320000,7.330000,16977545
7.840406,7.970000,2022-08-23,8.430000,7.860000,8.000000,44563262
7.938780,8.070000,2022-08-24,8.150000,7.860000,7.990000,31176615
7.663333,7.790000,2022-08-25,8.050000,7.580000,7.980000,21306135
7.378049,7.500000,2022-08-26,7.780000,7.450000,7.770000,15462433
7.466586,7.590000,2022-08-29,7.620000,7.370000,7.450000,10576401
7.496098,7.620000,2022-08-30,7.760000,7.510000,7.510000,10251117
7.348536,7.470000,2022-08-31,7.660000,7.380000,7.600000,9568493
7.584634,7.710000,2022-09-01,7.790000,7.430000,7.430000,15428000
7.545285,7.670000,2022-09-02,7.720000,7.570000,7.710000,9717700
7.732195,7.860000,2022-09-05,7.860000,7.580000,7.650000,10259807
7.722358,7.850000,2022-09-06,7.900000,7.720000,7.870000,8531101
7.623984,7.750000,2022-09-07,7.790000,7.660000,7.780000,8157400
7.564960,7.690000,2022-09-08,7.820000,7.650000,7.750000,5905896
7.564960,7.690000,2022-09-09,7.750000,7.660000,7.690000,4320600
7.427236,7.550000,2022-09-13,7.720000,7.510000,7.690000,7866000
7.456748,7.580000,2022-09-14,7.640000,7.380000,7.440000,5145600
7.387887,7.510000,2022-09-15,7.750000,7.360000,7.580000,6003400
7.073090,7.190000,2022-09-16,7.500000,7.170000,7.460000,5941501
7.141952,7.260000,2022-09-19,7.290000,7.090000,7.190000,5594500
7.112439,7.230000,2022-09-20,7.360000,7.190000,7.260000,4533988
7.279675,7.400000,2022-09-21,7.410000,7.080000,7.150000,5259988
7.200976,7.320000,2022-09-22,7.430000,7.300000,7.340000,3586100
7.092764,7.210000,2022-09-23,7.380000,7.180000,7.300000,3469500
6.807480,6.920000,2022-09-26,7.230000,6.920000,7.200000,6499800
7.014065,7.130000,2022-09-27,7.130000,6.900000,6.950000,5288300
6.817317,6.930000,2022-09-28,7.140000,6.930000,7.110000,3804200
6.718943,6.830000,2022-09-29,7.040000,6.760000,6.970000,4165832
6.718943,6.830000,2022-09-30,6.900000,6.760000,6.850000,3032300
6.689431,6.800000,2022-10-10,6.930000,6.750000,6.840000,3491000
6.640244,6.750000,2022-10-11,6.790000,6.580000,6.790000,3596165
6.728781,6.840000,2022-10-12,6.870000,6.630000,6.730000,3149100
6.758293,6.870000,2022-10-13,6.900000,6.790000,6.880000,3299400
6.876341,6.990000,2022-10-14,7.010000,6.870000,6.900000,4499800
7.004228,7.120000,2022-10-17,7.130000,6.900000,6.960000,4919891
7.043577,7.160000,2022-10-18,7.220000,7.090000,7.160000,3418201
7.023902,7.140000,2022-10-19,7.230000,7.110000,7.180000,3137000
6.955041,7.070000,2022-10-20,7.160000,7.040000,7.130000,3232410
6.994390,7.110000,2022-10-21,7.180000,7.040000,7.100000,3343800
6.866504,6.980000,2022-10-24,7.160000,6.930000,7.150000,4126110
6.709106,6.820000,2022-10-25,6.950000,6.750000,6.910000,7289000
6.787805,6.900000,2022-10-26,6.920000,6.770000,6.850000,6410300
6.787805,6.900000,2022-10-27,6.960000,6.880000,6.900000,3801788
6.532032,6.640000,2022-10-28,6.940000,6.620000,6.890000,5479800
6.482846,6.590000,2022-10-31,6.700000,6.550000,6.620000,5433606
6.640244,6.750000,2022-11-01,6.750000,6.520000,6.550000,5053245
6.699268,6.810000,2022-11-02,6.860000,6.690000,6.740000,3767831
6.728781,6.840000,2022-11-03,6.850000,6.750000,6.760000,3141600
6.817317,6.930000,2022-11-04,6.940000,6.830000,6.840000,4403800
6.866504,6.980000,2022-11-07,7.000000,6.900000,6.950000,5217293
6.915691,7.030000,2022-11-08,7.030000,6.930000,6.970000,3092784
6.876341,6.990000,2022-11-09,7.060000,6.930000,7.040000,2873833
6.925529,7.040000,2022-11-10,7.060000,6.920000,6.930000,4007901
7.014065,7.130000,2022-11-11,7.230000,7.080000,7.120000,5836601
7.151789,7.270000,2022-11-14,7.370000,7.160000,7.190000,7767053
7.171463,7.290000,2022-11-15,7.320000,7.150000,7.230000,4931365
7.151789,7.270000,2022-11-16,7.330000,7.250000,7.320000,3833221
7.171463,7.290000,2022-11-17,7.330000,7.220000,7.250000,3404500
7.112439,7.230000,2022-11-18,7.340000,7.230000,7.230000,3335525
7.141952,7.260000,2022-11-21,7.280000,7.110000,7.230000,3621301
7.102602,7.220000,2022-11-22,7.320000,7.200000,7.240000,3167900
7.023902,7.140000,2022-11-23,7.220000,7.110000,7.200000,3953400
7.063252,7.180000,2022-11-24,7.260000,7.160000,7.190000,2849800
7.200976,7.320000,2022-11-25,7.440000,7.190000,7.220000,6714493
7.200976,7.320000,2022-11-28,7.340000,7.150000,7.310000,6495181
7.919106,8.050000,2022-11-29,8.050000,7.370000,7.510000,28284999
8.715935,8.860000,2022-11-30,8.860000,8.230000,8.400000,18932407
8.922521,9.070000,2022-12-01,9.750000,8.470000,9.400000,68801814
8.027317,8.160000,2022-12-02,8.830000,8.160000,8.720000,43582964
8.155204,8.290000,2022-12-05,8.500000,8.160000,8.160000,40603157
7.899431,8.030000,2022-12-06,8.220000,7.920000,8.130000,27109278
7.830569,7.960000,2022-12-07,8.030000,7.890000,7.930000,15174096
8.115854,8.250000,2022-12-08,8.300000,7.920000,8.000000,26968553
8.017480,8.150000,2022-12-09,8.320000,8.020000,8.200000,16858375
7.781382,7.910000,2022-12-12,8.100000,7.850000,8.050000,13529717
7.820732,7.950000,2022-12-13,8.010000,7.850000,7.910000,8085300
7.604309,7.730000,2022-12-14,7.940000,7.680000,7.860000,11710000
7.692846,7.820000,2022-12-15,7.860000,7.730000,7.780000,6947400
7.604309,7.730000,2022-12-16,7.870000,7.680000,7.770000,6987783
7.505935,7.630000,2022-12-19,7.830000,7.520000,7.740000,7638911
7.437073,7.560000,2022-12-20,7.660000,7.450000,7.590000,4334000
7.476423,7.600000,2022-12-21,7.660000,7.530000,7.570000,4340300
7.358374,7.480000,2022-12-22,7.700000,7.430000,7.690000,5432700
7.358374,7.480000,2022-12-23,7.560000,7.410000,7.450000,4249911
7.446911,7.570000,2022-12-26,7.600000,7.450000,7.490000,4657500
7.574797,7.700000,2022-12-27,7.770000,7.510000,7.580000,11730501
7.555122,7.680000,2022-12-28,7.710000,7.450000,7.660000,9589715
7.348536,7.470000,2022-12-29,7.700000,7.460000,7.700000,7105700
7.417398,7.540000,2022-12-30,7.570000,7.480000,7.500000,5580912
7.555122,7.680000,2023-01-03,7.710000,7.490000,7.530000,7646201
7.722358,7.850000,2023-01-04,7.910000,7.640000,7.690000,12337063
7.584634,7.710000,2023-01-05,7.890000,7.650000,7.880000,11810821
7.456748,7.580000,2023-01-06,7.740000,7.550000,7.720000,7689400
7.496098,7.620000,2023-01-09,7.640000,7.540000,7.560000,4568500
7.378049,7.500000,2023-01-10,7.620000,7.480000,7.620000,5219500
7.338699,7.460000,2023-01-11,7.560000,7.450000,7.500000,4171800
7.279675,7.400000,2023-01-12,7.480000,7.360000,7.430000,4598979
7.309187,7.430000,2023-01-13,7.450000,7.380000,7.410000,3067900
7.407561,7.530000,2023-01-16,7.540000,7.410000,7.440000,4620000
7.299350,7.420000,2023-01-17,7.550000,7.390000,7.530000,4433800
7.407561,7.530000,2023-01-18,7.540000,7.400000,7.400000,4000700
7.476423,7.600000,2023-01-19,7.620000,7.470000,7.530000,5115800
7.564960,7.690000,2023-01-20,7.690000,7.580000,7.620000,4620200
7.614146,7.740000,2023-01-30,7.790000,7.700000,7.760000,6401100
7.702683,7.830000,2023-01-31,7.830000,7.680000,7.740000,6405000
7.761707,7.890000,2023-02-01,7.890000,7.780000,7.850000,5903503
7.810894,7.940000,2023-02-02,7.970000,7.820000,7.850000,6864713
7.820732,7.950000,2023-02-03,7.950000,7.650000,7.650000,8166500
7.781382,7.910000,2023-02-06,7.940000,7.850000,7.940000,3984100
8.007643,8.140000,2023-02-07,8.140000,7.920000,7.920000,12529924
7.909268,8.040000,2023-02-08,8.190000,8.010000,8.180000,7112700
7.928944,8.060000,2023-02-09,8.070000,7.980000,8.010000,5447700
7.958456,8.090000,2023-02-10,8.150000,8.030000,8.030000,5055900
7.928944,8.060000,2023-02-13,8.130000,8.020000,8.080000,4081700
7.909268,8.040000,2023-02-14,8.080000,8.020000,8.060000,3731976
7.840406,7.970000,2023-02-15,8.050000,7.950000,8.040000,6084481
7.712521,7.840000,2023-02-16,8.070000,7.760000,7.970000,6648000
7.732195,7.860000,2023-02-17,7.930000,7.820000,7.840000,5092599
7.860081,7.990000,2023-02-20,8.010000,7.820000,7.840000,4958733
7.978130,8.110000,2023-02-21,8.120000,7.980000,8.000000,7515933
7.948618,8.080000,2023-02-22,8.100000,8.020000,8.070000,3337934
7.919106,8.050000,2023-02-23,8.120000,8.000000,8.100000,4636933
7.899431,8.030000,2023-02-24,8.060000,7.940000,8.060000,2768633
7.801057,7.930000,2023-02-27,8.020000,7.890000,7.980000,4659401
7.909268,8.040000,2023-02-28,8.040000,7.910000,7.960000,3928900
7.958456,8.090000,2023-03-01,8.140000,8.020000,8.080000,6077100
7.948618,8.080000,2023-03-02,8.120000,8.050000,8.100000,3363801
7.889594,8.020000,2023-03-03,8.120000,7.970000,8.120000,3876700
7.810894,7.940000,2023-03-06,8.020000,7.910000,8.020000,4625400
7.683008,7.810000,2023-03-07,7.960000,7.810000,7.950000,4287504
7.732195,7.860000,2023-03-08,7.860000,7.780000,7.800000,2766100
7.702683,7.830000,2023-03-09,7.900000,7.760000,7.890000,2859866
7.545285,7.670000,2023-03-10,7.820000,7.670000,7.810000,3773700
7.545285,7.670000,2023-03-13,7.730000,7.600000,7.650000,4328744
7.348536,7.470000,2023-03-14,7.660000,7.440000,7.650000,4397300
7.437073,7.560000,2023-03-15,7.570000,7.480000,7.480000,2644215
7.279675,7.400000,2023-03-16,7.550000,7.380000,7.550000,3890500
7.368211,7.490000,2023-03-17,7.520000,7.420000,7.440000,3681301
7.309187,7.430000,2023-03-20,7.540000,7.420000,7.540000,2976401
7.456748,7.580000,2023-03-21,7.580000,7.430000,7.430000,2731000
7.525610,7.650000,2023-03-22,7.670000,7.580000,7.600000,2939001
7.476423,7.600000,2023-03-23,7.650000,7.570000,7.640000,2013200
7.496098,7.620000,2023-03-24,7.650000,7.580000,7.600000,3225200
7.427236,7.550000,2023-03-27,7.650000,7.460000,7.600000,3714901
7.692846,7.820000,2023-03-28,7.990000,7.730000,7.990000,18006823
7.437073,7.560000,2023-03-29,7.860000,7.500000,7.750000,11530916
7.269837,7.390000,2023-03-30,7.590000,7.350000,7.560000,7654100
7.338699,7.460000,2023-03-31,7.500000,7.380000,7.410000,4240000
7.368211,7.490000,2023-04-03,7.530000,7.440000,7.460000,4111515
7.279675,7.400000,2023-04-04,7.510000,7.380000,7.500000,3821400
7.289512,7.410000,2023-04-06,7.440000,7.360000,7.400000,2624000
7.348536,7.470000,2023-04-07,7.470000,7.390000,7.390000,2465215
7.240325,7.360000,2023-04-10,7.480000,7.350000,7.470000,4186980
7.161626,7.280000,2023-04-11,7.400000,7.180000,7.340000,4284500
7.132114,7.250000,2023-04-12,7.310000,7.210000,7.240000,4096401
7.210813,7.330000,2023-04-13,7.350000,7.220000,7.250000,3736600
7.210813,7.330000,2023-04-14,7.380000,7.290000,7.350000,2571200
7.250163,7.370000,2023-04-17,7.370000,7.260000,7.300000,2436900
7.191138,7.310000,2023-04-18,7.380000,7.270000,7.380000,2331200
7.151789,7.270000,2023-04-19,7.300000,7.220000,7.270000,2880200
7.151789,7.270000,2023-04-20,7.310000,7.220000,7.270000,2393836
7.004228,7.120000,2023-04-21,7.310000,7.110000,7.280000,2917800
7.004228,7.120000,2023-04-24,7.140000,6.960000,7.090000,2828400
6.876341,6.990000,2023-04-25,7.160000,6.900000,7.150000,3638500
7.023902,7.140000,2023-04-26,7.180000,6.940000,6.980000,2751301
7.033740,7.150000,2023-04-27,7.200000,7.090000,7.140000,1794444
7.200976,7.320000,2023-04-28,7.350000,7.140000,7.160000,2857256
7.299350,7.420000,2023-05-04,7.420000,7.280000,7.340000,3430121
7.319025,7.440000,2023-05-05,7.460000,7.320000,7.390000,2923001
7.397724,7.520000,2023-05-08,7.550000,7.410000,7.410000,4426828
7.289512,7.410000,2023-05-09,7.520000,7.390000,7.520000,3856128
7.279675,7.400000,2023-05-10,7.440000,7.370000,7.370000,2457600
7.368211,7.490000,2023-05-11,7.500000,7.380000,7.430000,2808900
7.348536,7.470000,2023-05-12,7.540000,7.450000,7.490000,2200000
7.378049,7.500000,2023-05-15,7.520000,7.370000,7.520000,2226900
7.319025,7.440000,2023-05-16,7.540000,7.410000,7.540000,1766517
7.368211,7.490000,2023-05-17,7.500000,7.380000,7.450000,2486806
7.358374,7.480000,2023-05-18,7.530000,7.420000,7.530000,1820300
7.358374,7.480000,2023-05-19,7.490000,7.390000,7.470000,1943920
7.378049,7.500000,2023-05-22,7.510000,7.440000,7.480000,2371300
7.309187,7.430000,2023-05-23,7.530000,7.410000,7.530000,2228400
7.220651,7.340000,2023-05-24,7.440000,7.320000,7.440000,2491288
7.289512,7.410000,2023-05-25,7.460000,7.290000,7.340000,3801000
7.230488,7.350000,2023-05-26,7.410000,7.270000,7.410000,3044544
7.191138,7.310000,2023-05-29,7.390000,7.280000,7.380000,2375200
7.181301,7.300000,2023-05-30,7.310000,7.200000,7.270000,2459900
7.102602,7.220000,2023-05-31,7.320000,7.200000,7.290000,2417800
7.132114,7.250000,2023-06-01,7.290000,7.140000,7.200000,2418201
7.279675,7.400000,2023-06-02,7.470000,7.250000,7.280000,3973103
7.309187,7.430000,2023-06-05,7.460000,7.390000,7.450000,1790400
7.220651,7.340000,2023-06-06,7.470000,7.320000,7.420000,2206577
7.269837,7.390000,2023-06-07,7.400000,7.270000,7.310000,1594100
7.328862,7.450000,2023-06-08,7.470000,7.380000,7.390000,2807500
7.348536,7.470000,2023-06-09,7.500000,7.390000,7.490000,2749300
7.319025,7.440000,2023-06-12,7.460000,7.360000,7.430000,2067600
7.328862,7.450000,2023-06-13,7.480000,7.410000,7.440000,1712100
7.289512,7.410000,2023-06-14,7.470000,7.370000,7.470000,2390221
7.260000,7.380000,2023-06-15,7.440000,7.330000,7.440000,2279300
7.250000,7.250000,2023-06-16,7.330000,7.240000,7.290000,2922420
7.170000,7.170000,2023-06-19,7.280000,7.150000,7.280000,2390200
7.050000,7.050000,2023-06-20,7.170000,7.030000,7.170000,2375926
7.010000,7.010000,2023-06-21,7.060000,7.000000,7.050000,1584100
6.940000,6.940000,2023-06-26,6.990000,6.930000,6.980000,1876418
7.110000,7.110000,2023-06-27,7.120000,6.940000,6.940000,2622727
7.090000,7.090000,2023-06-28,7.110000,7.010000,7.100000,1844152
7.150000,7.150000,2023-06-29,7.170000,7.060000,7.100000,1761096
7.280000,7.280000,2023-06-30,7.320000,7.160000,7.190000,4215357
7.310000,7.310000,2023-07-03,7.340000,7.270000,7.320000,1859057
7.300000,7.300000,2023-07-04,7.320000,7.260000,7.320000,1798000
7.280000,7.280000,2023-07-05,7.320000,7.260000,7.320000,2094101
7.280000,7.280000,2023-07-06,7.300000,7.220000,7.300000,1732800
7.340000,7.340000,2023-07-07,7.370000,7.250000,7.280000,3070260
7.330000,7.330000,2023-07-10,7.370000,7.290000,7.320000,2261260
7.360000,7.360000,2023-07-11,7.360000,7.280000,7.350000,1867200
7.340000,7.340000,2023-07-12,7.410000,7.310000,7.340000,2921100
7.350000,7.350000,2023-07-13,7.390000,7.320000,7.320000,1845739
7.360000,7.360000,2023-07-14,7.390000,7.340000,7.370000,1764531
7.400000,7.400000,2023-07-17,7.400000,7.300000,7.350000,1916801
7.400000,7.400000,2023-07-18,7.450000,7.360000,7.400000,3359506
7.450000,7.450000,2023-07-19,7.450000,7.370000,7.370000,2012300
7.440000,7.440000,2023-07-20,7.480000,7.410000,7.450000,2727600
7.480000,7.480000,2023-07-21,7.500000,7.400000,7.400000,2746801
7.450000,7.450000,2023-07-24,7.490000,7.400000,7.480000,3202400
7.600000,7.600000,2023-07-25,7.610000,7.460000,7.470000,5323325
7.710000,7.710000,2023-07-26,7.730000,7.590000,7.600000,5330562
7.670000,7.670000,2023-07-27,7.770000,7.650000,7.700000,5129600
7.710000,7.710000,2023-07-28,7.740000,7.620000,7.680000,3866500
7.790000,7.790000,2023-07-31,7.800000,7.680000,7.690000,4081300
7.870000,7.870000,2023-08-01,7.910000,7.740000,7.790000,5715001
7.840000,7.840000,2023-08-02,7.890000,7.790000,7.860000,2905201
7.830000,7.830000,2023-08-03,7.870000,7.740000,7.830000,3193700
7.760000,7.760000,2023-08-04,7.850000,7.730000,7.850000,3299213
7.680000,7.680000,2023-08-07,7.800000,7.640000,7.770000,2531100
7.660000,7.660000,2023-08-08,7.710000,7.580000,7.690000,2532600
7.570000,7.570000,2023-08-09,7.680000,7.570000,7.640000,1746404
7.620000,7.620000,2023-08-10,7.650000,7.580000,7.630000,1756600
7.540000,7.540000,2023-08-11,7.710000,7.530000,7.640000,3496500
7.610000,7.610000,2023-08-14,7.620000,7.460000,7.520000,3270200
7.530000,7.530000,2023-08-15,7.600000,7.490000,7.550000,2934900
7.510000,7.510000,2023-08-16,7.600000,7.470000,7.580000,2169778
7.610000,7.610000,2023-08-17,7.610000,7.450000,7.500000,2426300
7.490000,7.490000,2023-08-18,7.670000,7.480000,7.590000,2798340
7.510000,7.510000,2023-08-21,7.650000,7.460000,7.500000,4100900
7.320000,7.320000,2023-08-22,7.560000,7.200000,7.540000,6488100
7.210000,7.210000,2023-08-23,7.320000,7.160000,7.320000,3082900
7.160000,7.160000,2023-08-24,7.290000,7.150000,7.240000,2430601
7.110000,7.110000,2023-08-25,7.260000,7.090000,7.160000,2675600
7.350000,7.350000,2023-08-28,7.540000,7.290000,7.430000,6388100
7.490000,7.490000,2023-08-29,7.510000,7.320000,7.350000,3849100
7.440000,7.440000,2023-08-30,7.540000,7.410000,7.490000,2624265
7.260000,7.260000,2023-08-31,7.480000,7.240000,7.410000,2768065
7.270000,7.270000,2023-09-01,7.330000,7.190000,7.260000,3088600
7.500000,7.500000,2023-09-04,7.510000,7.270000,7.300000,3741232
7.380000,7.380000,2023-09-05,7.510000,7.360000,7.510000,2486300
7.420000,7.420000,2023-09-06,7.440000,7.350000,7.380000,2057600
7.330000,7.330000,2023-09-07,7.450000,7.330000,7.390000,2043900
7.280000,7.280000,2023-09-08,7.360000,7.260000,7.360000,2548300
7.330000,7.330000,2023-09-11,7.410000,7.190000,7.250000,3552300
7.310000,7.310000,2023-09-12,7.380000,7.290000,7.350000,1969300
7.250000,7.250000,2023-09-13,7.360000,7.220000,7.320000,2220901
7.240000,7.240000,2023-09-14,7.300000,7.190000,7.250000,2216101
7.300000,7.300000,2023-09-15,7.350000,7.230000,7.250000,2019800
7.350000,7.350000,2023-09-18,7.380000,7.230000,7.270000,3085600
7.330000,7.330000,2023-09-19,7.370000,7.300000,7.350000,1618400
7.290000,7.290000,2023-09-20,7.350000,7.260000,7.350000,1937000
7.240000,7.240000,2023-09-21,7.320000,7.220000,7.250000,1881100
7.300000,7.300000,2023-09-22,7.330000,7.230000,7.260000,1945000
7.260000,7.260000,2023-09-25,7.320000,7.200000,7.320000,2610400
7.190000,7.190000,2023-09-26,7.260000,7.190000,7.220000,1827300
7.220000,7.220000,2023-09-27,7.250000,7.170000,7.180000,2363921
7.310000,7.310000,2023-09-28,7.350000,7.210000,7.210000,2326021
7.070000,7.070000,2023-10-09,7.300000,7.040000,7.300000,6037700
7.050000,7.050000,2023-10-10,7.120000,7.030000,7.080000,3089800
7.080000,7.080000,2023-10-11,7.100000,7.030000,7.050000,3003301
7.080000,7.080000,2023-10-12,7.100000,7.020000,7.060000,2730100
6.950000,6.950000,2023-10-13,7.080000,6.940000,7.060000,3581400
6.970000,6.970000,2023-10-16,7.010000,6.930000,6.970000,2667700
6.990000,6.990000,2023-10-17,7.050000,6.930000,6.970000,1887100
6.880000,6.880000,2023-10-18,6.990000,6.850000,6.960000,2064205
6.830000,6.830000,2023-10-19,6.950000,6.760000,6.840000,2711100
6.840000,6.840000,2023-10-20,6.900000,6.800000,6.830000,1928833
6.640000,6.640000,2023-10-23,6.830000,6.630000,6.800000,2964353
6.940000,6.940000,2023-10-24,6.950000,6.640000,6.640000,3540301
7.030000,7.030000,2023-10-25,7.050000,6.960000,6.970000,2771200
6.900000,6.900000,2023-10-26,6.980000,6.790000,6.950000,3752500
6.940000,6.940000,2023-10-27,6.980000,6.820000,6.860000,2769100
7.080000,7.080000,2023-10-30,7.120000,6.940000,6.940000,3882901
7.090000,7.090000,2023-10-31,7.120000,7.020000,7.050000,2204300
7.150000,7.150000,2023-11-01,7.160000,7.040000,7.110000,2567900
7.110000,7.110000,2023-11-02,7.170000,7.090000,7.140000,2847601
7.090000,7.090000,2023-11-03,7.220000,7.090000,7.110000,2091000
7.120000,7.120000,2023-11-06,7.160000,7.070000,7.130000,3586400
7.190000,7.190000,2023-11-07,7.200000,7.070000,7.120000,2822603
7.160000,7.160000,2023-11-08,7.210000,7.140000,7.190000,1555302
7.150000,7.150000,2023-11-09,7.200000,7.100000,7.190000,1496801
7.130000,7.130000,2023-11-10,7.150000,7.060000,7.110000,1882700
7.360000,7.360000,2023-11-13,7.450000,7.170000,7.200000,8408602
7.390000,7.390000,2023-11-14,7.430000,7.140000,7.330000,11540900
7.230000,7.230000,2023-11-15,7.350000,7.200000,7.310000,8486793
7.200000,7.200000,2023-11-16,7.270000,7.200000,7.250000,3972794
7.230000,7.230000,2023-11-17,7.260000,7.180000,7.190000,2782032
7.260000,7.260000,2023-11-20,7.290000,7.220000,7.250000,3130237
7.280000,7.280000,2023-11-21,7.340000,7.250000,7.280000,3409500
7.330000,7.330000,2023-11-22,7.360000,7.260000,7.280000,3472200
7.370000,7.370000,2023-11-23,7.380000,7.280000,7.360000,2742637
7.320000,7.320000,2023-11-24,7.380000,7.290000,7.370000,2419700
7.220000,7.220000,2023-11-27,7.370000,7.200000,7.320000,5298201
7.350000,7.350000,2023-11-28,7.360000,7.230000,7.230000,3024196
7.290000,7.290000,2023-11-29,7.370000,7.260000,7.340000,2421300
7.310000,7.310000,2023-11-30,7.340000,7.230000,7.290000,2164875
7.390000,7.390000,2023-12-01,7.410000,7.250000,7.310000,4690200
7.390000,7.390000,2023-12-04,7.430000,7.330000,7.400000,3152600
7.340000,7.340000,2023-12-05,7.450000,7.330000,7.430000,3211900
7.440000,7.440000,2023-12-06,7.470000,7.300000,7.300000,3915400
7.470000,7.470000,2023-12-07,7.500000,7.380000,7.450000,4481104
7.210000,7.210000,2023-12-08,7.480000,7.200000,7.470000,5192100
7.280000,7.280000,2023-12-11,7.320000,7.080000,7.160000,4602500
7.480000,7.480000,2023-12-12,7.480000,7.290000,7.310000,3423800
7.410000,7.410000,2023-12-13,7.500000,7.410000,7.470000,2913800
7.490000,7.490000,2023-12-14,7.540000,7.430000,7.430000,3331202
7.530000,7.530000,2023-12-15,7.560000,7.470000,7.540000,3128800
7.420000,7.420000,2023-12-18,7.540000,7.400000,7.530000,3663556
7.380000,7.380000,2023-12-19,7.470000,7.310000,7.470000,2850600
7.360000,7.360000,2023-12-20,7.460000,7.330000,7.390000,3403400
7.430000,7.430000,2023-12-21,7.440000,7.220000,7.370000,3360702
7.290000,7.290000,2023-12-22,7.480000,7.250000,7.430000,4089200
7.180000,7.180000,2023-12-25,7.290000,7.090000,7.270000,4344440
7.110000,7.110000,2023-12-26,7.210000,7.070000,7.170000,3269504
7.120000,7.120000,2023-12-27,7.160000,6.990000,7.120000,2877528
7.190000,7.190000,2023-12-28,7.240000,7.030000,7.120000,2671984
7.220000,7.220000,2023-12-29,7.250000,7.160000,7.200000,2610201
7.440000,7.440000,2024-01-02,7.490000,7.180000,7.190000,6015000
7.460000,7.460000,2024-01-03,7.500000,7.400000,7.440000,3156600
7.510000,7.510000,2024-01-04,7.520000,7.420000,7.440000,2877100
7.420000,7.420000,2024-01-05,7.580000,7.370000,7.510000,2873400
7.290000,7.290000,2024-01-08,7.450000,7.250000,7.380000,3303300
7.410000,7.410000,2024-01-09,7.440000,7.290000,7.290000,2998764
7.350000,7.350000,2024-01-10,7.460000,7.310000,7.460000,2426700
7.400000,7.400000,2024-01-11,7.410000,7.300000,7.360000,2565800
7.340000,7.340000,2024-01-12,7.480000,7.330000,7.410000,2359300
7.370000,7.370000,2024-01-15,7.400000,7.290000,7.300000,2517117
7.300000,7.300000,2024-01-16,7.400000,7.220000,7.320000,3653457
7.280000,7.280000,2024-01-17,7.420000,7.250000,7.310000,5711619
6.990000,6.990000,2024-01-18,7.240000,6.880000,7.220000,7098321
6.920000,6.920000,2024-01-19,7.110000,6.880000,7.000000,5092650
6.530000,6.530000,2024-01-22,6.930000,6.480000,6.920000,5880228
6.380000,6.380000,2024-01-23,6.570000,6.200000,6.500000,6897365
6.670000,6.670000,2024-01-24,6.740000,6.350000,6.390000,6662688
6.900000,6.900000,2024-01-25,6.920000,6.660000,6.670000,4904301
7.100000,7.100000,2024-01-26,7.170000,6.880000,6.900000,5330550
6.850000,6.850000,2024-01-29,7.150000,6.830000,7.130000,4027100
6.560000,6.560000,2024-01-30,6.870000,6.540000,6.830000,2989800
6.140000,6.140000,2024-01-31,6.610000,6.120000,6.550000,6427751
5.930000,5.930000,2024-02-01,6.130000,5.810000,6.120000,6444100
5.610000,5.610000,2024-02-02,6.080000,5.420000,5.920000,7421778
5.050000,5.050000,2024-02-05,5.560000,5.050000,5.560000,8199651
5.050000,5.050000,2024-02-06,5.230000,4.570000,4.850000,9584970
4.830000,4.830000,2024-02-07,5.040000,4.770000,5.040000,8424182
5.260000,5.260000,2024-02-08,5.300000,4.780000,4.840000,8284828
5.420000,5.420000,2024-02-19,5.510000,5.300000,5.360000,5149411
5.420000,5.420000,2024-02-20,5.430000,5.310000,5.410000,3426242
5.580000,5.580000,2024-02-21,5.690000,5.360000,5.370000,4880170
5.650000,5.650000,2024-02-22,5.680000,5.540000,5.550000,3363601
5.770000,5.770000,2024-02-23,5.770000,5.660000,5.670000,4111703
5.890000,5.890000,2024-02-26,5.930000,5.750000,5.810000,4460871
6.060000,6.060000,2024-02-27,6.060000,5.830000,5.890000,3657901
5.630000,5.630000,2024-02-28,6.180000,5.630000,6.070000,7063400
5.760000,5.760000,2024-02-29,5.770000,5.510000,5.600000,5235656
5.760000,5.760000,2024-03-01,5.780000,5.660000,5.750000,4113500
5.690000,5.690000,2024-03-04,5.820000,5.650000,5.750000,2353011
5.570000,5.570000,2024-03-05,5.710000,5.540000,5.700000,2499618
5.640000,5.640000,2024-03-06,5.670000,5.520000,5.530000,2163600
5.630000,5.630000,2024-03-07,5.700000,5.590000,5.630000,2466600
5.640000,5.640000,2024-03-08,5.660000,5.560000,5.630000,1750000
5.770000,5.770000,2024-03-11,5.770000,5.610000,5.620000,2939810
5.880000,5.880000,2024-03-12,5.890000,5.710000,5.790000,3594710
5.820000,5.820000,2024-03-13,5.890000,5.760000,5.880000,2487753
5.860000,5.860000,2024-03-14,5.900000,5.800000,5.820000,3560300
5.910000,5.910000,2024-03-15,5.920000,5.830000,5.840000,2487092
6.070000,6.070000,2024-03-18,6.080000,5.930000,5.940000,3396254
6.050000,6.050000,2024-03-19,6.110000,6.000000,6.070000,2232600
6.110000,6.110000,2024-03-20,6.110000,6.020000,6.060000,2147329
6.140000,6.140000,2024-03-21,6.170000,6.050000,6.090000,2703030
6.030000,6.030000,2024-03-22,6.160000,5.980000,6.140000,2851211
5.930000,5.930000,2024-03-25,6.040000,5.920000,6.010000,4333187
5.920000,5.920000,2024-03-26,5.980000,5.810000,5.930000,2798601
5.780000,5.780000,2024-03-27,5.950000,5.770000,5.930000,2503500
5.870000,5.870000,2024-03-28,5.930000,5.760000,5.770000,3105399
6.020000,6.020000,2024-03-29,6.000000,5.880000,5.890000,1843900
