adj_close,close,date,high,low,open,volume
18.507982,19.760000,2017-04-20,19.760000,16.459999,16.459999,22200
20.362526,21.740000,2017-04-21,21.740000,21.740000,21.740000,9670
22.395033,23.910000,2017-04-24,23.910000,23.910000,23.910000,15970
24.633598,26.299999,2017-04-25,26.299999,26.299999,26.299999,32735
27.096958,28.930000,2017-04-26,28.930000,28.930000,28.930000,83513
29.803846,31.820000,2017-04-27,31.820000,29.580000,31.820000,20539132
32.782356,35.000000,2017-04-28,35.000000,33.500000,33.799999,24147498
30.703020,32.779999,2017-05-02,33.779999,31.879999,33.570000,23737601
33.775196,36.060001,2017-05-03,36.060001,32.639999,32.900002,25794087
34.121750,36.430000,2017-05-04,37.860001,32.500000,34.500000,29815973
30.712387,32.790001,2017-05-05,35.459999,32.790001,34.400002,17994262
27.958666,29.850000,2017-05-08,32.299999,29.530001,31.600000,12391444
28.558117,30.490000,2017-05-09,31.230000,29.500000,29.549999,9306417
26.441311,28.230000,2017-05-10,31.049999,28.030001,30.299999,11004126
26.815968,28.629999,2017-05-11,29.170000,26.780001,27.760000,9728629
27.668310,29.540001,2017-05-12,29.889999,28.120001,28.320000,10461815
26.947098,28.770000,2017-05-15,29.490000,28.700001,29.080000,7766417
27.630844,29.500000,2017-05-16,29.690001,27.000000,28.500000,9178495
27.209354,29.049999,2017-05-17,30.250000,29.020000,29.450001,9042610
25.738834,27.480000,2017-05-18,28.700001,27.389999,28.510000,7749051
25.326714,27.040001,2017-05-19,27.850000,26.809999,27.600000,4837597
23.771891,25.379999,2017-05-22,27.299999,24.889999,26.870001,7570094
22.348204,23.860001,2017-05-23,25.480000,23.820000,25.010000,6349880
22.844620,24.389999,2017-05-24,24.580000,23.670000,23.980000,5229785
22.638559,24.170000,2017-05-25,24.500000,23.200001,24.280001,5887180
23.238010,24.809999,2017-05-26,25.250000,24.160000,24.230000,6761769
23.238010,24.809999,2017-05-31,26.670000,24.750000,25.990000,7791733
21.355364,22.799999,2017-06-01,24.639999,22.700001,24.450001,6034505
22.160872,23.660000,2017-06-02,23.850000,22.400000,22.680000,4334293
22.413767,23.930000,2017-06-05,24.530001,23.860001,24.000000,5258024
22.357569,23.870001,2017-06-06,23.969999,23.459999,23.770000,3555503
23.041315,24.600000,2017-06-07,24.719999,23.670000,23.670000,5988972
22.601091,24.129999,2017-06-08,24.639999,23.850000,24.500000,5286787
22.413767,23.930000,2017-06-09,24.139999,23.480000,23.990000,3048012
21.224237,22.660000,2017-06-12,23.500000,22.549999,23.500000,4392529
21.692553,23.160000,2017-06-13,23.260000,22.620001,22.620001,2817227
21.467760,22.920000,2017-06-14,23.180000,22.790001,23.010000,2230567
22.423132,23.940001,2017-06-15,23.980000,22.900000,23.070000,5817916
22.160872,23.660000,2017-06-16,24.100000,23.520000,23.870001,3197852
22.217070,23.719999,2017-06-19,23.889999,23.530001,23.600000,2090607
22.217070,23.719999,2017-06-20,23.950001,23.620001,23.900000,2823630
22.254538,23.760000,2017-06-21,23.930000,23.450001,23.709999,2938619
21.467760,22.920000,2017-06-22,23.889999,22.910000,23.740000,3009655
21.495861,22.950001,2017-06-23,23.100000,22.330000,22.900000,2903705
21.786219,23.260000,2017-06-26,23.389999,22.780001,22.889999,2147527
21.701920,23.170000,2017-06-27,23.480000,23.020000,23.270000,1732169
21.299166,22.740000,2017-06-28,23.150000,22.620001,23.150000,2042625
21.523958,22.980000,2017-06-29,23.080000,22.730000,22.860001,2046881
21.701920,23.170000,2017-06-30,23.350000,22.719999,22.799999,2221498
21.907980,23.389999,2017-07-03,23.500000,23.020000,23.250000,2258696
22.582359,24.110001,2017-07-04,24.190001,23.240000,23.400000,4608730
22.985115,24.540001,2017-07-05,24.920000,23.910000,24.000000,6723170
22.816521,24.360001,2017-07-06,24.709999,23.950001,24.420000,4841899
23.172443,24.740000,2017-07-07,24.980000,24.240000,24.240000,5482814
22.357569,23.870001,2017-07-10,24.480000,23.610001,24.480000,4663386
21.748751,23.219999,2017-07-11,23.940001,23.150000,23.680000,2955882
21.964178,23.450001,2017-07-12,23.459999,22.870001,23.219999,2264142
21.523958,22.980000,2017-07-13,23.400000,22.900000,23.309999,1930135
21.477127,22.930000,2017-07-14,23.280001,22.809999,23.020000,1327029
19.332222,20.639999,2017-07-17,22.780001,20.639999,22.770000,4908221
19.051233,20.340000,2017-07-18,20.650000,19.879999,20.049999,3093064
19.107430,20.400000,2017-07-19,20.420000,20.020000,20.290001,2314230
19.276026,20.580000,2017-07-20,20.870001,20.320000,20.420000,2637190
18.835806,20.110001,2017-07-21,20.719999,20.030001,20.690001,2067364
18.770243,20.040001,2017-07-24,20.230000,19.580000,19.879999,2653948
18.657846,19.920000,2017-07-25,20.070000,19.760000,20.059999,1544166
18.423685,19.670000,2017-07-26,20.000000,19.580000,19.820000,1671479
19.425888,20.740000,2017-07-27,20.799999,19.600000,19.660000,4851068
19.107430,20.400000,2017-07-28,20.719999,20.299999,20.590000,2192730
19.098063,20.389999,2017-07-31,20.559999,20.299999,20.490000,1151649
19.069965,20.360001,2017-08-01,20.500000,20.150000,20.410000,1584640
18.657846,19.920000,2017-08-02,20.400000,19.900000,20.379999,1931930
18.882637,20.160000,2017-08-03,20.350000,19.860001,19.860001,1409972
18.629745,19.889999,2017-08-04,20.190001,19.870001,20.070000,1492564
18.723412,19.990000,2017-08-07,20.090000,19.889999,19.900000,1047400
18.732775,20.000000,2017-08-08,20.059999,19.799999,20.000000,1275389
18.704676,19.969999,2017-08-09,20.040001,19.920000,20.000000,897580
18.479879,19.730000,2017-08-10,20.040001,19.700001,19.980000,1507946
18.077127,19.299999,2017-08-11,19.700001,19.299999,19.690001,1859195
19.069965,20.360001,2017-08-14,20.740000,19.219999,19.250000,4308770
19.613216,20.940001,2017-08-15,21.270000,20.340000,20.690001,6800300
19.397787,20.709999,2017-08-16,21.000000,20.420000,21.000000,3503919
19.369690,20.680000,2017-08-17,20.770000,20.410000,20.600000,2712862
19.079332,20.370001,2017-08-18,20.559999,20.330000,20.469999,1727677
19.435255,20.750000,2017-08-21,20.850000,20.370001,20.370001,2517216
19.416521,20.730000,2017-08-22,20.980000,20.510000,20.510000,2436560
19.060600,20.350000,2017-08-23,20.700001,20.190001,20.700001,2487116
19.023132,20.309999,2017-08-24,20.680000,20.219999,20.370001,2167812
19.763077,21.100000,2017-08-25,22.309999,19.660000,19.980000,7825291
20.175200,21.540001,2017-08-28,21.840000,20.850000,21.500000,7240842
20.334427,21.709999,2017-08-29,22.200001,21.129999,21.400000,7441008
21.364729,22.809999,2017-08-30,23.700001,21.330000,21.420000,11099444
21.701920,23.170000,2017-08-31,23.440001,22.510000,22.570000,8802760
21.130569,22.559999,2017-09-01,23.170000,22.459999,23.170000,5421726
20.671618,22.070000,2017-09-04,22.510000,21.900000,22.480000,4191600
21.168037,22.600000,2017-09-05,22.709999,21.900000,21.900000,3961898
20.812113,22.219999,2017-09-06,22.440001,22.000000,22.320000,3554034
20.606054,22.000000,2017-09-07,22.549999,21.950001,22.170000,3470145
20.334427,21.709999,2017-09-08,22.129999,21.400000,21.910000,3137322
20.793381,22.200001,2017-09-11,22.270000,21.620001,21.620001,2660315
20.231398,21.600000,2017-09-12,22.260000,21.600000,22.250000,3254030
20.250132,21.620001,2017-09-13,21.730000,21.500000,21.559999,1612739
19.969137,21.320000,2017-09-14,21.780001,21.299999,21.590000,2279112
19.894207,21.240000,2017-09-15,21.490000,21.150000,21.320000,1509048
19.997238,21.350000,2017-09-18,21.450001,21.180000,21.209999,1248715
20.212664,21.580000,2017-09-19,21.709999,21.350000,21.370001,2012865
20.784014,22.190001,2017-09-20,22.200001,21.559999,21.559999,3754252
20.446825,21.830000,2017-09-21,22.459999,21.799999,22.219999,3337658
22.488697,24.010000,2017-09-22,24.010000,21.450001,21.610001,12452687
22.722858,24.260000,2017-09-25,25.580000,24.020000,24.299999,19375245
21.589523,23.049999,2017-09-26,23.850000,22.600000,23.570000,9998695
23.753160,25.360001,2017-09-27,25.360001,22.459999,22.730000,13403180
23.762526,25.370001,2017-09-28,26.590000,24.700001,25.360001,19445107
24.062252,25.690001,2017-09-29,26.670000,25.000000,25.299999,14957025
23.678226,25.280001,2017-10-09,26.450001,25.049999,25.730000,11692503
23.912388,25.530001,2017-10-10,25.600000,24.299999,24.959999,9175705
22.498062,24.020000,2017-10-11,25.150000,23.850000,25.020000,8863131
22.835253,24.379999,2017-10-12,24.920000,24.030001,24.030001,6843258
23.125610,24.690001,2017-10-13,24.770000,23.650000,24.260000,6097713
22.151506,23.650000,2017-10-16,24.650000,23.430000,24.450001,4919306
22.432501,23.950001,2017-10-17,24.350000,23.459999,23.469999,3865215
22.685392,24.219999,2017-10-18,24.870001,23.750000,23.980000,5928146
21.598890,23.059999,2017-10-19,24.030001,23.010000,23.750000,4806586
21.861147,23.340000,2017-10-20,23.450001,22.830000,23.000000,2229115
21.945448,23.430000,2017-10-23,23.480000,23.219999,23.420000,2492155
21.542692,23.000000,2017-10-24,23.469999,22.520000,23.450001,3319981
21.767485,23.240000,2017-10-25,23.299999,22.910000,22.959999,2186481
22.704123,24.240000,2017-10-26,24.450001,23.350000,23.450001,7059211
22.488697,24.010000,2017-10-27,24.350000,23.770000,24.049999,3675508
20.821480,22.230000,2017-10-30,23.790001,22.049999,23.580000,4804935
20.980709,22.400000,2017-10-31,22.559999,22.030001,22.030001,2470870
20.990074,22.410000,2017-11-01,22.750000,22.209999,22.209999,2650739
20.128366,21.490000,2017-11-02,22.469999,21.309999,22.230000,4272163
19.875473,21.219999,2017-11-03,21.650000,20.900000,21.600000,2810204
20.325062,21.700001,2017-11-06,21.780001,20.959999,21.330000,2518549
20.090902,21.450001,2017-11-07,21.639999,21.200001,21.610001,2496774
20.156467,21.520000,2017-11-08,21.900000,21.459999,21.590000,2800685
20.362526,21.740000,2017-11-09,21.850000,21.420000,21.540001,2036985
20.999441,22.420000,2017-11-10,22.760000,21.620001,21.799999,5202447
20.793381,22.200001,2017-11-13,22.440001,22.040001,22.330000,3120999
20.175200,21.540001,2017-11-14,22.110001,21.469999,22.070000,3227097
20.587320,21.980000,2017-11-15,22.180000,21.250000,21.420000,2763012
19.763077,21.100000,2017-11-16,22.000000,20.850000,21.750000,2870194
18.442419,19.690001,2017-11-17,21.260000,19.549999,21.090000,3664765
18.667212,19.930000,2017-11-20,19.969999,19.000000,19.719999,1820267
18.611013,19.870001,2017-11-21,20.410000,19.590000,19.900000,1823995
18.526716,19.780001,2017-11-22,20.190001,19.620001,19.620001,1540760
18.236357,19.469999,2017-11-23,19.990000,19.420000,19.680000,1442352
18.348753,19.590000,2017-11-24,19.799999,19.299999,19.490000,1431952
17.899166,19.110001,2017-11-27,19.549999,19.100000,19.549999,1546200
18.123960,19.350000,2017-11-28,19.440001,19.110001,19.110001,867400
17.711838,18.910000,2017-11-29,19.389999,18.730000,19.379999,1837500
17.814871,19.020000,2017-11-30,19.280001,18.830000,19.090000,1038515
18.077127,19.299999,2017-12-01,19.370001,18.820000,19.020000,1381512
17.543245,18.730000,2017-12-04,19.400000,18.500000,19.400000,1358790
16.831398,17.969999,2017-12-05,18.799999,17.809999,18.730000,1905427
17.065559,18.219999,2017-12-06,18.299999,17.700001,17.700001,1164562
17.159222,18.320000,2017-12-07,18.459999,18.129999,18.209999,1037185
17.533878,18.719999,2017-12-08,19.180000,18.170000,18.290001,1727442
17.636908,18.830000,2017-12-11,19.090000,18.559999,18.600000,1075165
17.065559,18.219999,2017-12-12,18.900000,18.129999,18.790001,1377445
17.327818,18.500000,2017-12-13,18.580000,18.180000,18.320000,948410
17.262255,18.430000,2017-12-14,18.559999,18.320000,18.559999,836915
17.234154,18.400000,2017-12-15,18.520000,18.190001,18.430000,1061324
17.103025,18.260000,2017-12-18,18.530001,18.150000,18.469999,786240
17.234154,18.400000,2017-12-19,18.469999,18.170000,18.330000,1005770
16.793936,17.930000,2017-12-20,18.389999,17.830000,18.389999,1198270
17.037460,18.190001,2017-12-21,18.350000,17.150000,17.780001,1951525
16.672171,17.799999,2017-12-22,18.190001,17.770000,18.020000,1044743
16.344345,17.450001,2017-12-25,17.980000,17.209999,17.799999,1050138
16.868862,18.010000,2017-12-26,18.200001,17.299999,17.500000,1493022
16.999994,18.150000,2017-12-27,18.309999,17.840000,17.969999,1689180
17.065559,18.219999,2017-12-28,18.610001,17.879999,17.900000,1865269
17.412113,18.590000,2017-12-29,18.690001,18.120001,18.120001,2034163
17.393383,18.570000,2018-01-02,18.760000,18.360001,18.700001,1501300
17.421480,18.600000,2018-01-03,18.770000,18.379999,18.549999,1628734
17.206055,18.370001,2018-01-04,18.600000,18.299999,18.600000,1160550
17.084291,18.240000,2018-01-05,18.440001,18.209999,18.370001,1106670
16.906330,18.049999,2018-01-08,18.290001,17.860001,18.240000,1389203
16.822031,17.959999,2018-01-09,18.190001,17.900000,18.180000,915100
16.475475,17.590000,2018-01-10,18.010000,17.379999,18.010000,1410461
17.412113,18.590000,2018-01-11,18.670000,17.500000,17.510000,3625071
17.262255,18.430000,2018-01-12,19.000000,18.299999,18.500000,2820716
16.512943,17.629999,2018-01-15,18.410000,17.600000,18.280001,1867937
16.747103,17.879999,2018-01-16,18.110001,17.530001,17.530001,1323644
17.280987,18.450001,2018-01-17,18.740000,17.809999,17.990000,2708316
17.374649,18.549999,2018-01-18,18.629999,18.139999,18.340000,2361643
17.093655,18.250000,2018-01-19,18.690001,18.200001,18.530001,2039355
17.046827,18.200001,2018-01-22,18.370001,17.830000,18.370001,1275255
17.028091,18.180000,2018-01-23,18.299999,18.030001,18.150000,1066172
17.074924,18.230000,2018-01-24,18.299999,18.020000,18.080000,1200570
16.822031,17.959999,2018-01-25,18.450001,17.940001,18.180000,1491611
16.971897,18.120001,2018-01-26,18.150000,17.799999,17.959999,1420987
16.484844,17.600000,2018-01-29,18.020000,17.500000,17.980000,1626003
16.241316,17.340000,2018-01-30,17.709999,17.309999,17.600000,1008370
15.510740,16.559999,2018-01-31,17.299999,16.480000,17.299999,1976201
14.602200,15.590000,2018-02-01,16.700001,15.230000,16.570000,1688379
14.349305,15.320000,2018-02-02,15.750000,14.870000,15.560000,910900
14.274374,15.240000,2018-02-05,15.590000,14.990000,15.020000,626270
13.262805,14.160000,2018-02-06,15.150000,14.000000,15.140000,1441581
13.609362,14.530000,2018-02-07,14.850000,14.120000,14.650000,1098983
13.984017,14.930000,2018-02-08,15.090000,14.440000,14.530000,992664
13.487597,14.400000,2018-02-09,14.690000,14.220000,14.500000,1110200
13.768591,14.700000,2018-02-12,14.870000,14.480000,14.480000,735200
13.899718,14.840000,2018-02-13,15.020000,14.700000,14.700000,991947
13.618728,14.540000,2018-02-14,14.950000,14.510000,14.850000,911345
13.993383,14.940000,2018-02-22,15.000000,14.580000,14.670000,902949
13.918452,14.860000,2018-02-23,15.000000,14.760000,14.940000,784697
14.358673,15.330000,2018-02-26,15.370000,14.990000,15.000000,1279607
14.414871,15.390000,2018-02-27,15.680000,15.210000,15.330000,1422189
14.705229,15.700000,2018-02-28,16.150000,15.060000,15.280000,1966957
16.175753,17.270000,2018-03-01,17.270000,15.410000,15.700000,4720512
15.754264,16.820000,2018-03-02,18.100000,16.700001,17.600000,7872604
16.316246,17.420000,2018-03-05,17.799999,16.530001,16.629999,5224763
15.950960,17.030001,2018-03-06,17.490000,16.860001,17.090000,3458192
15.595035,16.650000,2018-03-07,17.180000,16.600000,17.000000,1837596
15.754264,16.820000,2018-03-08,17.080000,16.490000,16.490000,1758993
16.297514,17.400000,2018-03-09,17.500000,16.660000,16.780001,3707743
16.428646,17.540001,2018-03-12,17.870001,17.389999,17.600000,4013583
16.044621,17.129999,2018-03-13,17.510000,17.100000,17.500000,2564346
15.585670,16.639999,2018-03-14,17.299999,16.450001,17.049999,2478745
15.304679,16.340000,2018-03-15,16.660000,16.059999,16.590000,2200000
15.398341,16.440001,2018-03-16,16.670000,16.260000,16.340000,1124245
15.613770,16.670000,2018-03-19,16.820000,16.330000,16.629999,1524600
15.482640,16.530001,2018-03-20,16.600000,16.080000,16.490000,1539900
15.632501,16.690001,2018-03-21,16.980000,16.530001,16.559999,2149279
16.381811,17.490000,2018-03-22,17.580000,16.400000,16.700001,4536633
14.742694,15.740000,2018-03-23,16.900000,15.740000,16.900000,3739870
14.873824,15.880000,2018-03-26,15.940000,14.760000,15.060000,1874470
15.192281,16.219999,2018-03-27,16.450001,15.970000,15.990000,2350100
15.201648,16.230000,2018-03-28,16.639999,15.880000,15.930000,2043036
15.201648,16.230000,2018-03-29,16.230000,16.230000,16.230000,0
18.395584,19.639999,2018-03-30,19.639999,19.639999,19.639999,1538515
18.395584,19.639999,2018-04-02,19.639999,19.639999,19.639999,0
22.254538,23.760000,2018-04-03,23.760000,23.230000,23.760000,32295411
22.254538,23.760000,2018-04-04,23.760000,23.760000,23.760000,0
22.254538,23.760000,2018-04-09,23.760000,23.760000,23.760000,0
22.254538,23.760000,2018-04-10,23.760000,23.760000,23.760000,0
20.971342,22.389999,2018-04-11,23.600000,21.379999,21.379999,28858586
18.873270,20.150000,2018-04-12,21.450001,20.150000,21.139999,19418414
18.020931,19.240000,2018-04-13,20.070000,19.100000,19.559999,13166500
18.189526,19.420000,2018-04-16,19.490000,18.870001,19.219999,9579655
17.196690,18.360001,2018-04-17,19.290001,18.170000,19.100000,10727773
17.805504,19.010000,2018-04-18,19.100000,18.000000,18.500000,10651470
17.889799,19.100000,2018-04-19,19.180000,18.420000,18.780001,10232460
16.306881,17.410000,2018-04-20,18.870001,17.240000,18.600000,9568570
15.379609,16.420000,2018-04-23,16.700001,16.040001,16.209999,13380053
15.894758,16.969999,2018-04-24,17.110001,16.150000,16.150000,11117155
16.316246,17.420000,2018-04-25,17.860001,16.790001,16.790001,11527111
14.686497,15.680000,2018-04-26,16.959999,15.680000,16.799999,15230830
15.182913,16.209999,2018-04-27,16.270000,15.450000,15.450000,8887011
14.798893,15.800000,2018-05-02,16.490000,15.550000,16.330000,6889695
15.407709,16.450001,2018-05-03,16.760000,15.600000,16.020000,9461225
14.911288,15.920000,2018-05-04,16.400000,15.790000,16.400000,7319630
15.332777,16.370001,2018-05-07,16.450001,15.920000,15.990000,7039880
15.585670,16.639999,2018-05-08,16.740000,16.240000,16.320000,8969608
15.876027,16.950001,2018-05-09,17.170000,16.520000,16.580000,9432920
15.866662,16.940001,2018-05-10,16.959999,16.570000,16.870001,7308595
15.388974,16.430000,2018-05-11,17.020000,16.400000,17.020000,5538185
15.304679,16.340000,2018-05-14,16.780001,16.209999,16.559999,5035592
15.510740,16.559999,2018-05-15,16.600000,16.000000,16.209999,4927166
15.257846,16.290001,2018-05-16,16.520000,16.250000,16.410000,4044870
15.379609,16.420000,2018-05-17,16.530001,16.100000,16.200001,3607916
15.772996,16.840000,2018-05-18,17.170000,16.620001,16.629999,11423428
16.063354,17.150000,2018-05-21,17.170000,16.799999,16.850000,12403578
16.475475,17.590000,2018-05-22,17.639999,16.809999,17.059999,16102250
16.306881,17.410000,2018-05-23,17.990000,17.170000,17.270000,16329873
16.494209,17.610001,2018-05-24,17.670000,17.219999,17.299999,7988716
16.072721,17.160000,2018-05-25,17.580000,17.000000,17.580000,8262547
16.587873,17.709999,2018-05-28,18.879999,17.020000,17.080000,16087495
16.185116,17.280001,2018-05-29,17.549999,17.010000,17.320000,9836850
14.658397,15.650000,2018-05-30,16.879999,15.550000,16.860001,10186600
14.911288,15.920000,2018-05-31,15.960000,15.620000,15.810000,5234741
14.620931,15.610000,2018-06-01,15.950000,15.260000,15.580000,4335094
14.798893,15.800000,2018-06-04,15.970000,15.650000,15.650000,3249800
15.239113,16.270000,2018-06-05,16.320000,15.800000,15.800000,4361561
15.417072,16.459999,2018-06-06,16.580000,16.049999,16.299999,5170254
15.079885,16.100000,2018-06-07,16.530001,16.070000,16.480000,4143325
15.154814,16.180000,2018-06-08,16.490000,16.080000,16.290001,4818500
14.855090,15.860000,2018-06-11,16.080000,15.720000,15.900000,3329100
15.248481,16.280001,2018-06-12,16.340000,15.460000,15.790000,4627954
14.667763,15.660000,2018-06-13,16.219999,15.650000,16.129999,3822200
14.723962,15.720000,2018-06-14,15.930000,15.520000,15.660000,2270500
14.049582,15.000000,2018-06-15,15.830000,14.300000,15.830000,5955400
12.682089,13.540000,2018-06-19,14.680000,13.500000,14.400000,5234804
12.785119,13.650000,2018-06-20,13.860000,13.360000,13.530000,3487365
11.689251,12.480000,2018-06-21,13.680000,12.290000,13.450000,5758000
11.848480,12.650000,2018-06-22,12.690000,12.000000,12.420000,3427625
11.782916,12.580000,2018-06-25,12.800000,12.560000,12.720000,2839200
12.157571,12.980000,2018-06-26,13.040000,12.250000,12.250000,3245570
12.298067,13.130000,2018-06-27,13.330000,12.800000,12.930000,2796000
11.866724,12.380000,2018-06-28,12.890000,12.190000,12.890000,2575270
12.413092,12.950000,2018-06-29,12.980000,12.310000,12.310000,3432170
12.115944,12.640000,2018-07-02,13.140000,12.490000,12.840000,2896500
12.738996,13.290000,2018-07-03,13.320000,12.500000,12.600000,4381170
12.288481,12.820000,2018-07-04,13.260000,12.780000,13.260000,3763472
11.991335,12.510000,2018-07-05,13.050000,12.500000,12.750000,2693000
12.173456,12.700000,2018-07-06,12.890000,12.210000,12.540000,3231701
12.432262,12.970000,2018-07-09,13.100000,12.700000,12.800000,3381703
12.623971,13.170000,2018-07-10,13.180000,12.810000,12.910000,3953001
12.000919,12.520000,2018-07-11,13.000000,12.150000,13.000000,4083884
12.547287,13.090000,2018-07-12,13.200000,12.540000,12.540000,5133379
12.451432,12.990000,2018-07-13,13.190000,12.930000,13.130000,3166327
12.633556,13.180000,2018-07-16,13.270000,12.960000,13.080000,4117084
12.537702,13.080000,2018-07-17,13.280000,12.830000,13.100000,3688912
12.470605,13.010000,2018-07-18,13.300000,12.970000,13.030000,4915952
12.029676,12.550000,2018-07-19,12.970000,12.480000,12.800000,5243647
12.374750,12.910000,2018-07-20,13.050000,12.480000,12.580000,4612420
12.365165,12.900000,2018-07-23,13.000000,12.800000,12.820000,4071370
12.585629,13.130000,2018-07-24,13.160000,12.830000,13.000000,8899233
12.643141,13.190000,2018-07-25,13.380000,13.040000,13.140000,9131849
12.413092,12.950000,2018-07-26,13.230000,12.860000,13.200000,7211945
12.087188,12.610000,2018-07-27,12.940000,12.580000,12.940000,6109920
11.627090,12.130000,2018-07-30,12.650000,12.000000,12.600000,5859320
11.646260,12.150000,2018-07-31,12.170000,12.030000,12.030000,2714925
10.505597,10.960000,2018-08-01,11.910000,10.950000,11.910000,10606390
10.026327,10.460000,2018-08-02,10.820000,10.210000,10.820000,6222205
9.959229,10.390000,2018-08-03,10.540000,10.350000,10.430000,3198270
9.681253,10.100000,2018-08-06,10.430000,10.050000,10.340000,2470140
9.978401,10.410000,2018-08-07,10.430000,9.960000,10.150000,3106440
9.748351,10.170000,2018-08-08,10.420000,10.120000,10.390000,2597170
10.074253,10.510000,2018-08-09,10.640000,10.110000,10.170000,3869202
10.131766,10.570000,2018-08-10,10.570000,10.390000,10.480000,2793640
10.438499,10.890000,2018-08-13,10.930000,10.300000,10.390000,5964212
10.265963,10.710000,2018-08-14,10.890000,10.660000,10.800000,3193690
10.083841,10.520000,2018-08-15,10.820000,10.500000,10.620000,3264759
10.093425,10.530000,2018-08-16,10.770000,10.210000,10.300000,3525977
10.141352,10.580000,2018-08-17,10.830000,10.350000,10.600000,4851557
10.352231,10.800000,2018-08-20,10.850000,10.360000,10.500000,4756370
10.448085,10.900000,2018-08-21,11.080000,10.570000,10.720000,7077387
10.016742,10.450000,2018-08-22,10.850000,10.340000,10.800000,4893400
9.920889,10.350000,2018-08-23,10.630000,10.300000,10.470000,6044470
9.863376,10.290000,2018-08-24,10.460000,10.020000,10.110000,5048040
10.313890,10.760000,2018-08-27,11.260000,10.310000,10.410000,10884035
10.553524,11.010000,2018-08-28,11.370000,10.790000,10.810000,11587398
10.409743,10.860000,2018-08-29,11.260000,10.730000,11.010000,8091104
9.892131,10.320000,2018-08-30,11.050000,10.320000,10.870000,6854400
9.911303,10.340000,2018-08-31,10.560000,10.280000,10.310000,5691396
9.614155,10.030000,2018-09-03,10.290000,9.800000,10.280000,6091660
9.738765,10.160000,2018-09-04,10.200000,9.960000,10.010000,3324020
9.307423,9.710000,2018-09-05,10.400000,9.660000,10.130000,9754940
9.355350,9.760000,2018-09-06,9.840000,9.620000,9.680000,5409890
9.432034,9.840000,2018-09-07,9.970000,9.650000,9.760000,5459270
9.201983,9.600000,2018-09-10,9.990000,9.520000,9.960000,4014500
9.307423,9.710000,2018-09-11,9.800000,9.480000,9.600000,4685298
9.345764,9.750000,2018-09-12,9.950000,9.650000,9.700000,5233419
9.575812,9.990000,2018-09-13,10.100000,9.760000,9.820000,6925610
9.297837,9.700000,2018-09-14,9.980000,9.700000,9.970000,5006998
8.943176,9.330000,2018-09-17,9.710000,9.000000,9.700000,3835210
9.317008,9.720000,2018-09-18,9.750000,9.280000,9.280000,5108310
9.393691,9.800000,2018-09-19,9.950000,9.670000,9.800000,4385988
9.422447,9.830000,2018-09-20,10.020000,9.770000,9.790000,4614888
9.479960,9.890000,2018-09-21,9.890000,9.610000,9.830000,5080669
9.307423,9.710000,2018-09-25,9.840000,9.670000,9.830000,3722922
9.297837,9.700000,2018-09-26,9.780000,9.630000,9.730000,3457910
8.971933,9.360000,2018-09-27,9.720000,9.360000,9.650000,4357900
9.019860,9.410000,2018-09-28,9.450000,9.330000,9.370000,2304890
8.617273,8.990000,2018-10-08,9.230000,8.910000,9.160000,3312127
8.636446,9.010000,2018-10-09,9.090000,8.940000,9.070000,1919800
8.713127,9.090000,2018-10-10,9.150000,8.930000,9.010000,2495603
7.840857,8.180000,2018-10-11,8.780000,8.180000,8.780000,5476369
7.534124,7.860000,2018-10-12,8.190000,7.530000,8.040000,4374369
7.428684,7.750000,2018-10-15,8.060000,7.700000,7.910000,2696220
7.371172,7.690000,2018-10-16,7.910000,7.620000,7.760000,2444570
7.543709,7.870000,2018-10-17,7.880000,7.650000,7.810000,3164300
7.284904,7.600000,2018-10-18,7.820000,7.570000,7.800000,3271110
7.476612,7.800000,2018-10-19,7.850000,7.410000,7.440000,3884080
7.860027,8.200000,2018-10-22,8.290000,7.840000,7.900000,5903080
7.697075,8.030000,2018-10-23,8.210000,7.950000,8.130000,3876610
7.745002,8.080000,2018-10-24,8.190000,8.000000,8.020000,3095408
7.677905,8.010000,2018-10-25,8.040000,7.750000,7.780000,3715313
7.821685,8.160000,2018-10-26,8.400000,8.070000,8.290000,4899475
7.697075,8.030000,2018-10-29,8.330000,8.010000,8.240000,3976561
7.802516,8.140000,2018-10-30,8.190000,7.870000,8.000000,3543975
7.898369,8.240000,2018-10-31,8.330000,8.130000,8.150000,3513028
8.042150,8.390000,2018-11-01,8.510000,8.260000,8.270000,5106046
8.291369,8.650000,2018-11-02,8.670000,8.460000,8.510000,5919078
8.444736,8.810000,2018-11-05,8.920000,8.570000,8.660000,7438592
8.358469,8.720000,2018-11-06,8.770000,8.530000,8.760000,4449987
8.387224,8.750000,2018-11-07,9.000000,8.740000,8.910000,5741723
8.233858,8.590000,2018-11-08,8.880000,8.530000,8.820000,4455712
8.233858,8.590000,2018-11-09,8.590000,8.590000,8.590000,0
9.566228,9.980000,2018-11-12,10.360000,9.680000,9.790000,24109313
9.451203,9.860000,2018-11-13,9.960000,9.610000,9.800000,15609795
9.297837,9.700000,2018-11-14,9.820000,9.620000,9.730000,9252025
9.432034,9.840000,2018-11-15,9.850000,9.640000,9.650000,9364339
9.700423,10.120000,2018-11-16,10.200000,9.810000,9.870000,13040422
9.527885,9.940000,2018-11-19,10.290000,9.870000,10.280000,10298334
8.876079,9.260000,2018-11-20,9.740000,9.220000,9.720000,10309949
9.058203,9.450000,2018-11-21,9.540000,9.270000,9.310000,5515803
9.029446,9.420000,2018-11-22,9.600000,9.380000,9.440000,3922893
8.588517,8.960000,2018-11-23,9.410000,8.900000,9.370000,5010304
8.828152,9.210000,2018-11-26,9.210000,8.880000,8.900000,4996301
9.288251,9.690000,2018-11-27,9.750000,9.200000,9.280000,10409523
9.508716,9.920000,2018-11-28,10.190000,9.400000,9.760000,14700813
8.924007,9.310000,2018-11-29,9.960000,9.300000,9.840000,9930526
9.259495,9.660000,2018-11-30,9.660000,9.090000,9.220000,7779282
9.575812,9.990000,2018-12-03,10.100000,9.760000,9.940000,12663599
9.719595,10.140000,2018-12-04,10.500000,9.850000,9.930000,13965695
9.729180,10.150000,2018-12-05,10.180000,9.700000,9.860000,9616676
9.278666,9.680000,2018-12-06,10.000000,9.660000,10.000000,8434700
9.422447,9.830000,2018-12-07,10.150000,9.700000,9.740000,7625856
9.393691,9.800000,2018-12-10,10.140000,9.570000,9.620000,6462635
10.333060,10.780000,2018-12-11,10.780000,9.750000,9.820000,30281566
9.959229,10.390000,2018-12-12,10.660000,10.310000,10.660000,20407901
10.543940,11.000000,2018-12-13,11.350000,10.380000,10.450000,27924471
10.706890,11.170000,2018-12-14,11.200000,10.680000,10.860000,21400600
10.591866,11.050000,2018-12-17,11.170000,10.720000,11.170000,12754626
10.160523,10.600000,2018-12-18,10.980000,10.510000,10.800000,11668707
9.987986,10.420000,2018-12-19,10.900000,10.370000,10.600000,10134038
10.400158,10.850000,2018-12-20,10.890000,10.340000,10.390000,11260148
10.227621,10.670000,2018-12-21,11.000000,10.480000,10.820000,11054410
10.649378,11.110000,2018-12-24,11.200000,10.630000,10.690000,15735741
10.889012,11.360000,2018-12-25,11.580000,10.660000,10.900000,20813972
10.313890,10.760000,2018-12-26,11.440000,10.700000,11.200000,16253559
10.103010,10.540000,2018-12-27,11.100000,10.500000,10.930000,11006103
9.710010,10.130000,2018-12-28,10.590000,10.040000,10.560000,10090826
9.882547,10.310000,2019-01-02,10.480000,10.100000,10.230000,8154010
9.125299,9.520000,2019-01-03,10.320000,9.500000,10.250000,13434368
9.451203,9.860000,2019-01-04,9.860000,9.410000,9.500000,8762964
9.757936,10.180000,2019-01-07,10.350000,9.350000,9.500000,8937667
9.767522,10.190000,2019-01-08,10.480000,10.030000,10.120000,8682137
10.218035,10.660000,2019-01-09,10.990000,10.040000,10.160000,18291505
10.515183,10.970000,2019-01-10,11.010000,10.450000,10.570000,15848580
10.361817,10.810000,2019-01-11,11.300000,10.700000,10.890000,15940201
11.329942,11.820000,2019-01-14,11.850000,10.730000,10.850000,23669411
11.051965,11.530000,2019-01-15,11.780000,11.210000,11.380000,21672433
10.582281,11.040000,2019-01-16,11.690000,11.020000,11.460000,14663279
10.534353,10.990000,2019-01-17,11.160000,10.810000,11.100000,10571195
10.246792,10.690000,2019-01-18,11.060000,10.530000,10.910000,10101665
10.658963,11.120000,2019-01-21,11.350000,10.600000,10.690000,12496303
10.457670,10.910000,2019-01-22,11.210000,10.820000,11.100000,7279346
10.476842,10.930000,2019-01-23,10.990000,10.720000,10.950000,5161400
10.534353,10.990000,2019-01-24,11.150000,10.770000,10.970000,8464500
10.189280,10.630000,2019-01-25,10.980000,10.510000,10.900000,6617700
9.930473,10.360000,2019-01-28,10.790000,10.230000,10.630000,5732900
9.853789,10.280000,2019-01-29,10.450000,9.970000,10.380000,4810970
9.489545,9.900000,2019-01-30,10.360000,9.880000,10.220000,4461900
9.642911,10.060000,2019-01-31,10.230000,9.930000,9.970000,5332738
9.987986,10.420000,2019-02-01,10.450000,10.080000,10.240000,4055434
10.505597,10.960000,2019-02-11,11.070000,10.450000,10.450000,7410570
10.572696,11.030000,2019-02-12,11.170000,10.850000,10.980000,8556400
10.764402,11.230000,2019-02-13,11.330000,10.930000,10.990000,11286257
10.649378,11.110000,2019-02-14,11.210000,10.900000,11.190000,7910257
10.467257,10.920000,2019-02-15,11.220000,10.870000,11.110000,7949202
10.889012,11.360000,2019-02-18,11.460000,10.910000,10.910000,12738902
10.706890,11.170000,2019-02-19,11.560000,11.030000,11.420000,12045793
11.157404,11.640000,2019-02-20,11.860000,11.180000,11.270000,19009591
11.119063,11.600000,2019-02-21,12.230000,11.350000,11.550000,22955652
11.464137,11.960000,2019-02-22,12.100000,11.470000,11.580000,16188137
11.933822,12.450000,2019-02-25,12.520000,12.010000,12.260000,21712630
11.234088,11.720000,2019-02-26,12.100000,11.560000,12.040000,26339258
10.946527,11.420000,2019-02-27,11.730000,11.290000,11.600000,13732968
10.946527,11.420000,2019-02-28,11.570000,11.310000,11.330000,6830513
10.965696,11.440000,2019-03-01,11.520000,11.250000,11.470000,6588618
12.058433,12.580000,2019-03-04,12.580000,11.560000,11.560000,33894223
12.815678,13.370000,2019-03-05,13.670000,12.470000,12.580000,41586423
13.381217,13.960000,2019-03-06,14.260000,13.060000,13.190000,38331708
13.486656,14.070000,2019-03-07,14.690000,13.510000,13.820000,31481107
12.528116,13.070000,2019-03-08,13.980000,13.020000,13.400000,21184946
13.429144,14.010000,2019-03-11,14.090000,13.090000,13.450000,23263134
13.237436,13.810000,2019-03-12,14.550000,13.570000,14.320000,24381608
12.700653,13.250000,2019-03-13,13.800000,13.070000,13.800000,16113668
12.144701,12.670000,2019-03-14,13.100000,12.400000,13.000000,11930960
12.269311,12.800000,2019-03-15,13.020000,12.690000,12.750000,9286068
12.489775,13.030000,2019-03-18,13.060000,12.710000,12.800000,8116242
12.461019,13.000000,2019-03-19,13.240000,12.890000,12.990000,7529510
12.230969,12.760000,2019-03-20,12.980000,12.420000,12.980000,9217900
12.288481,12.820000,2019-03-21,13.000000,12.710000,12.760000,10416823
12.825264,13.380000,2019-03-22,13.400000,12.720000,12.810000,13291147
12.461019,13.000000,2019-03-25,13.290000,12.930000,13.060000,10095209
11.981750,12.500000,2019-03-26,13.160000,12.450000,13.050000,8198670
11.684601,12.190000,2019-03-27,12.650000,11.500000,12.580000,7369745
11.818797,12.330000,2019-03-28,12.670000,12.010000,12.160000,7931300
12.240555,12.770000,2019-03-29,12.780000,12.310000,12.630000,10255384
12.873191,13.430000,2019-04-01,13.520000,12.820000,12.820000,16032190
12.623971,13.170000,2019-04-02,13.440000,13.130000,13.360000,11235134
12.662312,13.210000,2019-04-03,13.310000,12.940000,13.180000,8625600
12.537702,13.080000,2019-04-04,13.320000,13.010000,13.310000,7739753
11.981750,12.500000,2019-04-08,13.200000,12.410000,13.150000,9767634
12.298067,12.830000,2019-04-09,13.000000,12.510000,12.510000,7063400
12.144701,12.670000,2019-04-10,12.800000,12.500000,12.760000,5536089
11.799625,12.310000,2019-04-11,12.820000,12.300000,12.820000,5134100
11.866724,12.380000,2019-04-12,12.430000,12.230000,12.320000,3844725
11.818797,12.330000,2019-04-15,12.840000,12.320000,12.550000,5387581
12.671898,13.220000,2019-04-16,13.290000,12.070000,12.340000,15124944
12.470605,13.010000,2019-04-17,13.360000,12.910000,13.220000,11955448
12.671898,13.220000,2019-04-18,13.330000,12.820000,13.010000,12424693
12.671898,13.220000,2019-04-19,13.250000,12.840000,13.180000,8560577
12.470605,13.010000,2019-04-22,13.580000,12.930000,13.280000,9891401
12.039262,12.560000,2019-04-23,13.000000,12.430000,12.880000,7635948
12.230969,12.760000,2019-04-24,12.780000,12.420000,12.570000,5888200
12.269311,12.800000,2019-04-25,13.480000,12.680000,12.760000,15581192
12.901947,13.460000,2019-04-26,13.950000,12.520000,12.700000,26389266
10.218035,10.660000,2019-05-06,11.360000,10.660000,11.120000,10521948
10.380987,10.830000,2019-05-07,11.040000,10.600000,10.760000,6039598
10.304304,10.750000,2019-05-08,11.040000,10.400000,10.550000,5958005
10.428914,10.880000,2019-05-09,11.090000,10.550000,10.600000,5050043
10.889012,11.360000,2019-05-10,11.500000,10.740000,10.980000,8361067
10.764402,11.230000,2019-05-13,11.480000,11.120000,11.150000,5207618
10.889012,11.360000,2019-05-14,11.580000,11.010000,11.050000,6041218
11.004038,11.480000,2019-05-15,11.580000,11.340000,11.500000,5691100
11.138233,11.620000,2019-05-16,11.940000,11.580000,11.590000,7575662
10.841086,11.310000,2019-05-17,11.880000,11.250000,11.600000,7113772
11.243673,11.730000,2019-05-20,11.830000,11.100000,11.460000,6996711
11.282016,11.770000,2019-05-21,11.940000,11.490000,11.670000,6581976
11.358699,11.850000,2019-05-22,12.080000,11.660000,11.780000,6558405
10.917769,11.390000,2019-05-23,11.940000,11.230000,11.880000,5752147
10.534353,10.990000,2019-05-24,11.490000,10.970000,11.300000,4747600
11.128648,11.610000,2019-05-27,11.650000,10.920000,11.010000,6492527
11.262843,11.750000,2019-05-28,11.900000,11.530000,11.530000,6938182
11.310771,11.800000,2019-05-29,12.030000,11.660000,11.740000,6236472
11.502479,12.000000,2019-05-30,12.020000,11.560000,11.880000,7722181
11.358699,11.850000,2019-05-31,12.150000,11.660000,11.910000,6599314
11.617503,12.120000,2019-06-03,12.300000,11.620000,11.750000,9139453
11.770870,12.280000,2019-06-04,12.620000,12.000000,12.080000,13401496
12.077602,12.600000,2019-06-05,12.850000,12.160000,12.280000,11735591
11.349113,11.840000,2019-06-06,12.710000,11.680000,12.700000,9631311
11.349113,11.840000,2019-06-10,11.840000,11.840000,11.840000,0
12.844435,13.400000,2019-06-11,13.600000,12.670000,13.390000,25061845
12.729410,13.280000,2019-06-12,13.780000,13.030000,13.190000,16848619
12.643141,13.190000,2019-06-13,13.500000,12.950000,13.110000,9851800
12.173456,12.700000,2019-06-14,13.270000,12.690000,13.190000,10063200
12.470605,13.010000,2019-06-17,13.040000,12.500000,12.730000,7397684
12.144701,12.670000,2019-06-18,12.980000,12.560000,12.980000,7005670
12.355580,12.890000,2019-06-19,13.370000,12.860000,12.990000,9965172
12.633556,13.180000,2019-06-20,13.180000,12.600000,12.760000,9842031
12.671898,13.220000,2019-06-21,13.480000,13.060000,13.250000,10790277
12.499359,13.040000,2019-06-24,13.360000,12.860000,13.150000,6269006
12.374750,12.910000,2019-06-25,12.970000,12.640000,12.940000,5148212
12.738996,13.290000,2019-06-26,13.350000,12.790000,12.880000,8234334
12.844435,13.400000,2019-06-27,13.580000,13.190000,13.260000,11773445
12.534930,12.960000,2019-06-28,13.260000,12.800000,13.250000,5523107
12.960499,13.400000,2019-07-01,13.780000,13.160000,13.260000,13562259
13.376396,13.830000,2019-07-02,14.500000,13.300000,13.350000,20431488
13.008860,13.450000,2019-07-03,14.200000,13.230000,13.660000,13673108
12.709027,13.140000,2019-07-04,13.590000,13.040000,13.570000,8869200
12.844435,13.280000,2019-07-05,13.330000,13.050000,13.100000,5578895
11.906249,12.310000,2019-07-08,13.180000,12.230000,13.180000,10622440
11.983626,12.390000,2019-07-09,12.480000,12.030000,12.260000,5190600
11.915922,12.320000,2019-07-10,12.650000,12.120000,12.410000,4264118
11.625762,12.020000,2019-07-11,12.500000,12.000000,12.420000,4694770
11.770842,12.170000,2019-07-12,12.300000,11.800000,12.040000,4419198
12.090018,12.500000,2019-07-15,12.530000,12.050000,12.170000,4641600
12.109362,12.520000,2019-07-16,12.650000,12.370000,12.490000,3919426
12.041657,12.450000,2019-07-17,12.660000,12.390000,12.500000,3664407
12.051331,12.460000,2019-07-18,12.700000,12.070000,12.320000,5460300
11.925593,12.330000,2019-07-19,12.600000,12.230000,12.430000,4205900
11.596745,11.990000,2019-07-22,12.390000,11.880000,12.380000,4340945
11.751497,12.150000,2019-07-23,12.260000,11.910000,11.970000,2793000
11.983626,12.390000,2019-07-24,12.480000,12.180000,12.180000,3931697
12.061002,12.470000,2019-07-25,12.610000,12.350000,12.430000,3984829
12.128706,12.540000,2019-07-26,12.550000,12.310000,12.420000,3182175
12.331819,12.750000,2019-07-29,12.750000,12.460000,12.500000,5177066
12.293130,12.710000,2019-07-30,12.850000,12.620000,12.700000,5541419
12.370507,12.790000,2019-07-31,12.870000,12.560000,12.680000,4416800
12.293130,12.710000,2019-08-01,12.790000,12.570000,12.750000,3744782
11.935266,12.340000,2019-08-02,12.470000,12.150000,12.310000,4899404
13.124924,13.570000,2019-08-05,13.570000,12.240000,12.260000,14478681
12.699354,13.130000,2019-08-06,13.280000,12.500000,13.280000,22025405
12.351163,12.770000,2019-08-07,13.360000,12.730000,13.050000,13712177
12.689683,13.120000,2019-08-08,13.280000,12.750000,12.980000,12706711
12.428538,12.850000,2019-08-09,13.440000,12.710000,13.290000,11876991
13.018531,13.460000,2019-08-12,13.490000,12.770000,12.860000,15054165
13.240987,13.690000,2019-08-13,14.210000,13.100000,13.180000,21061960
13.308692,13.760000,2019-08-14,14.470000,13.680000,14.050000,22465410
13.685900,14.150000,2019-08-15,14.180000,13.160000,13.220000,19614053
13.821307,14.290000,2019-08-16,14.690000,13.960000,14.000000,23005551
14.759494,15.260000,2019-08-19,15.480000,14.270000,14.520000,29586557
14.411302,14.900000,2019-08-20,15.240000,14.850000,15.150000,22233810
14.479006,14.970000,2019-08-21,15.150000,14.740000,14.830000,13939445
14.198517,14.680000,2019-08-22,15.040000,14.530000,15.000000,14679483
13.763276,14.230000,2019-08-23,14.880000,14.160000,14.600000,15924305
13.511805,13.970000,2019-08-26,14.160000,13.790000,13.800000,10750626
13.695572,14.160000,2019-08-27,14.340000,13.900000,14.100000,10526447
13.685900,14.150000,2019-08-28,14.280000,13.910000,14.120000,8086268
13.492460,13.950000,2019-08-29,14.260000,13.870000,14.150000,8792477
12.989515,13.430000,2019-08-30,14.230000,13.380000,14.120000,13486985
13.357052,13.810000,2019-09-02,13.870000,13.320000,13.420000,9369676
13.627869,14.090000,2019-09-03,14.150000,13.780000,13.840000,8624230
13.666556,14.130000,2019-09-04,14.200000,13.810000,14.030000,8556859
13.927700,14.400000,2019-09-05,14.720000,14.200000,14.200000,17521075
14.043766,14.520000,2019-09-06,14.790000,14.350000,14.500000,11014479
14.740149,15.240000,2019-09-09,15.440000,14.580000,14.720000,20210509
14.914247,15.420000,2019-09-10,15.730000,14.930000,15.300000,18061092
14.420973,14.910000,2019-09-11,15.490000,14.870000,15.490000,13353243
14.527365,15.020000,2019-09-12,15.230000,14.810000,15.000000,9281538
14.488676,14.980000,2019-09-16,15.180000,14.840000,14.990000,9548896
14.072780,14.550000,2019-09-17,15.020000,14.320000,14.880000,10732429
13.889011,14.360000,2019-09-18,14.690000,14.310000,14.600000,6268011
14.169500,14.650000,2019-09-19,14.660000,14.330000,14.440000,7767500
14.556381,15.050000,2019-09-20,15.110000,14.510000,14.660000,12385062
14.353269,14.840000,2019-09-23,14.970000,14.500000,14.860000,7496135
14.730477,15.230000,2019-09-24,15.240000,14.750000,14.750000,12699292
14.643430,15.140000,2019-09-25,15.360000,14.700000,15.110000,12356640
13.250659,13.700000,2019-09-26,15.160000,13.660000,15.030000,16770757
13.260332,13.710000,2019-09-27,14.060000,13.600000,13.600000,7061940
12.999187,13.440000,2019-09-30,13.840000,13.160000,13.840000,7264516
12.776731,13.210000,2019-10-08,13.580000,13.210000,13.250000,6061064
12.863778,13.300000,2019-10-09,13.440000,13.080000,13.160000,4815002
13.028203,13.470000,2019-10-10,13.470000,13.270000,13.360000,6056875
13.115252,13.560000,2019-10-11,13.980000,13.100000,13.500000,8600577
13.240987,13.690000,2019-10-14,13.850000,13.610000,13.690000,6925425
12.989515,13.430000,2019-10-15,13.670000,13.300000,13.670000,4536253
12.892795,13.330000,2019-10-16,13.560000,13.310000,13.560000,3011100
12.863778,13.300000,2019-10-17,13.430000,13.180000,13.290000,2844056
12.863778,13.300000,2019-10-18,13.590000,13.160000,13.350000,4898881
12.409194,12.830000,2019-10-21,13.270000,12.660000,13.270000,5147800
12.554275,12.980000,2019-10-22,13.050000,12.750000,12.750000,3269748
12.467227,12.890000,2019-10-23,13.100000,12.810000,13.020000,2683085
12.767058,13.200000,2019-10-24,13.220000,12.860000,12.990000,3289828
12.351163,12.770000,2019-10-25,12.860000,12.360000,12.790000,7301396
12.931482,13.370000,2019-10-28,13.450000,12.770000,12.800000,7723730
12.738043,13.170000,2019-10-29,13.490000,13.150000,13.280000,4827837
12.757386,13.190000,2019-10-30,13.290000,12.800000,13.170000,3840221
12.534930,12.960000,2019-10-31,13.500000,12.860000,13.270000,4350916
12.612306,13.040000,2019-11-01,13.140000,12.810000,12.880000,3583787
12.912140,13.350000,2019-11-04,13.400000,13.000000,13.040000,4746593
12.921811,13.360000,2019-11-05,13.380000,13.160000,13.300000,3283461
12.709027,13.140000,2019-11-06,13.360000,13.020000,13.340000,3456059
12.680010,13.110000,2019-11-07,13.240000,13.000000,13.150000,2208630
12.699354,13.130000,2019-11-08,13.340000,13.130000,13.200000,3665409
12.177066,12.590000,2019-11-11,13.150000,12.450000,13.150000,4600170
12.031985,12.440000,2019-11-12,12.650000,12.220000,12.590000,2924300
11.867561,12.270000,2019-11-13,12.430000,12.150000,12.420000,2583917
11.877234,12.280000,2019-11-14,12.370000,12.120000,12.270000,2977246
11.790185,12.190000,2019-11-15,12.390000,11.980000,12.260000,3511287
11.925593,12.330000,2019-11-18,12.450000,12.100000,12.100000,2528350
12.167395,12.580000,2019-11-19,12.600000,12.310000,12.330000,3361714
11.983626,12.390000,2019-11-20,12.670000,12.360000,12.530000,2529634
12.099690,12.510000,2019-11-21,12.530000,12.330000,12.370000,2051006
11.983626,12.390000,2019-11-22,12.650000,12.310000,12.410000,2857829
11.819201,12.220000,2019-11-25,12.440000,12.140000,12.390000,2572239
11.799857,12.200000,2019-11-26,12.340000,12.160000,12.200000,1302460
11.838546,12.240000,2019-11-27,12.380000,12.150000,12.200000,2040555
11.954610,12.360000,2019-11-28,12.420000,12.240000,12.310000,1887772
12.090018,12.500000,2019-11-29,12.530000,12.100000,12.280000,2576674
12.031985,12.440000,2019-12-02,12.560000,12.360000,12.500000,1951832
12.264114,12.680000,2019-12-03,12.690000,12.350000,12.480000,3548299
12.312473,12.730000,2019-12-04,12.760000,12.510000,12.540000,2931131
12.467227,12.890000,2019-12-05,12.890000,12.700000,12.700000,3949969
12.467227,12.890000,2019-12-06,12.950000,12.700000,12.880000,3901809
12.554275,12.980000,2019-12-09,13.060000,12.850000,13.000000,3692220
12.525258,12.950000,2019-12-10,12.990000,12.750000,12.990000,3373156
12.399522,12.820000,2019-12-11,13.070000,12.700000,12.970000,3002064
12.563946,12.990000,2019-12-12,13.120000,12.780000,12.820000,5465593
12.602634,13.030000,2019-12-13,13.120000,12.910000,13.100000,3651400
12.863778,13.300000,2019-12-16,13.380000,13.030000,13.100000,5124447
12.931482,13.370000,2019-12-17,13.490000,13.260000,13.300000,7149600
12.892795,13.330000,2019-12-18,13.540000,13.330000,13.440000,4944878
12.960499,13.400000,2019-12-19,13.630000,13.340000,13.340000,4304381
12.621980,13.050000,2019-12-20,13.490000,13.040000,13.410000,5560009
12.273786,12.690000,2019-12-23,13.000000,12.610000,13.000000,4468752
12.331819,12.750000,2019-12-24,12.800000,12.630000,12.740000,3085700
12.486570,12.910000,2019-12-25,12.980000,12.620000,12.750000,3553805
12.573618,13.000000,2019-12-26,13.020000,12.780000,12.910000,3105424
12.389851,12.810000,2019-12-27,13.140000,12.810000,12.980000,3798643
12.389851,12.810000,2019-12-30,12.840000,12.410000,12.830000,4043062
12.476898,12.900000,2019-12-31,12.980000,12.700000,12.840000,2801348
12.757386,13.190000,2020-01-02,13.220000,12.920000,13.010000,5236262
12.834764,13.270000,2020-01-03,13.360000,13.130000,13.220000,4917551
12.941155,13.380000,2020-01-06,13.580000,13.150000,13.290000,7007195
13.028203,13.470000,2020-01-07,13.480000,13.270000,13.380000,4663706
12.747715,13.180000,2020-01-08,13.180000,13.180000,13.180000,6860089
13.163611,13.610000,2020-01-09,13.800000,13.280000,13.430000,9070344
12.970171,13.410000,2020-01-10,13.800000,13.380000,13.800000,6331837
13.173284,13.620000,2020-01-13,13.620000,13.620000,13.620000,6901286
13.057220,13.500000,2020-01-14,13.500000,13.500000,13.500000,6037765
13.153940,13.600000,2020-01-15,13.620000,13.350000,13.520000,4754673
12.960499,13.400000,2020-01-16,13.650000,13.390000,13.580000,4219700
12.873452,13.310000,2020-01-17,13.550000,13.300000,13.470000,3950814
13.395740,13.850000,2020-01-20,13.850000,13.230000,13.360000,11356395
13.531147,13.990000,2020-01-21,14.090000,13.660000,13.850000,11033844
13.830981,14.300000,2020-01-22,14.390000,13.680000,13.820000,12013518
13.299020,13.750000,2020-01-23,14.590000,13.410000,14.030000,13973478
11.973953,12.380000,2020-02-03,12.380000,12.380000,12.380000,1348100
11.422649,11.810000,2020-02-04,12.100000,11.180000,11.180000,12709628
11.519369,11.910000,2020-02-05,12.190000,11.700000,11.830000,10977617
11.770842,12.170000,2020-02-06,12.250000,11.750000,12.010000,8656875
12.099690,12.510000,2020-02-07,12.700000,12.040000,12.090000,9226237
12.360833,12.780000,2020-02-10,12.920000,12.310000,12.360000,7557199
12.148050,12.560000,2020-02-11,12.820000,12.470000,12.820000,6212599
12.331819,12.750000,2020-02-12,12.800000,12.490000,12.600000,6805569
12.360833,12.780000,2020-02-13,13.020000,12.620000,12.730000,7283549
12.573618,13.000000,2020-02-14,13.250000,12.700000,12.710000,8456444
13.105579,13.550000,2020-02-17,13.570000,13.100000,13.200000,11072696
13.492460,13.950000,2020-02-18,13.980000,13.430000,13.540000,12214250
13.492460,13.950000,2020-02-19,14.380000,13.780000,14.000000,15563369
13.801965,14.270000,2020-02-20,14.300000,13.780000,14.080000,12858563
13.869669,14.340000,2020-02-21,14.600000,14.180000,14.210000,13390721
14.691789,15.190000,2020-02-24,15.440000,14.520000,14.700000,19488131
15.223750,15.740000,2020-02-25,15.960000,14.710000,14.710000,30027813
14.130813,14.610000,2020-02-26,15.710000,14.500000,15.440000,22081251
14.169500,14.650000,2020-02-27,15.080000,14.360000,14.790000,12546016
13.415084,13.870000,2020-02-28,14.360000,13.660000,13.660000,15613078
14.362942,14.850000,2020-03-02,15.100000,14.000000,14.140000,15430603
14.459661,14.950000,2020-03-03,15.700000,14.800000,15.350000,19259113
14.440317,14.930000,2020-03-04,15.410000,14.610000,14.680000,13939753
14.411302,14.900000,2020-03-05,15.600000,14.730000,15.520000,13577926
15.175390,15.690000,2020-03-06,15.760000,14.510000,14.510000,23098915
15.726696,16.260000,2020-03-09,17.260000,15.380000,15.600000,41085292
16.742254,17.309999,2020-03-10,17.469999,15.300000,16.059999,38932651
15.726696,16.260000,2020-03-11,17.430000,16.160000,17.120001,33393143
15.059325,15.570000,2020-03-12,16.200001,15.140000,15.710000,21610477
15.175390,15.690000,2020-03-13,16.059999,14.770000,14.900000,20781270
13.734260,14.200000,2020-03-16,15.780000,14.120000,15.750000,19398831
13.908358,14.380000,2020-03-17,14.580000,13.730000,14.310000,12588348
13.192628,13.640000,2020-03-18,14.730000,13.570000,14.550000,15767887
13.666556,14.130000,2020-03-19,14.280000,13.480000,13.640000,13725781
13.743933,14.210000,2020-03-20,14.350000,13.980000,14.290000,9929058
13.453772,13.910000,2020-03-23,14.580000,13.530000,13.580000,11617877
13.792294,14.260000,2020-03-24,14.400000,13.600000,14.270000,11257301
13.850324,14.320000,2020-03-25,14.640000,14.220000,14.600000,9452134
13.434428,13.890000,2020-03-26,14.150000,13.760000,14.110000,7389217
13.250659,13.700000,2020-03-27,14.250000,13.700000,14.050000,6996121
12.264114,12.680000,2020-03-30,13.460000,12.480000,13.460000,8820451
12.235098,12.650000,2020-03-31,13.080000,12.600000,12.900000,6717810
12.186738,12.600000,2020-04-01,12.950000,12.520000,12.610000,5512472
12.563946,12.990000,2020-04-02,13.020000,12.530000,12.600000,6373854
12.418867,12.840000,2020-04-03,13.090000,12.760000,12.880000,4852101
12.854107,13.290000,2020-04-07,13.470000,12.960000,13.090000,8323965
12.960499,13.400000,2020-04-08,13.560000,13.090000,13.150000,8653860
13.598852,14.060000,2020-04-09,14.300000,13.580000,13.900000,13748107
12.825090,13.260000,2020-04-10,13.900000,13.250000,13.800000,9209430
12.380178,12.800000,2020-04-13,13.210000,12.730000,13.030000,4912042
12.573618,13.000000,2020-04-14,13.030000,12.810000,12.910000,4186243
12.273786,12.690000,2020-04-15,13.050000,12.680000,13.020000,4567458
12.351163,12.770000,2020-04-16,12.820000,12.560000,12.630000,4106369
12.331819,12.750000,2020-04-17,13.050000,12.700000,12.850000,5436023
12.583291,13.010000,2020-04-20,13.010000,12.720000,12.810000,3796253
12.825090,13.260000,2020-04-21,13.260000,12.850000,12.960000,6644619
12.970171,13.410000,2020-04-22,13.450000,13.020000,13.200000,5430512
12.670340,13.100000,2020-04-23,13.490000,13.090000,13.490000,5229133
11.412977,11.800000,2020-04-24,12.640000,11.790000,12.550000,14152518
11.026096,11.400000,2020-04-27,11.930000,11.370000,11.930000,7656712
10.648888,11.010000,2020-04-28,11.490000,10.260000,11.490000,9461335
10.542496,10.900000,2020-04-29,11.160000,10.800000,11.010000,3716758
11.026096,11.400000,2020-04-30,11.460000,10.920000,10.930000,4983110
11.296913,11.680000,2020-05-06,11.690000,11.230000,11.250000,5430428
11.296913,11.680000,2020-05-07,12.050000,11.640000,11.670000,5478309
11.383962,11.770000,2020-05-08,12.000000,11.750000,11.790000,4450659
11.645105,12.040000,2020-05-11,12.350000,11.830000,11.950000,7920775
11.461338,11.850000,2020-05-12,11.920000,11.630000,11.830000,5593220
11.325929,11.710000,2020-05-13,11.830000,11.620000,11.620000,3378215
11.161504,11.540000,2020-05-14,11.780000,11.490000,11.680000,4033575
11.229208,11.610000,2020-05-15,11.830000,11.540000,11.540000,3927863
10.900360,11.270000,2020-05-18,11.700000,11.150000,11.630000,4618521
11.045441,11.420000,2020-05-19,11.480000,11.290000,11.380000,3117916
10.735935,11.100000,2020-05-20,11.400000,11.000000,11.380000,5167450
10.503807,10.860000,2020-05-21,11.180000,10.810000,11.060000,4724962
10.213648,10.560000,2020-05-22,11.040000,10.500000,11.040000,5078739
10.049223,10.390000,2020-05-25,10.600000,10.320000,10.510000,4587280
10.358727,10.710000,2020-05-26,10.740000,10.440000,10.460000,4227784
10.368399,10.720000,2020-05-27,10.890000,10.610000,10.780000,4889406
10.213648,10.560000,2020-05-28,10.820000,10.310000,10.820000,4188919
10.174960,10.520000,2020-05-29,10.720000,10.340000,10.340000,3663444
10.639216,11.000000,2020-06-01,11.040000,10.520000,10.520000,5439645
10.774625,11.140000,2020-06-02,11.160000,10.970000,11.030000,4024633
10.716592,11.080000,2020-06-03,11.330000,11.070000,11.190000,4332400
10.639216,11.000000,2020-06-04,11.150000,10.890000,11.120000,3347919
10.677904,11.040000,2020-06-05,11.220000,10.920000,11.090000,3301760
10.813313,11.180000,2020-06-08,11.490000,11.050000,11.060000,5532420
10.890689,11.260000,2020-06-09,11.290000,11.000000,11.200000,3916872
10.706921,11.070000,2020-06-10,11.250000,11.010000,11.210000,3304174
10.774625,11.140000,2020-06-11,11.300000,11.050000,11.080000,3907617
10.726264,11.090000,2020-06-12,11.140000,10.810000,10.820000,3161544
10.590856,10.950000,2020-06-15,11.140000,10.950000,11.090000,3329305
10.852000,11.220000,2020-06-16,11.240000,11.050000,11.080000,3860136
10.822591,11.040000,2020-06-17,11.140000,10.910000,11.100000,3467793
11.146091,11.370000,2020-06-18,11.430000,10.980000,11.070000,6809648
10.989243,11.210000,2020-06-19,11.370000,11.170000,11.370000,4286753
11.028456,11.250000,2020-06-22,11.370000,11.180000,11.240000,4106871
10.920622,11.140000,2020-06-23,11.300000,11.070000,11.200000,3473421
11.057863,11.280000,2020-06-24,11.340000,11.090000,11.260000,4637634
10.793181,11.010000,2020-06-29,11.270000,10.960000,11.270000,3545866
11.449987,11.680000,2020-06-30,11.980000,11.030000,11.030000,11960034
11.263728,11.490000,2020-07-01,11.780000,11.350000,11.660000,8377255
11.302940,11.530000,2020-07-02,11.600000,11.300000,11.420000,6661300
11.459790,11.690000,2020-07-03,11.790000,11.430000,11.480000,6569072
12.018565,12.260000,2020-07-06,12.350000,11.790000,11.850000,10093137
12.018565,12.260000,2020-07-07,12.630000,12.160000,12.560000,10175625
12.381279,12.630000,2020-07-08,12.640000,12.200000,12.270000,9281565
12.636159,12.890000,2020-07-09,12.900000,12.530000,12.800000,10333368
12.430295,12.680000,2020-07-10,12.890000,12.560000,12.780000,8018483
12.930250,13.190000,2020-07-13,13.250000,12.660000,12.700000,9760424
13.008677,13.270000,2020-07-14,13.730000,13.010000,13.460000,11188031
12.489112,12.740000,2020-07-15,13.450000,12.550000,13.450000,8551373
11.861716,12.100000,2020-07-16,12.880000,12.040000,12.700000,8354161
11.763685,12.000000,2020-07-17,12.280000,11.870000,12.120000,5495764
12.116596,12.360000,2020-07-20,12.360000,12.040000,12.110000,4501990
12.047975,12.290000,2020-07-21,12.430000,12.160000,12.300000,3832804
12.106793,12.350000,2020-07-22,12.510000,12.230000,12.300000,4438390
11.881322,12.120000,2020-07-23,12.330000,11.830000,12.250000,5142937
11.469593,11.700000,2020-07-24,12.400000,11.630000,12.070000,6213212
11.293139,11.520000,2020-07-27,11.790000,11.410000,11.700000,4202760
11.499002,11.730000,2020-07-28,11.770000,11.550000,11.550000,3147125
11.949944,12.190000,2020-07-29,12.200000,11.610000,11.730000,5370167
12.106793,12.350000,2020-07-30,12.640000,12.190000,12.270000,7110897
12.391082,12.640000,2020-07-31,12.740000,12.360000,12.360000,6652526
12.528324,12.780000,2020-08-03,12.890000,12.690000,12.690000,6488441
12.351870,12.600000,2020-08-04,12.900000,12.510000,12.800000,5995226
12.518522,12.770000,2020-08-05,12.890000,12.600000,12.660000,5353251
12.675371,12.930000,2020-08-06,12.960000,12.560000,12.700000,6476028
12.283247,12.530000,2020-08-07,12.870000,12.370000,12.850000,5777434
12.273445,12.520000,2020-08-10,12.700000,12.370000,12.430000,4241737
11.675458,11.910000,2020-08-11,12.540000,11.910000,12.480000,6212390
11.695065,11.930000,2020-08-12,12.000000,11.580000,11.910000,4603899
11.842110,12.080000,2020-08-13,12.170000,11.830000,11.830000,3132713
11.910731,12.150000,2020-08-14,12.160000,11.930000,12.030000,2576924
12.087187,12.330000,2020-08-17,12.370000,12.100000,12.150000,3504762
12.008762,12.250000,2020-08-18,12.400000,12.180000,12.390000,3179947
11.665654,11.900000,2020-08-19,12.210000,11.850000,12.190000,3507708
11.695065,11.930000,2020-08-20,12.130000,11.700000,11.880000,2751977
11.724473,11.960000,2020-08-21,12.070000,11.840000,11.950000,2292682
11.910731,12.150000,2020-08-24,12.190000,11.810000,11.970000,3667925
11.802897,12.040000,2020-08-25,12.230000,12.000000,12.090000,2898545
12.175414,12.420000,2020-08-26,12.870000,12.250000,12.300000,11069270
12.371476,12.620000,2020-08-27,12.680000,12.320000,12.360000,7090101
12.322460,12.570000,2020-08-28,12.650000,12.390000,12.510000,5090350
12.479309,12.730000,2020-08-31,12.960000,12.520000,12.600000,6869689
12.577340,12.830000,2020-09-01,12.920000,12.680000,12.680000,5282266
12.704780,12.960000,2020-09-02,13.060000,12.760000,12.760000,6671851
12.694977,12.950000,2020-09-03,13.140000,12.880000,12.920000,6203656
12.655765,12.910000,2020-09-04,13.050000,12.590000,12.700000,6256795
12.547932,12.800000,2020-09-07,13.120000,12.780000,12.870000,7566026
12.891038,13.150000,2020-09-08,13.270000,12.810000,12.860000,7894113
12.489112,12.740000,2020-09-09,13.240000,12.600000,13.050000,8945697
11.577428,11.810000,2020-09-10,12.890000,11.780000,12.890000,8630731
11.548018,11.780000,2020-09-11,11.820000,11.530000,11.740000,4994191
11.753882,11.990000,2020-09-14,12.060000,11.770000,11.810000,3126610
11.567624,11.800000,2020-09-15,12.050000,11.700000,11.990000,3441496
11.410775,11.640000,2020-09-16,11.980000,11.540000,11.980000,3209972
11.449987,11.680000,2020-09-17,11.770000,11.560000,11.640000,2482518
11.616640,11.850000,2020-09-18,11.880000,11.610000,11.710000,3206983
11.557820,11.790000,2020-09-21,11.980000,11.720000,11.900000,2749717
11.391169,11.620000,2020-09-22,11.800000,11.570000,11.610000,2307632
11.469593,11.700000,2020-09-23,11.850000,11.630000,11.850000,1965345
11.126486,11.350000,2020-09-24,11.650000,11.310000,11.600000,2896280
11.048061,11.270000,2020-09-25,11.450000,11.150000,11.400000,2697491
11.008848,11.230000,2020-09-28,11.360000,11.190000,11.280000,1846331
11.038259,11.260000,2020-09-29,11.380000,11.160000,11.250000,2033183
10.920622,11.140000,2020-09-30,11.290000,11.080000,11.280000,1874141
11.224516,11.450000,2020-10-09,11.570000,11.200000,11.270000,2644623
11.518608,11.750000,2020-10-12,11.810000,11.450000,11.530000,3562398
11.528412,11.760000,2020-10-13,11.780000,11.630000,11.760000,2075666
11.469593,11.700000,2020-10-14,11.800000,11.630000,11.690000,1840841
11.351956,11.580000,2020-10-15,11.720000,11.560000,11.670000,1832828
11.312743,11.540000,2020-10-16,11.620000,11.450000,11.580000,1480157
11.322548,11.550000,2020-10-19,11.730000,11.500000,11.580000,2040292
11.371563,11.600000,2020-10-20,11.620000,11.350000,11.470000,1823172
11.263728,11.490000,2020-10-21,11.620000,11.410000,11.600000,1537131
11.234320,11.460000,2020-10-22,11.580000,11.280000,11.420000,2065173
11.146091,11.370000,2020-10-23,11.550000,11.330000,11.450000,1769290
11.224516,11.450000,2020-10-26,11.500000,11.240000,11.370000,1212190
11.038259,11.260000,2020-10-27,11.510000,11.260000,11.450000,2272888
10.822591,11.040000,2020-10-28,11.300000,10.900000,11.240000,3173422
10.783379,11.000000,2020-10-29,11.100000,10.890000,10.900000,2254753
10.420665,10.630000,2020-10-30,11.140000,10.630000,11.060000,2729072
10.508892,10.720000,2020-11-02,10.750000,10.310000,10.670000,2135476
10.734363,10.950000,2020-11-03,11.040000,10.700000,10.710000,2046602
10.655938,10.870000,2020-11-04,11.020000,10.780000,10.990000,1695482
11.028456,11.250000,2020-11-05,11.350000,10.880000,10.880000,4543162
11.057863,11.280000,2020-11-06,11.390000,11.150000,11.210000,2896579
11.214713,11.440000,2020-11-09,11.580000,11.300000,11.300000,3488857
11.106880,11.330000,2020-11-10,11.550000,11.280000,11.550000,2116064
10.891212,11.110000,2020-11-11,11.390000,11.070000,11.330000,2854164
10.910818,11.130000,2020-11-12,11.250000,11.060000,11.150000,1526175
10.812788,11.030000,2020-11-13,11.100000,10.910000,11.090000,2006374
10.861803,11.080000,2020-11-16,11.150000,10.930000,11.030000,1552333
10.832394,11.050000,2020-11-17,11.130000,10.960000,11.110000,1688286
11.028456,11.250000,2020-11-18,11.450000,11.030000,11.060000,3398461
11.146091,11.370000,2020-11-19,11.460000,11.200000,11.360000,2226887
11.165698,11.390000,2020-11-20,11.580000,11.290000,11.370000,2201724
11.146091,11.370000,2020-11-23,11.430000,11.240000,11.400000,1967990
11.420577,11.650000,2020-11-24,12.320000,11.360000,11.360000,5383130
11.665654,11.900000,2020-11-25,11.950000,11.570000,11.760000,5708495
11.567624,11.800000,2020-11-26,12.020000,11.730000,11.780000,4060386
11.469593,11.700000,2020-11-27,11.900000,11.550000,11.800000,3542784
11.646049,11.880000,2020-11-30,11.980000,11.710000,11.730000,3806883
11.597033,11.830000,2020-12-01,11.970000,11.770000,11.920000,2524085
11.597033,11.830000,2020-12-02,11.990000,11.720000,11.840000,2595045
11.361760,11.590000,2020-12-03,11.870000,11.560000,11.870000,3115212
11.391169,11.620000,2020-12-04,11.680000,11.460000,11.640000,1992734
11.332351,11.560000,2020-12-07,11.720000,11.530000,11.630000,1504296
11.234320,11.460000,2020-12-08,11.600000,11.410000,11.560000,2209173
11.283336,11.510000,2020-12-09,12.190000,11.410000,11.540000,4679215
10.802984,11.020000,2020-12-10,11.470000,11.000000,11.410000,4070448
10.391256,10.600000,2020-12-11,11.040000,10.480000,10.950000,5142063
10.322634,10.530000,2020-12-14,10.770000,10.430000,10.650000,2452845
10.312832,10.520000,2020-12-15,10.600000,10.460000,10.550000,1327407
10.106967,10.310000,2020-12-16,10.570000,10.290000,10.510000,1653390
10.273619,10.480000,2020-12-17,10.480000,9.980000,10.270000,3035101
10.155981,10.360000,2020-12-18,10.530000,10.280000,10.510000,1250013
10.871606,11.090000,2020-12-21,11.200000,10.220000,10.300000,6094418
10.783379,11.000000,2020-12-22,11.250000,10.810000,11.080000,4264705
11.028456,11.250000,2020-12-23,11.300000,10.720000,10.900000,3698092
10.783379,11.000000,2020-12-24,11.780000,10.980000,11.280000,7497091
10.646135,10.860000,2020-12-25,10.960000,10.700000,10.800000,1776032
10.303027,10.510000,2020-12-28,10.800000,10.440000,10.760000,1855399
10.734363,10.950000,2020-12-29,11.130000,10.470000,10.510000,3290627
10.655938,10.870000,2020-12-30,10.980000,10.800000,10.900000,1529867
10.832394,11.050000,2020-12-31,11.180000,10.840000,10.880000,1808154
10.861803,11.080000,2021-01-04,11.080000,10.880000,11.020000,1862060
10.793181,11.010000,2021-01-05,11.200000,10.910000,11.080000,1738291
10.489286,10.700000,2021-01-06,11.000000,10.640000,11.000000,2010700
10.136376,10.340000,2021-01-07,10.670000,10.240000,10.600000,2860932
10.116769,10.320000,2021-01-08,10.520000,10.160000,10.230000,2436163
9.891299,10.090000,2021-01-11,10.400000,10.030000,10.380000,2824260
9.842284,10.040000,2021-01-12,10.230000,9.980000,10.020000,2072515
8.881583,9.060000,2021-01-13,10.120000,9.040000,10.080000,8310248
8.891385,9.070000,2021-01-14,9.230000,8.740000,8.980000,3618957
9.097250,9.280000,2021-01-15,9.330000,9.080000,9.080000,2171756
9.175674,9.360000,2021-01-18,9.600000,9.270000,9.320000,1964095
9.312918,9.500000,2021-01-19,9.590000,9.310000,9.360000,2304489
9.156069,9.340000,2021-01-20,9.580000,9.290000,9.510000,1671458
9.048235,9.230000,2021-01-21,9.410000,9.210000,9.340000,2400794
8.822763,9.000000,2021-01-22,9.260000,8.990000,9.230000,2356708
8.646308,8.820000,2021-01-25,9.010000,8.760000,8.970000,3097045
8.626703,8.800000,2021-01-26,8.960000,8.720000,8.720000,1538445
8.587491,8.760000,2021-01-27,8.900000,8.730000,8.870000,1525459
8.499263,8.670000,2021-01-28,8.790000,8.630000,8.660000,1432801
8.254186,8.420000,2021-01-29,8.740000,8.290000,8.710000,2825400
8.332611,8.500000,2021-02-01,8.560000,8.340000,8.360000,1183128
8.352217,8.520000,2021-02-02,8.620000,8.390000,8.510000,957169
8.067926,8.230000,2021-02-03,8.560000,8.220000,8.560000,1246200
7.744427,7.900000,2021-02-04,8.230000,7.750000,8.230000,2652595
7.666002,7.820000,2021-02-05,8.130000,7.730000,7.800000,1914264
7.724820,7.880000,2021-02-08,8.050000,7.760000,7.870000,1746532
7.940488,8.100000,2021-02-09,8.180000,7.860000,7.910000,1825404
8.048322,8.210000,2021-02-10,8.260000,8.080000,8.100000,1757300
8.313004,8.480000,2021-02-18,8.530000,8.240000,8.290000,1719929
8.636506,8.810000,2021-02-19,8.830000,8.470000,8.510000,1877300
8.822763,9.000000,2021-02-22,9.300000,8.810000,8.870000,2927852
8.744340,8.920000,2021-02-23,9.140000,8.860000,9.050000,1864592
8.832568,9.010000,2021-02-24,9.130000,8.960000,8.970000,1516155
8.763946,8.940000,2021-02-25,9.100000,8.910000,9.100000,1601112
8.812961,8.990000,2021-02-26,9.090000,8.840000,8.860000,1533412
8.950204,9.130000,2021-03-01,9.180000,8.980000,8.980000,1700204
8.910992,9.090000,2021-03-02,9.210000,9.030000,9.170000,1398400
8.940401,9.120000,2021-03-03,9.180000,9.030000,9.070000,1250573
8.891385,9.070000,2021-03-04,9.280000,9.050000,9.120000,2250445
8.989416,9.170000,2021-03-05,9.210000,9.030000,9.070000,1381400
8.930597,9.110000,2021-03-08,9.340000,9.100000,9.190000,1648636
8.744340,8.920000,2021-03-09,9.200000,8.600000,9.150000,2089746
8.509067,8.680000,2021-03-10,9.060000,8.620000,9.010000,1733311
8.665915,8.840000,2021-03-11,8.870000,8.610000,8.670000,1589900
8.548279,8.720000,2021-03-12,8.890000,8.630000,8.890000,1592445
8.469853,8.640000,2021-03-15,8.750000,8.550000,8.720000,1361536
8.744340,8.920000,2021-03-16,8.960000,8.630000,8.630000,2243521
8.665915,8.840000,2021-03-17,9.030000,8.830000,8.900000,1418700
8.469853,8.640000,2021-03-18,8.850000,8.620000,8.800000,1645200
8.479656,8.650000,2021-03-19,8.780000,8.510000,8.600000,1352655
8.685520,8.860000,2021-03-22,8.870000,8.600000,8.660000,1320409
8.607096,8.780000,2021-03-23,8.900000,8.750000,8.810000,1291347
8.587491,8.760000,2021-03-24,8.860000,8.730000,8.750000,1213483
8.597294,8.770000,2021-03-25,8.890000,8.690000,8.740000,1387247
8.616899,8.790000,2021-03-26,8.820000,8.690000,8.810000,999953
8.450248,8.620000,2021-03-29,8.840000,8.580000,8.800000,1620961
8.244383,8.410000,2021-03-30,8.640000,8.400000,8.620000,1902314
8.283595,8.450000,2021-03-31,8.550000,8.380000,8.400000,1718155
8.352217,8.520000,2021-04-01,8.570000,8.410000,8.490000,1047877
8.322807,8.490000,2021-04-02,8.540000,8.430000,8.500000,1203394
8.430641,8.600000,2021-04-06,8.630000,8.440000,8.530000,1222400
8.489459,8.660000,2021-04-07,8.680000,8.590000,8.590000,1337471
8.538475,8.710000,2021-04-08,8.820000,8.650000,8.660000,2087071
8.440444,8.610000,2021-04-09,8.740000,8.560000,8.680000,1460137
8.313004,8.480000,2021-04-12,8.610000,8.460000,8.590000,1386294
8.293399,8.460000,2021-04-13,8.590000,8.430000,8.450000,1417838
8.420838,8.590000,2021-04-14,8.600000,8.450000,8.540000,1051777
8.479656,8.650000,2021-04-15,8.710000,8.550000,8.590000,1430499
8.646308,8.820000,2021-04-16,8.840000,8.600000,8.600000,1620758
8.763946,8.940000,2021-04-19,9.060000,8.850000,8.860000,2511553
8.714931,8.890000,2021-04-20,9.010000,8.840000,8.960000,1383360
8.616899,8.790000,2021-04-21,8.890000,8.730000,8.850000,1750317
8.754143,8.930000,2021-04-22,9.010000,8.800000,8.860000,1884712
8.371823,8.540000,2021-04-23,8.930000,8.500000,8.890000,3080747
8.460051,8.630000,2021-04-26,8.890000,8.530000,8.600000,2678243
8.283595,8.450000,2021-04-27,8.700000,8.360000,8.690000,2302604
8.273791,8.440000,2021-04-28,8.540000,8.360000,8.490000,1521850
8.165958,8.330000,2021-04-29,8.480000,8.320000,8.470000,1961785
7.930684,8.090000,2021-04-30,8.330000,7.990000,8.320000,2522026
7.940488,8.100000,2021-05-06,8.200000,8.050000,8.050000,1172040
7.911078,8.070000,2021-05-07,8.180000,8.060000,8.060000,1129500
7.852261,8.010000,2021-05-10,8.120000,7.940000,8.120000,1403200
8.038518,8.200000,2021-05-11,8.230000,7.960000,8.000000,1824300
8.107140,8.270000,2021-05-12,8.300000,8.130000,8.160000,1349024
8.087534,8.250000,2021-05-13,8.450000,8.220000,8.250000,1944583
8.146352,8.310000,2021-05-14,8.340000,8.240000,8.250000,1432840
8.038518,8.200000,2021-05-17,8.450000,8.150000,8.450000,2151064
8.058125,8.220000,2021-05-18,8.260000,8.100000,8.200000,1217900
8.058125,8.220000,2021-05-19,8.290000,8.130000,8.220000,1080953
8.048322,8.210000,2021-05-20,8.310000,8.000000,8.220000,2246639
8.038518,8.200000,2021-05-21,8.360000,8.180000,8.250000,1820120
7.979701,8.140000,2021-05-24,8.260000,8.140000,8.190000,2736520
7.999306,8.160000,2021-05-25,8.210000,8.090000,8.150000,2750030
8.067926,8.230000,2021-05-26,8.280000,8.120000,8.170000,2690600
8.116943,8.280000,2021-05-27,8.320000,8.210000,8.220000,3137558
8.028715,8.190000,2021-05-28,8.360000,8.160000,8.310000,2166238
8.126746,8.290000,2021-05-31,8.330000,8.210000,8.250000,2025896
8.165958,8.330000,2021-06-01,8.350000,8.250000,8.260000,2387510
7.362106,7.510000,2021-06-02,8.000000,7.500000,7.500000,14525062
7.450334,7.600000,2021-06-03,7.750000,7.450000,7.480000,8586598
7.469940,7.620000,2021-06-04,7.700000,7.520000,7.640000,3860864
7.607183,7.760000,2021-06-07,7.780000,7.560000,7.590000,4076477
8.371823,8.540000,2021-06-08,8.540000,7.710000,7.710000,8857482
8.460051,8.630000,2021-06-09,8.940000,8.400000,8.850000,18068442
8.381626,8.550000,2021-06-10,8.630000,8.410000,8.520000,9623603
8.126746,8.290000,2021-06-11,8.590000,8.250000,8.560000,8093611
8.038518,8.200000,2021-06-15,8.350000,8.180000,8.260000,6098604
8.038518,8.090000,2021-06-16,8.220000,7.970000,8.120000,4636114
7.949091,8.000000,2021-06-17,8.150000,7.840000,8.130000,5282259
8.127946,8.180000,2021-06-18,8.220000,7.930000,8.040000,5217208
8.207437,8.260000,2021-06-21,8.360000,8.150000,8.190000,4433964
8.227309,8.280000,2021-06-22,8.360000,8.170000,8.340000,3333350
8.356482,8.410000,2021-06-23,8.650000,8.190000,8.260000,7382698
9.191136,9.250000,2021-06-24,9.250000,8.300000,8.370000,9513658
8.803617,8.860000,2021-06-25,9.180000,8.740000,9.030000,16083428
8.744000,8.800000,2021-06-28,8.920000,8.680000,8.700000,7357394
8.624764,8.680000,2021-06-29,8.800000,8.570000,8.760000,5285711
8.634700,8.690000,2021-06-30,8.790000,8.630000,8.630000,4237400
8.376355,8.430000,2021-07-01,8.760000,8.410000,8.670000,5413758
8.714191,8.770000,2021-07-02,8.890000,8.390000,8.420000,8838611
8.863236,8.920000,2021-07-05,8.950000,8.720000,8.770000,7045590
8.793682,8.850000,2021-07-06,8.940000,8.750000,8.920000,4635900
9.240818,9.300000,2021-07-07,9.740000,8.760000,8.830000,15675973
9.012281,9.070000,2021-07-08,9.400000,9.010000,9.160000,9922307
9.002346,9.060000,2021-07-09,9.250000,8.930000,9.010000,6687082
9.171264,9.230000,2021-07-12,9.360000,9.050000,9.070000,7425159
9.191136,9.250000,2021-07-13,9.330000,9.170000,9.210000,4713346
8.982472,9.040000,2021-07-14,9.240000,9.030000,9.210000,4598106
8.952664,9.010000,2021-07-15,9.120000,8.740000,9.050000,5350426
8.893045,8.950000,2021-07-16,9.060000,8.910000,9.060000,3070005
9.042091,9.100000,2021-07-19,9.130000,8.700000,8.910000,4850458
9.081837,9.140000,2021-07-20,9.190000,8.960000,8.990000,3643316
9.211010,9.270000,2021-07-21,9.340000,9.080000,9.180000,5125300
9.250755,9.310000,2021-07-22,9.400000,9.140000,9.220000,5690795
9.071900,9.130000,2021-07-23,9.360000,9.070000,9.290000,4764635
8.167691,8.220000,2021-07-26,8.890000,8.220000,8.890000,9514446
7.561573,7.610000,2021-07-27,8.130000,7.560000,8.000000,12815375
7.402591,7.450000,2021-07-28,7.590000,7.270000,7.510000,6572821
7.422463,7.470000,2021-07-29,7.580000,7.360000,7.450000,6278361
7.104500,7.150000,2021-07-30,7.450000,6.970000,7.360000,10244473
7.253546,7.300000,2021-08-02,7.360000,7.070000,7.130000,6248128
7.243609,7.290000,2021-08-03,7.440000,7.250000,7.320000,6459382
7.174054,7.220000,2021-08-04,7.300000,7.170000,7.260000,5955824
7.074691,7.120000,2021-08-05,7.320000,7.100000,7.220000,5565899
6.905773,6.950000,2021-08-06,7.170000,6.860000,7.140000,7077949
6.965391,7.010000,2021-08-09,7.040000,6.940000,6.950000,5529135
7.054818,7.100000,2021-08-10,7.130000,6.950000,7.010000,6835800
7.064754,7.110000,2021-08-11,7.130000,7.040000,7.100000,4366876
7.243609,7.290000,2021-08-12,7.380000,7.100000,7.120000,9411747
7.174054,7.220000,2021-08-13,7.280000,7.180000,7.280000,6471307
7.084628,7.130000,2021-08-16,7.220000,6.950000,7.130000,7955180
6.875964,6.920000,2021-08-17,7.140000,6.900000,7.000000,7231751
6.697109,6.740000,2021-08-18,6.950000,6.650000,6.870000,9224807
6.687173,6.730000,2021-08-19,6.810000,6.690000,6.700000,5188162
6.567936,6.610000,2021-08-20,6.730000,6.520000,6.710000,5120523
6.756728,6.800000,2021-08-23,6.840000,6.580000,6.580000,4475256
6.667300,6.710000,2021-08-24,6.860000,6.690000,6.800000,4196209
6.687173,6.730000,2021-08-25,6.740000,6.660000,6.700000,3907700
6.667300,6.710000,2021-08-26,6.770000,6.670000,6.700000,3029231
6.538127,6.580000,2021-08-27,6.720000,6.450000,6.690000,7206422
6.488446,6.530000,2021-08-30,6.630000,6.500000,6.590000,3725734
5.892263,5.930000,2021-08-31,6.200000,5.880000,6.060000,15224664
5.961818,6.000000,2021-09-01,6.200000,5.950000,5.960000,8733227
6.041309,6.080000,2021-09-02,6.100000,5.930000,5.970000,4574200
6.140673,6.180000,2021-09-03,6.280000,6.080000,6.130000,5417355
6.210227,6.250000,2021-09-06,6.340000,6.150000,6.200000,4759279
6.210227,6.250000,2021-09-07,6.370000,6.230000,6.310000,4042961
6.359273,6.400000,2021-09-08,6.430000,6.260000,6.260000,5122228
6.319528,6.360000,2021-09-09,6.490000,6.310000,6.420000,4297200
6.309591,6.350000,2021-09-10,6.420000,6.200000,6.420000,4938817
6.329463,6.370000,2021-09-13,6.390000,6.260000,6.320000,3682736
6.230100,6.270000,2021-09-14,6.430000,6.260000,6.360000,3085410
6.269845,6.310000,2021-09-15,6.340000,6.210000,6.270000,2232378
6.180418,6.220000,2021-09-16,6.450000,6.170000,6.310000,3684876
6.110864,6.150000,2021-09-17,6.280000,6.040000,6.220000,3729137
6.081055,6.120000,2021-09-22,6.140000,6.040000,6.060000,2395580
6.160545,6.200000,2021-09-23,6.310000,6.140000,6.140000,2515603
6.011500,6.050000,2021-09-24,6.260000,6.040000,6.200000,3812854
5.862455,5.900000,2021-09-27,6.150000,5.860000,6.090000,6291484
5.922073,5.960000,2021-09-28,6.010000,5.820000,5.880000,2881100
5.842582,5.880000,2021-09-29,5.960000,5.850000,5.930000,2019526
5.932009,5.970000,2021-09-30,5.990000,5.880000,5.910000,2122926
6.200291,6.240000,2021-10-08,6.300000,6.000000,6.030000,5103700
6.249973,6.290000,2021-10-11,6.330000,6.220000,6.260000,2846300
6.230100,6.270000,2021-10-12,6.290000,6.190000,6.290000,2680124
6.249973,6.290000,2021-10-13,6.310000,6.220000,6.270000,1925200
6.339400,6.380000,2021-10-14,6.430000,6.240000,6.290000,2691500
6.170482,6.210000,2021-10-15,6.380000,6.190000,6.350000,2339700
6.210227,6.250000,2021-10-18,6.300000,6.140000,6.200000,2019000
6.190355,6.230000,2021-10-19,6.320000,6.180000,6.240000,1731102
6.120800,6.160000,2021-10-20,6.250000,6.150000,6.230000,1486800
5.991628,6.030000,2021-10-21,6.180000,6.000000,6.160000,2113800
5.981691,6.020000,2021-10-22,6.120000,6.020000,6.060000,1320547
6.001564,6.040000,2021-10-25,6.090000,5.960000,6.060000,1601200
5.932009,5.970000,2021-10-26,6.080000,5.940000,6.080000,1990700
5.792900,5.830000,2021-10-27,5.980000,5.820000,5.980000,1835977
5.643855,5.680000,2021-10-28,5.860000,5.670000,5.830000,2162500
6.021436,6.060000,2021-10-29,6.080000,5.760000,5.790000,4268900
6.230100,6.270000,2021-11-01,6.290000,6.000000,6.040000,3914191
6.130736,6.170000,2021-11-02,6.300000,6.110000,6.280000,3177600
6.180418,6.220000,2021-11-03,6.260000,6.120000,6.170000,1858610
6.200291,6.240000,2021-11-04,6.290000,6.200000,6.230000,1813140
6.230100,6.270000,2021-11-05,6.340000,6.230000,6.240000,2597104
6.220164,6.260000,2021-11-08,6.340000,6.230000,6.330000,2505301
6.299655,6.340000,2021-11-09,6.370000,6.230000,6.280000,2778103
6.339400,6.380000,2021-11-10,6.440000,6.300000,6.360000,2895941
6.369209,6.410000,2021-11-11,6.480000,6.330000,6.390000,3093356
6.478509,6.520000,2021-11-12,6.530000,6.380000,6.410000,4803500
6.677236,6.720000,2021-11-15,6.760000,6.470000,6.470000,6452277
6.577873,6.620000,2021-11-16,6.750000,6.610000,6.700000,3730478
6.607682,6.650000,2021-11-17,6.660000,6.600000,6.660000,3101209
6.438764,6.480000,2021-11-18,6.670000,6.450000,6.630000,4178904
6.538127,6.580000,2021-11-19,6.620000,6.400000,6.430000,3703400
6.448700,6.490000,2021-11-22,6.640000,6.410000,6.580000,4980178
6.498382,6.540000,2021-11-23,6.640000,6.480000,6.520000,2777690
6.577873,6.620000,2021-11-24,6.640000,6.510000,6.570000,2615000
6.518255,6.560000,2021-11-25,6.730000,6.550000,6.620000,3046800
6.458636,6.500000,2021-11-26,6.590000,6.430000,6.560000,3496030
6.299655,6.340000,2021-11-29,6.480000,6.290000,6.450000,3655224
6.558000,6.600000,2021-11-30,6.770000,6.380000,6.420000,6975640
6.746791,6.790000,2021-12-01,6.840000,6.590000,6.600000,6404099
6.647428,6.690000,2021-12-02,6.860000,6.690000,6.820000,4262424
6.657363,6.700000,2021-12-03,6.780000,6.660000,6.670000,2967400
6.518255,6.560000,2021-12-06,6.730000,6.520000,6.730000,5084100
6.408955,6.450000,2021-12-07,6.610000,6.410000,6.590000,3763446
6.458636,6.500000,2021-12-08,6.550000,6.430000,6.450000,2376500
6.468573,6.510000,2021-12-09,6.550000,6.430000,6.520000,3025100
6.458636,6.500000,2021-12-10,6.550000,6.430000,6.480000,3112489
6.408955,6.450000,2021-12-13,6.550000,6.410000,6.530000,3502599
6.567936,6.610000,2021-12-14,6.640000,6.410000,6.450000,4735489
6.538127,6.580000,2021-12-15,6.690000,6.570000,6.620000,3165882
6.597745,6.640000,2021-12-16,6.640000,6.560000,6.560000,3060798
6.597745,6.640000,2021-12-17,6.670000,6.570000,6.670000,2508245
6.617618,6.660000,2021-12-20,6.740000,6.650000,6.670000,4026530
6.716982,6.760000,2021-12-21,6.760000,6.640000,6.660000,3575060
6.796473,6.840000,2021-12-22,6.910000,6.760000,6.800000,4696198
6.647428,6.690000,2021-12-23,6.850000,6.680000,6.850000,3591688
6.538127,6.580000,2021-12-24,6.800000,6.560000,6.690000,3577236
6.558000,6.600000,2021-12-27,6.660000,6.540000,6.590000,2439730
7.213800,7.260000,2021-12-28,7.260000,6.650000,6.710000,5095705
7.939154,7.990000,2021-12-29,7.990000,7.400000,7.700000,28981165
8.734064,8.790000,2021-12-30,8.790000,8.330000,8.430000,37202019
7.869600,7.920000,2021-12-31,9.240000,7.910000,9.220000,59683556
7.909346,7.960000,2022-01-04,7.970000,7.310000,7.440000,37233251
7.482082,7.530000,2022-01-05,8.090000,7.530000,7.760000,25552684
7.641064,7.690000,2022-01-06,7.880000,7.510000,7.530000,18968740
7.372782,7.420000,2022-01-07,7.760000,7.420000,7.710000,14982894
7.501955,7.550000,2022-01-10,7.680000,7.390000,7.420000,10424574
7.631127,7.680000,2022-01-11,7.880000,7.440000,7.440000,10737410
7.670873,7.720000,2022-01-12,7.740000,7.570000,7.650000,8503734
8.435972,8.490000,2022-01-13,8.490000,8.400000,8.440000,9047778
8.604891,8.660000,2022-01-14,9.100000,8.100000,8.490000,43335588
9.042091,9.100000,2022-01-17,9.280000,8.390000,8.790000,47492052
8.137881,8.190000,2022-01-18,8.870000,8.190000,8.800000,33145421
8.157755,8.210000,2022-01-19,8.350000,7.780000,7.880000,18658017
8.127946,8.180000,2022-01-20,8.330000,8.020000,8.240000,16433100
8.197500,8.250000,2022-01-21,8.290000,8.000000,8.150000,10332006
8.008710,8.060000,2022-01-24,8.170000,7.530000,7.530000,12479734
7.372782,7.420000,2022-01-25,8.160000,7.380000,8.050000,12842350
7.392654,7.440000,2022-01-26,7.850000,7.310000,7.550000,8755820
7.034945,7.080000,2022-01-27,7.580000,7.050000,7.580000,8026254
7.501955,7.550000,2022-01-28,7.750000,7.090000,7.120000,11145400
7.342973,7.390000,2022-02-07,7.890000,7.310000,7.770000,7075768
7.492018,7.540000,2022-02-08,7.570000,7.280000,7.450000,5776200
8.237246,8.290000,2022-02-09,8.290000,7.490000,7.580000,10670386
8.127946,8.180000,2022-02-10,8.590000,8.100000,8.490000,22852547
7.809982,7.860000,2022-02-11,8.230000,7.860000,8.180000,11947325
7.859663,7.910000,2022-02-14,8.130000,7.840000,7.910000,9977109
8.028582,8.080000,2022-02-15,8.090000,7.750000,7.910000,9191186
7.899409,7.950000,2022-02-16,8.350000,7.860000,8.200000,10877991
7.690745,7.740000,2022-02-17,8.020000,7.680000,7.960000,8960450
7.651000,7.700000,2022-02-18,7.890000,7.630000,7.830000,6553448
8.416101,8.470000,2022-02-21,8.470000,7.650000,7.740000,8786619
8.525400,8.580000,2022-02-22,8.650000,8.240000,8.310000,28379616
8.575082,8.630000,2022-02-23,8.690000,8.420000,8.500000,15600430
8.098136,8.150000,2022-02-24,8.600000,7.970000,8.560000,15474719
8.137881,8.190000,2022-02-25,8.340000,8.110000,8.290000,9356870
8.088201,8.140000,2022-02-28,8.180000,7.970000,8.050000,7556263
8.127946,8.180000,2022-03-01,8.260000,8.090000,8.120000,6776738
8.267055,8.320000,2022-03-02,8.340000,8.070000,8.120000,8001216
8.028582,8.080000,2022-03-03,8.320000,8.060000,8.300000,8514193
8.326673,8.380000,2022-03-04,8.890000,8.030000,8.070000,28217919
8.217373,8.270000,2022-03-07,8.780000,8.200000,8.250000,23151883
9.042091,9.100000,2022-03-08,9.100000,8.150000,8.190000,36883040
9.290501,9.350000,2022-03-09,9.750000,8.680000,9.000000,60728019
9.002346,9.060000,2022-03-10,9.300000,8.840000,9.300000,40035227
8.426036,8.480000,2022-03-11,8.930000,8.180000,8.900000,29118767
8.505527,8.560000,2022-03-14,8.800000,8.210000,8.330000,21628155
7.800045,7.850000,2022-03-15,8.510000,7.830000,8.400000,21068224
8.008710,8.060000,2022-03-16,8.250000,7.510000,7.960000,21335618
8.276991,8.330000,2022-03-17,8.690000,8.050000,8.130000,24848292
8.127946,8.180000,2022-03-18,8.420000,8.140000,8.330000,13316485
8.227309,8.280000,2022-03-21,8.300000,7.820000,8.300000,17742918
7.978900,8.030000,2022-03-22,8.280000,7.980000,8.270000,13215684
8.276991,8.330000,2022-03-23,8.590000,7.850000,8.040000,19235951
7.869600,7.920000,2022-03-24,8.350000,7.910000,8.190000,14936480
7.551636,7.600000,2022-03-25,8.060000,7.590000,7.900000,11108190
7.680809,7.730000,2022-03-28,7.800000,7.300000,7.600000,7914167
7.382718,7.430000,2022-03-29,7.710000,7.410000,7.710000,6942717
7.352909,7.400000,2022-03-30,7.540000,7.290000,7.430000,6852765
7.183991,7.230000,2022-03-31,7.460000,7.220000,7.410000,7269532
7.193927,7.240000,2022-04-01,7.280000,7.130000,7.240000,5362046
7.283354,7.330000,2022-04-06,7.370000,7.110000,7.190000,4633307
6.995200,7.040000,2022-04-07,7.290000,7.010000,7.290000,5826900
6.786536,6.830000,2022-04-08,7.040000,6.780000,6.980000,6000856
6.657363,6.700000,2022-04-11,6.890000,6.640000,6.850000,4916791
6.905773,6.950000,2022-04-12,7.000000,6.640000,6.690000,5146200
6.687173,6.730000,2022-04-13,6.930000,6.700000,6.880000,3572292
6.786536,6.830000,2022-04-14,7.200000,6.770000,7.190000,7255200
6.558000,6.600000,2022-04-15,6.810000,6.520000,6.810000,6590300
6.677236,6.720000,2022-04-18,6.770000,6.430000,6.500000,3896056
6.736855,6.780000,2022-04-19,6.840000,6.570000,6.580000,3154088
6.766664,6.810000,2022-04-20,6.910000,6.750000,6.820000,3889473
6.478509,6.520000,2022-04-21,6.750000,6.500000,6.710000,5158646
6.399018,6.440000,2022-04-22,6.590000,6.330000,6.480000,3959394
5.773027,5.810000,2022-04-25,6.350000,5.800000,6.350000,5456583
5.614046,5.650000,2022-04-26,5.950000,5.470000,5.730000,6421027
5.743218,5.780000,2022-04-27,5.860000,5.380000,5.540000,6276294
6.319528,6.360000,2022-04-28,6.360000,6.000000,6.000000,4770794
6.359273,6.400000,2022-04-29,6.590000,6.360000,6.430000,11855659
6.518255,6.560000,2022-05-05,6.720000,6.300000,6.400000,10856901
6.716982,6.760000,2022-05-06,6.950000,6.370000,6.410000,10598896
6.657363,6.700000,2022-05-09,6.840000,6.650000,6.700000,6326900
6.736855,6.780000,2022-05-10,6.810000,6.600000,6.680000,4681533
6.627555,6.670000,2022-05-11,6.930000,6.670000,6.770000,6268590
6.736855,6.780000,2022-05-12,6.880000,6.640000,6.660000,5414098
6.756728,6.800000,2022-05-13,6.860000,6.710000,6.840000,3836700
6.677236,6.720000,2022-05-16,6.840000,6.690000,6.820000,4520904
6.667300,6.710000,2022-05-17,6.780000,6.650000,6.730000,3447675
6.915709,6.960000,2022-05-18,7.030000,6.690000,6.710000,7229600
6.885900,6.930000,2022-05-19,6.940000,6.810000,6.860000,5130666
6.866027,6.910000,2022-05-20,6.980000,6.830000,6.940000,4277642
6.965391,7.010000,2022-05-23,7.040000,6.900000,6.920000,5018433
6.607682,6.650000,2022-05-24,7.020000,6.640000,6.970000,5065500
6.736855,6.780000,2022-05-25,6.800000,6.600000,6.640000,3717921
6.915709,6.960000,2022-05-26,7.020000,6.680000,6.810000,5728182
6.846155,6.890000,2022-05-27,7.010000,6.820000,7.000000,4223026
6.866027,6.910000,2022-05-30,6.960000,6.830000,6.950000,2895500
6.975327,7.020000,2022-05-31,7.020000,6.800000,6.900000,5497779
7.025009,7.070000,2022-06-01,7.160000,6.960000,6.960000,6167087
7.104500,7.150000,2022-06-02,7.180000,6.970000,7.050000,4473066
7.144246,7.190000,2022-06-06,7.260000,7.110000,7.170000,5225305
7.094563,7.140000,2022-06-07,7.210000,7.070000,7.190000,4164067
7.571509,7.620000,2022-06-08,7.850000,7.100000,7.120000,29008697
7.005136,7.050000,2022-06-09,7.420000,7.000000,7.300000,22508818
7.710618,7.760000,2022-06-10,7.760000,7.080000,7.180000,11609759
8.485655,8.540000,2022-06-13,8.540000,8.040000,8.090000,45730681
8.396227,8.450000,2022-06-14,8.880000,8.050000,8.390000,46714864
7.909346,7.960000,2022-06-15,8.360000,7.960000,8.310000,31969692
8.028582,8.080000,2022-06-16,8.090000,7.850000,7.880000,18087643
7.919281,7.970000,2022-06-17,8.000000,7.760000,7.930000,16845466
8.008710,8.060000,2022-06-20,8.160000,7.850000,7.970000,14938291
7.790109,7.840000,2022-06-21,7.990000,7.750000,7.980000,11630890
7.352909,7.400000,2022-06-22,7.680000,7.350000,7.600000,18777711
7.482082,7.530000,2022-06-23,7.580000,7.410000,7.420000,10280202
7.720554,7.770000,2022-06-24,7.810000,7.500000,7.590000,11164619
7.680809,7.730000,2022-06-27,7.800000,7.640000,7.770000,8843802
7.760300,7.810000,2022-06-28,7.860000,7.640000,7.840000,8163348
7.730491,7.780000,2022-06-29,8.100000,7.720000,7.830000,13719502
7.720554,7.770000,2022-06-30,7.940000,7.680000,7.720000,9208218
7.571509,7.620000,2022-07-01,7.840000,7.600000,7.720000,6714090
7.551636,7.600000,2022-07-04,7.690000,7.500000,7.680000,5343771
7.402591,7.450000,2022-07-05,7.650000,7.330000,7.590000,7621836
7.422463,7.470000,2022-07-06,7.530000,7.370000,7.480000,4976500
7.551636,7.600000,2022-07-07,7.620000,7.400000,7.480000,5876875
7.690745,7.740000,2022-07-08,7.790000,7.530000,7.560000,7026214
7.750364,7.800000,2022-07-11,7.870000,7.610000,7.700000,7208371
7.581446,7.630000,2022-07-12,7.850000,7.560000,7.830000,5806999
7.770236,7.820000,2022-07-13,7.830000,7.580000,7.580000,6372070
7.690745,7.740000,2022-07-14,7.900000,7.720000,7.810000,5417947
7.462209,7.510000,2022-07-15,7.800000,7.500000,7.730000,7127000
7.829854,7.880000,2022-07-18,7.900000,7.530000,7.560000,10206807
7.968964,8.020000,2022-07-19,8.070000,7.820000,7.820000,8325324
8.058391,8.110000,2022-07-20,8.160000,7.920000,8.030000,8519600
7.929218,7.980000,2022-07-21,8.180000,7.960000,8.080000,6030800
7.939154,7.990000,2022-07-22,8.120000,7.840000,8.050000,5375300
7.829854,7.880000,2022-07-25,8.090000,7.800000,8.080000,5165155
7.879536,7.930000,2022-07-26,7.970000,7.820000,7.940000,4591094
8.257118,8.310000,2022-07-27,8.470000,7.880000,7.930000,15103148
8.068327,8.120000,2022-07-28,8.300000,8.090000,8.300000,13174900
7.959028,8.010000,2022-07-29,8.180000,7.970000,8.160000,6709904
8.068327,8.120000,2022-08-01,8.130000,7.910000,7.980000,6905912
7.611254,7.660000,2022-08-02,8.090000,7.540000,8.090000,10323199
7.303227,7.350000,2022-08-03,7.820000,7.290000,7.290000,11286281
7.710618,7.760000,2022-08-04,7.760000,7.360000,7.440000,9938900
7.859663,7.910000,2022-08-05,7.990000,7.690000,7.780000,8817900
8.068327,8.120000,2022-08-08,8.190000,7.880000,8.020000,11602899
8.088201,8.140000,2022-08-09,8.220000,7.980000,8.170000,7553244
8.108072,8.160000,2022-08-10,8.220000,8.090000,8.180000,6513700
8.227309,8.280000,2022-08-11,8.420000,8.160000,8.220000,9783911
8.028582,8.080000,2022-08-12,8.380000,8.060000,8.320000,8060311
8.018645,8.070000,2022-08-15,8.120000,7.930000,8.070000,5800311
8.048455,8.100000,2022-08-16,8.150000,7.990000,8.150000,5912500
8.157755,8.210000,2022-08-17,8.230000,8.030000,8.140000,7997887
8.197500,8.250000,2022-08-18,8.320000,8.080000,8.120000,7741800
7.998773,8.050000,2022-08-19,8.470000,8.000000,8.270000,8185600
8.038518,8.090000,2022-08-22,8.230000,7.930000,8.120000,7492153
8.217373,8.270000,2022-08-23,8.290000,8.030000,8.090000,7033013
7.800045,7.850000,2022-08-24,8.310000,7.850000,8.260000,10007100
7.680809,7.730000,2022-08-25,7.940000,7.630000,7.940000,6957971
7.829854,7.880000,2022-08-26,8.060000,7.750000,7.850000,7591683
7.819918,7.870000,2022-08-29,7.910000,7.610000,7.830000,4579906
7.869600,7.920000,2022-08-30,8.220000,7.840000,7.870000,10544323
7.511891,7.560000,2022-08-31,8.050000,7.420000,7.910000,9939160
7.551636,7.600000,2022-09-01,7.980000,7.510000,7.510000,9092308
7.949091,8.000000,2022-09-02,8.190000,7.650000,7.700000,14151686
7.978900,8.030000,2022-09-05,8.130000,7.880000,8.020000,9968124
8.018645,8.070000,2022-09-06,8.120000,7.960000,8.070000,6224100
8.058391,8.110000,2022-09-07,8.250000,8.060000,8.070000,7207447
7.869600,7.920000,2022-09-08,8.180000,7.910000,8.040000,5823890
7.750364,7.800000,2022-09-09,7.990000,7.650000,7.960000,7384000
7.670873,7.720000,2022-09-13,7.920000,7.660000,7.780000,5357443
7.511891,7.560000,2022-09-14,7.630000,7.410000,7.570000,6311748
7.193927,7.240000,2022-09-15,7.620000,7.100000,7.610000,8731415
6.885900,6.930000,2022-09-16,7.240000,6.920000,7.230000,6385429
6.677236,6.720000,2022-09-19,6.950000,6.670000,6.950000,5375366
6.736855,6.780000,2022-09-20,6.910000,6.740000,6.790000,4017642
6.786536,6.830000,2022-09-21,6.880000,6.630000,6.760000,3680393
6.786536,6.830000,2022-09-22,6.940000,6.750000,6.830000,3527443
6.617618,6.660000,2022-09-23,6.880000,6.590000,6.830000,4760500
6.478509,6.520000,2022-09-26,6.660000,6.490000,6.580000,5078191
6.667300,6.710000,2022-09-27,6.710000,6.500000,6.500000,3711690
6.438764,6.480000,2022-09-28,6.710000,6.470000,6.650000,5024800
6.448700,6.490000,2022-09-29,6.690000,6.450000,6.540000,4453048
6.379146,6.420000,2022-09-30,6.550000,6.390000,6.510000,3814221
6.259909,6.300000,2022-10-10,6.500000,6.260000,6.500000,4443072
6.319528,6.360000,2022-10-11,6.410000,6.250000,6.330000,3006800
6.657363,6.700000,2022-10-12,6.770000,6.290000,6.390000,6876020
6.796473,6.840000,2022-10-13,6.970000,6.640000,6.640000,7022559
6.895836,6.940000,2022-10-14,7.040000,6.860000,6.890000,4848415
7.005136,7.050000,2022-10-17,7.080000,6.870000,6.940000,4080230
7.054818,7.100000,2022-10-18,7.140000,6.980000,7.100000,3764775
7.134309,7.180000,2022-10-19,7.260000,7.010000,7.120000,4952700
7.164118,7.210000,2022-10-20,7.250000,7.060000,7.100000,3739613
7.144246,7.190000,2022-10-21,7.260000,7.090000,7.210000,3437000
7.015073,7.060000,2022-10-24,7.300000,7.000000,7.200000,4192200
6.995200,7.040000,2022-10-25,7.150000,6.910000,7.050000,4336458
7.213800,7.260000,2022-10-26,7.340000,7.060000,7.060000,4813365
7.193927,7.240000,2022-10-27,7.410000,7.230000,7.310000,4251100
6.915709,6.960000,2022-10-28,7.320000,6.910000,7.270000,5206000
7.044882,7.090000,2022-10-31,7.190000,6.880000,6.900000,4928949
7.134309,7.180000,2022-11-01,7.230000,7.060000,7.130000,3775873
7.203864,7.250000,2022-11-02,7.270000,7.120000,7.190000,5091585
7.154181,7.200000,2022-11-03,7.300000,7.150000,7.250000,3967632
7.223736,7.270000,2022-11-04,7.290000,7.160000,7.260000,4620539
7.203864,7.250000,2022-11-07,7.310000,7.180000,7.250000,4107653
7.263482,7.310000,2022-11-08,7.310000,7.100000,7.210000,5088368
7.203864,7.250000,2022-11-09,7.320000,7.220000,7.300000,3496778
7.124373,7.170000,2022-11-10,7.270000,7.160000,7.210000,3669178
6.677236,6.720000,2022-11-11,6.940000,6.630000,6.670000,20974115
6.786536,6.830000,2022-11-14,6.950000,6.660000,6.660000,14112601
7.084628,7.130000,2022-11-15,7.130000,6.810000,6.810000,7015283
7.025009,7.070000,2022-11-16,7.240000,6.980000,7.110000,5060611
7.144246,7.190000,2022-11-17,7.190000,7.000000,7.060000,4549500
7.134309,7.180000,2022-11-18,7.410000,7.170000,7.210000,6354913
6.985264,7.030000,2022-11-21,7.360000,6.980000,7.220000,5968108
6.925645,6.970000,2022-11-22,7.130000,6.920000,7.030000,4688147
6.776600,6.820000,2022-11-23,7.050000,6.780000,6.960000,4742000
6.697109,6.740000,2022-11-24,6.920000,6.710000,6.830000,4183572
6.548064,6.590000,2022-11-25,6.760000,6.580000,6.750000,4674600
6.448700,6.490000,2022-11-28,6.590000,6.400000,6.510000,4447645
6.558000,6.600000,2022-11-29,6.620000,6.460000,6.460000,4063641
6.558000,6.600000,2022-11-30,6.650000,6.550000,6.620000,3578700
6.587809,6.630000,2022-12-01,6.690000,6.600000,6.620000,3495465
6.687173,6.730000,2022-12-02,6.770000,6.580000,6.640000,4861170
6.776600,6.820000,2022-12-05,6.820000,6.730000,6.740000,4555207
6.657363,6.700000,2022-12-06,6.840000,6.680000,6.780000,3765173
6.627555,6.670000,2022-12-07,6.710000,6.650000,6.700000,2709714
6.558000,6.600000,2022-12-08,6.700000,6.590000,6.690000,3029057
6.468573,6.510000,2022-12-09,6.630000,6.510000,6.620000,3264347
6.478509,6.520000,2022-12-12,6.550000,6.460000,6.520000,3136700
6.359273,6.400000,2022-12-13,6.550000,6.390000,6.520000,3370300
6.349336,6.390000,2022-12-14,6.500000,6.370000,6.390000,3111800
6.468573,6.510000,2022-12-15,6.520000,6.350000,6.380000,3457091
6.289718,6.330000,2022-12-16,6.480000,6.310000,6.460000,4082500
6.090991,6.130000,2022-12-19,6.330000,6.100000,6.320000,4160900
6.110864,6.150000,2022-12-20,6.200000,6.060000,6.130000,2593600
6.011500,6.050000,2022-12-21,6.190000,6.030000,6.190000,3172975
5.922073,5.960000,2022-12-22,6.100000,5.940000,6.100000,3017820
6.081055,6.120000,2022-12-23,6.140000,5.930000,5.950000,3350838
6.051246,6.090000,2022-12-26,6.170000,6.070000,6.160000,2522600
6.041309,6.080000,2022-12-27,6.130000,6.010000,6.120000,2537903
5.941946,5.980000,2022-12-28,6.070000,5.930000,6.060000,2720200
5.902200,5.940000,2022-12-29,6.020000,5.930000,5.970000,2076014
5.981691,6.020000,2022-12-30,6.040000,5.930000,5.980000,2882797
6.249973,6.290000,2023-01-03,6.310000,5.980000,5.980000,6131111
6.299655,6.340000,2023-01-04,6.340000,6.270000,6.310000,3494900
6.289718,6.330000,2023-01-05,6.360000,6.290000,6.350000,2876300
6.289718,6.330000,2023-01-06,6.410000,6.290000,6.300000,3465900
6.309591,6.350000,2023-01-09,6.410000,6.300000,6.350000,2846875
6.269845,6.310000,2023-01-10,6.350000,6.290000,6.310000,1754000
6.220164,6.260000,2023-01-11,6.390000,6.230000,6.340000,3357200
6.230100,6.270000,2023-01-12,6.330000,6.230000,6.260000,2143206
6.279782,6.320000,2023-01-13,6.360000,6.270000,6.310000,2312475
6.339400,6.380000,2023-01-16,6.430000,6.310000,6.310000,2802538
6.975327,7.020000,2023-01-17,7.020000,6.900000,6.900000,7824297
6.965391,7.010000,2023-01-18,7.500000,6.750000,7.190000,36334342
6.746791,6.790000,2023-01-19,6.970000,6.780000,6.950000,18079266
6.806409,6.850000,2023-01-20,6.930000,6.820000,6.850000,11879793
7.064754,7.110000,2023-01-30,7.150000,6.950000,6.950000,13178374
7.104500,7.150000,2023-01-31,7.170000,7.050000,7.140000,8069424
7.263482,7.310000,2023-02-01,7.330000,7.160000,7.190000,8097582
7.213800,7.260000,2023-02-02,7.390000,7.240000,7.310000,7917941
7.253546,7.300000,2023-02-03,7.350000,7.190000,7.240000,6695320
7.352909,7.400000,2023-02-06,7.520000,7.260000,7.270000,7797546
7.372782,7.420000,2023-02-07,7.460000,7.280000,7.380000,5638700
7.323100,7.370000,2023-02-08,7.490000,7.330000,7.490000,4127052
7.472146,7.520000,2023-02-09,7.550000,7.320000,7.320000,5485982
7.482082,7.530000,2023-02-10,7.670000,7.480000,7.480000,4668453
7.422463,7.470000,2023-02-13,7.560000,7.410000,7.510000,4509568
7.422463,7.470000,2023-02-14,7.540000,7.450000,7.490000,3886339
7.611254,7.660000,2023-02-15,7.720000,7.450000,7.460000,6208045
7.362845,7.410000,2023-02-16,7.670000,7.330000,7.660000,6069770
7.283354,7.330000,2023-02-17,7.520000,7.310000,7.410000,5559400
7.412528,7.460000,2023-02-20,7.500000,7.320000,7.350000,3766553
7.412528,7.460000,2023-02-21,7.550000,7.370000,7.490000,4017050
7.501955,7.550000,2023-02-22,7.580000,7.370000,7.430000,4102700
7.432400,7.480000,2023-02-23,7.580000,7.430000,7.540000,3529485
7.462209,7.510000,2023-02-24,7.540000,7.430000,7.490000,2776430
7.492018,7.540000,2023-02-27,7.620000,7.460000,7.480000,5037400
7.621191,7.670000,2023-02-28,7.790000,7.540000,7.590000,6132658
8.386291,8.440000,2023-03-01,8.440000,7.620000,7.720000,16741821
8.475718,8.530000,2023-03-02,9.200000,8.490000,8.770000,67276422
8.207437,8.260000,2023-03-03,8.680000,8.190000,8.340000,41226243
8.296865,8.350000,2023-03-06,8.860000,8.210000,8.210000,27949698
8.118010,8.170000,2023-03-07,8.490000,8.170000,8.420000,22310926
8.604891,8.660000,2023-03-08,8.750000,8.150000,8.150000,34317219
8.654572,8.710000,2023-03-09,9.100000,8.530000,8.830000,39973700
8.724127,8.780000,2023-03-10,9.170000,8.650000,8.710000,29994476
8.594954,8.650000,2023-03-13,8.970000,8.530000,8.530000,25095257
8.545273,8.600000,2023-03-14,8.800000,8.180000,8.600000,23141985
8.406164,8.460000,2023-03-15,8.740000,8.440000,8.680000,16889316
8.276991,8.330000,2023-03-16,8.550000,8.300000,8.470000,11998447
8.614827,8.670000,2023-03-17,8.830000,8.400000,8.400000,20183699
8.475718,8.530000,2023-03-20,8.740000,8.500000,8.630000,15502224
8.545273,8.600000,2023-03-21,8.630000,8.450000,8.500000,9322425
8.902982,8.960000,2023-03-22,9.180000,8.570000,8.600000,21840590
8.893045,8.950000,2023-03-23,8.980000,8.770000,8.880000,15889451
8.992410,9.050000,2023-03-24,9.150000,8.900000,8.950000,18189692
9.032155,9.090000,2023-03-27,9.380000,8.920000,8.950000,19616137
8.833427,8.890000,2023-03-28,9.080000,8.760000,9.000000,12280098
9.489227,9.550000,2023-03-29,9.650000,8.830000,8.920000,32086757
9.141455,9.200000,2023-03-30,9.460000,8.960000,9.400000,27688360
9.002346,9.060000,2023-03-31,9.120000,8.770000,9.110000,20257052
9.091772,9.150000,2023-04-03,9.180000,8.880000,9.050000,22278989
9.191136,9.250000,2023-04-04,9.330000,9.030000,9.150000,28043177
9.091772,9.150000,2023-04-06,9.300000,8.940000,9.090000,22659969
9.211010,9.270000,2023-04-07,9.320000,8.950000,9.200000,24954129
8.674445,8.730000,2023-04-10,9.250000,8.700000,9.240000,24792155
8.744000,8.800000,2023-04-11,9.100000,8.720000,8.790000,17320667
8.893045,8.950000,2023-04-12,9.010000,8.630000,8.790000,16196441
8.485655,8.540000,2023-04-13,8.920000,8.500000,8.900000,17529034
8.505527,8.560000,2023-04-14,8.700000,8.410000,8.590000,12132580
8.316736,8.370000,2023-04-17,8.570000,8.320000,8.480000,9327664
8.575082,8.630000,2023-04-18,8.740000,8.290000,8.340000,13166517
8.922854,8.980000,2023-04-19,9.150000,8.540000,8.600000,20671652
9.121582,9.180000,2023-04-20,9.210000,8.890000,8.940000,19327757
8.674445,8.730000,2023-04-21,9.350000,8.720000,9.060000,17465934
8.684381,8.740000,2023-04-24,8.980000,8.500000,8.700000,14637264
8.326673,8.380000,2023-04-25,8.730000,8.240000,8.680000,13575371
7.492018,7.540000,2023-04-26,7.980000,7.540000,7.840000,13515930
7.094563,7.140000,2023-04-27,7.340000,6.900000,7.230000,18760030
7.452273,7.500000,2023-04-28,7.560000,7.180000,7.190000,14467475
7.452273,7.500000,2023-05-04,7.580000,7.220000,7.410000,13946230
7.323100,7.370000,2023-05-05,7.520000,7.260000,7.420000,9701800
7.422463,7.470000,2023-05-08,7.590000,7.300000,7.370000,8790323
7.183991,7.230000,2023-05-09,7.520000,7.230000,7.380000,7962723
7.154181,7.200000,2023-05-10,7.380000,7.170000,7.230000,6954592
7.154181,7.200000,2023-05-11,7.280000,7.100000,7.190000,5301256
7.084628,7.130000,2023-05-12,7.270000,7.100000,7.180000,4024011
7.084628,7.130000,2023-05-15,7.160000,6.930000,7.090000,5033065
6.965391,7.010000,2023-05-16,7.140000,6.980000,7.130000,5221398
7.104500,7.150000,2023-05-17,7.160000,6.980000,7.010000,4629365
7.333036,7.380000,2023-05-18,7.420000,7.160000,7.170000,8252660
7.352909,7.400000,2023-05-19,7.450000,7.310000,7.400000,5167482
7.213800,7.260000,2023-05-22,7.350000,7.200000,7.350000,5170668
7.124373,7.170000,2023-05-23,7.290000,7.120000,7.210000,5752611
7.203864,7.250000,2023-05-24,7.350000,7.080000,7.120000,5165980
7.323100,7.370000,2023-05-25,7.540000,7.200000,7.260000,8947429
7.462209,7.510000,2023-05-26,7.680000,7.320000,7.330000,10342313
7.680809,7.730000,2023-05-29,7.900000,7.500000,7.520000,11471143
8.445910,8.500000,2023-05-30,8.500000,7.560000,7.740000,16535789
9.290501,9.350000,2023-05-31,9.350000,9.350000,9.350000,7223614
8.744000,8.800000,2023-06-01,9.780000,8.710000,9.780000,62195361
8.230000,8.230000,2023-06-02,8.650000,8.200000,8.400000,39074195
8.440000,8.440000,2023-06-05,8.690000,8.230000,8.300000,30425114
8.290000,8.290000,2023-06-06,8.650000,8.240000,8.460000,21882495
8.520000,8.520000,2023-06-07,8.650000,8.180000,8.310000,19688777
8.660000,8.660000,2023-06-08,8.850000,8.320000,8.480000,22249489
8.980000,8.980000,2023-06-09,9.250000,8.410000,8.500000,34619772
8.980000,8.980000,2023-06-12,9.150000,8.840000,8.990000,21363730
8.880000,8.880000,2023-06-13,9.050000,8.750000,8.960000,15419154
9.070000,9.070000,2023-06-14,9.170000,8.850000,8.900000,20006860
9.980000,9.980000,2023-06-15,9.980000,8.920000,9.010000,10835961
9.600000,9.600000,2023-06-16,10.270000,9.280000,10.270000,59152053
9.300000,9.300000,2023-06-19,9.580000,9.240000,9.310000,37481696
9.020000,9.020000,2023-06-20,9.300000,8.930000,9.250000,30157260
8.830000,8.830000,2023-06-21,8.990000,8.620000,8.930000,19585859
8.450000,8.450000,2023-06-26,8.870000,8.420000,8.660000,13266943
8.820000,8.820000,2023-06-27,8.870000,8.450000,8.450000,13141729
8.870000,8.870000,2023-06-28,8.890000,8.410000,8.830000,13308560
9.090000,9.090000,2023-06-29,9.170000,8.810000,8.810000,14257354
9.420000,9.420000,2023-06-30,9.650000,8.960000,9.050000,22127970
9.390000,9.390000,2023-07-03,9.630000,9.280000,9.460000,14354328
9.360000,9.360000,2023-07-04,9.470000,9.290000,9.370000,8378372
9.160000,9.160000,2023-07-05,9.530000,9.120000,9.320000,7902017
9.320000,9.320000,2023-07-06,9.500000,9.110000,9.120000,9731969
9.060000,9.060000,2023-07-07,9.320000,8.950000,9.320000,9104561
8.830000,8.830000,2023-07-10,9.140000,8.740000,9.100000,7333715
8.830000,8.830000,2023-07-11,8.930000,8.780000,8.850000,4944519
8.410000,8.410000,2023-07-12,8.880000,8.390000,8.810000,8530045
8.550000,8.550000,2023-07-13,8.570000,8.400000,8.420000,5545800
8.630000,8.630000,2023-07-14,8.810000,8.520000,8.520000,5984084
8.450000,8.450000,2023-07-17,8.580000,8.340000,8.570000,6229600
8.250000,8.250000,2023-07-18,8.520000,8.220000,8.520000,5534094
8.130000,8.130000,2023-07-19,8.340000,8.090000,8.250000,5282422
7.890000,7.890000,2023-07-20,8.170000,7.860000,8.130000,5498507
7.830000,7.830000,2023-07-21,8.020000,7.800000,7.890000,6658934
7.980000,7.980000,2023-07-24,8.070000,7.780000,7.850000,4673086
8.000000,8.000000,2023-07-25,8.090000,7.900000,8.020000,5257204
7.840000,7.840000,2023-07-26,8.030000,7.810000,8.000000,3754100
7.710000,7.710000,2023-07-27,7.880000,7.690000,7.690000,4175800
7.720000,7.720000,2023-07-28,7.810000,7.660000,7.710000,4428400
7.790000,7.790000,2023-07-31,7.860000,7.710000,7.710000,4976817
7.830000,7.830000,2023-08-01,7.850000,7.680000,7.770000,5455300
7.960000,7.960000,2023-08-02,7.970000,7.760000,7.810000,6624500
7.840000,7.840000,2023-08-03,8.010000,7.820000,7.880000,6050251
8.080000,8.080000,2023-08-04,8.120000,7.820000,7.830000,8446517
8.050000,8.050000,2023-08-07,8.160000,8.030000,8.060000,4709065
8.060000,8.060000,2023-08-08,8.200000,8.020000,8.060000,4957411
7.820000,7.820000,2023-08-09,8.040000,7.780000,8.030000,4954900
7.820000,7.820000,2023-08-10,7.900000,7.770000,7.810000,3081497
7.650000,7.650000,2023-08-11,7.860000,7.640000,7.830000,3673805
7.820000,7.820000,2023-08-14,7.830000,7.560000,7.650000,3321000
7.720000,7.720000,2023-08-15,7.920000,7.670000,7.920000,3243765
7.610000,7.610000,2023-08-16,7.810000,7.580000,7.730000,3660405
7.790000,7.790000,2023-08-17,7.820000,7.540000,7.610000,4281600
7.440000,7.440000,2023-08-18,7.860000,7.400000,7.840000,6095400
7.530000,7.530000,2023-08-21,7.680000,7.450000,7.450000,5269204
7.660000,7.660000,2023-08-22,7.700000,7.490000,7.600000,4454304
7.530000,7.530000,2023-08-23,7.690000,7.470000,7.610000,3994100
7.450000,7.450000,2023-08-24,7.650000,7.440000,7.650000,3732300
7.160000,7.160000,2023-08-25,7.410000,7.140000,7.340000,4611400
7.240000,7.240000,2023-08-28,7.610000,7.220000,7.550000,4874581
7.490000,7.490000,2023-08-29,7.530000,7.240000,7.240000,4465995
7.650000,7.650000,2023-08-30,7.730000,7.550000,7.550000,5307618
7.610000,7.610000,2023-08-31,7.720000,7.580000,7.720000,3364900
7.600000,7.600000,2023-09-01,7.760000,7.570000,7.760000,3747013
7.740000,7.740000,2023-09-04,7.760000,7.550000,7.610000,4959400
7.790000,7.790000,2023-09-05,7.890000,7.700000,7.740000,4624795
7.940000,7.940000,2023-09-06,7.950000,7.720000,7.770000,4882300
7.930000,7.930000,2023-09-07,8.050000,7.870000,7.930000,5714500
8.020000,8.020000,2023-09-08,8.030000,7.710000,7.900000,6651858
8.010000,8.010000,2023-09-11,8.040000,7.860000,7.980000,6113495
8.130000,8.130000,2023-09-12,8.330000,7.920000,7.950000,11545311
7.930000,7.930000,2023-09-13,8.130000,7.800000,8.040000,9549887
8.240000,8.240000,2023-09-14,8.720000,8.020000,8.020000,39093837
7.900000,7.900000,2023-09-15,8.110000,7.850000,8.070000,26566963
7.800000,7.800000,2023-09-18,7.850000,7.410000,7.620000,14712594
7.540000,7.540000,2023-09-19,7.790000,7.460000,7.770000,11394196
7.490000,7.490000,2023-09-20,7.720000,7.480000,7.550000,7604697
7.730000,7.730000,2023-09-21,7.870000,7.430000,7.480000,11258545
8.090000,8.090000,2023-09-22,8.090000,7.620000,7.700000,12478293
8.130000,8.130000,2023-09-25,8.240000,8.000000,8.000000,12529210
8.030000,8.030000,2023-09-26,8.130000,7.960000,8.080000,7255310
7.910000,7.910000,2023-09-27,8.110000,7.860000,7.900000,8444710
8.170000,8.170000,2023-09-28,8.210000,7.920000,7.950000,9343976
8.290000,8.290000,2023-10-09,8.380000,8.100000,8.190000,12386219
8.300000,8.300000,2023-10-10,8.390000,8.230000,8.290000,9452800
8.350000,8.350000,2023-10-11,8.440000,8.200000,8.340000,8868100
8.370000,8.370000,2023-10-12,8.500000,8.290000,8.500000,7379974
8.490000,8.490000,2023-10-13,8.630000,8.250000,8.290000,10299532
8.410000,8.410000,2023-10-16,8.500000,8.310000,8.480000,7611075
8.380000,8.380000,2023-10-17,8.490000,8.300000,8.390000,5724923
8.250000,8.250000,2023-10-18,8.390000,8.110000,8.300000,8456792
8.190000,8.190000,2023-10-19,8.380000,8.160000,8.190000,6849304
7.990000,7.990000,2023-10-20,8.330000,7.960000,8.130000,6734898
7.830000,7.830000,2023-10-23,8.120000,7.790000,7.970000,6792100
7.930000,7.930000,2023-10-24,8.000000,7.790000,7.910000,6041395
8.120000,8.120000,2023-10-25,8.240000,7.890000,8.000000,7645896
8.340000,8.340000,2023-10-26,8.400000,8.000000,8.080000,10454826
7.950000,7.950000,2023-10-27,8.380000,7.770000,8.260000,17237696
8.100000,8.100000,2023-10-30,8.120000,7.780000,7.840000,11776900
7.970000,7.970000,2023-10-31,8.200000,7.920000,8.100000,7687844
8.770000,8.770000,2023-11-01,8.770000,7.940000,7.970000,39637363
8.540000,8.540000,2023-11-02,9.650000,8.480000,9.230000,68839126
8.640000,8.640000,2023-11-03,8.790000,8.440000,8.440000,48458138
8.670000,8.670000,2023-11-06,8.720000,8.500000,8.560000,35450036
8.730000,8.730000,2023-11-07,8.830000,8.620000,8.650000,26376493
8.870000,8.870000,2023-11-08,8.970000,8.550000,8.670000,29242090
8.640000,8.640000,2023-11-09,8.910000,8.600000,8.840000,17275294
8.670000,8.670000,2023-11-10,8.770000,8.580000,8.640000,12179268
8.930000,8.930000,2023-11-13,9.030000,8.730000,8.730000,24818150
8.960000,8.960000,2023-11-14,8.980000,8.780000,8.860000,15441097
8.940000,8.940000,2023-11-15,9.030000,8.830000,8.960000,13779614
8.910000,8.910000,2023-11-16,9.100000,8.860000,8.880000,12541367
8.900000,8.900000,2023-11-17,8.930000,8.810000,8.900000,10258195
8.860000,8.860000,2023-11-20,9.010000,8.840000,8.900000,11791456
8.690000,8.690000,2023-11-21,8.940000,8.650000,8.890000,13294461
8.510000,8.510000,2023-11-22,8.730000,8.510000,8.650000,10418524
8.750000,8.750000,2023-11-23,8.760000,8.500000,8.570000,9735300
8.620000,8.620000,2023-11-24,8.930000,8.560000,8.930000,9645081
8.650000,8.650000,2023-11-27,8.810000,8.560000,8.600000,7969400
8.710000,8.710000,2023-11-28,8.760000,8.570000,8.620000,6608100
8.900000,8.900000,2023-11-29,9.210000,8.640000,8.690000,22704141
9.070000,9.070000,2023-11-30,9.350000,8.770000,8.790000,30194855
9.100000,9.100000,2023-12-01,9.200000,8.750000,9.100000,22114313
9.070000,9.070000,2023-12-04,9.240000,8.970000,9.210000,16126750
9.410000,9.410000,2023-12-05,9.980000,9.030000,9.100000,58355237
9.250000,9.250000,2023-12-06,10.170000,9.160000,9.300000,45476908
10.180000,10.180000,2023-12-07,10.180000,8.890000,9.130000,62639033
10.180000,10.180000,2023-12-08,10.660000,9.690000,10.080000,77185622
10.090000,10.090000,2023-12-11,10.140000,9.620000,10.010000,43626220
9.930000,9.930000,2023-12-12,10.000000,9.760000,9.880000,30952018
10.010000,10.010000,2023-12-13,10.590000,9.770000,9.900000,38679290
11.010000,11.010000,2023-12-14,11.010000,9.790000,9.900000,83058641
10.150000,10.150000,2023-12-15,10.680000,10.120000,10.600000,61035555
9.300000,9.300000,2023-12-18,10.360000,9.250000,10.010000,44015232
8.940000,8.940000,2023-12-19,9.350000,8.800000,9.300000,30118299
8.330000,8.330000,2023-12-20,8.980000,8.300000,8.940000,35833313
8.230000,8.230000,2023-12-21,8.320000,8.050000,8.210000,21167396
7.960000,7.960000,2023-12-22,8.270000,7.910000,8.210000,20467008
7.990000,7.990000,2023-12-25,8.120000,7.900000,7.920000,10329393
7.710000,7.710000,2023-12-26,8.000000,7.680000,7.990000,12089475
7.850000,7.850000,2023-12-27,7.870000,7.720000,7.730000,9216153
8.030000,8.030000,2023-12-28,8.080000,7.780000,7.820000,11672531
8.150000,8.150000,2023-12-29,8.190000,7.940000,8.000000,11431353
8.070000,8.070000,2024-01-02,8.180000,8.060000,8.140000,8138329
7.980000,7.980000,2024-01-03,8.080000,7.880000,8.010000,9118953
8.020000,8.020000,2024-01-04,8.050000,7.880000,7.970000,6806311
7.740000,7.740000,2024-01-05,8.030000,7.700000,8.030000,8363532
7.660000,7.660000,2024-01-08,7.850000,7.650000,7.760000,6522350
7.860000,7.860000,2024-01-09,7.960000,7.680000,7.710000,11156575
7.610000,7.610000,2024-01-10,7.830000,7.590000,7.820000,7248808
7.860000,7.860000,2024-01-11,7.890000,7.590000,7.620000,8074209
7.770000,7.770000,2024-01-12,7.880000,7.740000,7.850000,6164577
7.710000,7.710000,2024-01-15,7.790000,7.630000,7.750000,4822196
7.640000,7.640000,2024-01-16,7.720000,7.500000,7.720000,6094089
7.430000,7.430000,2024-01-17,7.700000,7.430000,7.610000,4586398
7.420000,7.420000,2024-01-18,7.440000,7.170000,7.400000,8342616
7.310000,7.310000,2024-01-19,7.470000,7.290000,7.410000,5028093
6.860000,6.860000,2024-01-22,7.400000,6.840000,7.270000,7693055
6.910000,6.910000,2024-01-23,7.030000,6.770000,6.840000,6271849
7.070000,7.070000,2024-01-24,7.110000,6.730000,6.920000,6938398
7.330000,7.330000,2024-01-25,7.350000,6.990000,7.120000,7498252
7.340000,7.340000,2024-01-26,7.490000,7.310000,7.330000,6003438
7.020000,7.020000,2024-01-29,7.490000,7.020000,7.490000,6202467
6.660000,6.660000,2024-01-30,7.000000,6.650000,6.980000,6682900
6.140000,6.140000,2024-01-31,6.650000,6.110000,6.580000,9762177
6.100000,6.100000,2024-02-01,6.270000,5.960000,6.130000,6538194
5.730000,5.730000,2024-02-02,6.290000,5.490000,6.130000,9586338
5.160000,5.160000,2024-02-05,5.670000,5.160000,5.670000,8643700
4.730000,4.730000,2024-02-06,5.000000,4.640000,4.720000,20930012
4.260000,4.260000,2024-02-07,5.000000,4.260000,4.880000,19974494
4.670000,4.670000,2024-02-08,4.690000,3.890000,4.140000,21139438
5.080000,5.080000,2024-02-19,5.110000,4.710000,4.720000,17019628
5.280000,5.280000,2024-02-20,5.300000,4.990000,5.070000,13311296
5.460000,5.460000,2024-02-21,5.750000,5.160000,5.250000,15631119
5.760000,5.760000,2024-02-22,5.760000,5.340000,5.360000,14444676
6.340000,6.340000,2024-02-23,6.340000,5.790000,5.950000,11321268
6.970000,6.970000,2024-02-26,6.970000,6.080000,6.330000,34056813
6.970000,6.970000,2024-02-27,7.280000,6.600000,7.040000,41591279
6.270000,6.270000,2024-02-28,6.970000,6.270000,6.800000,33198427
6.430000,6.430000,2024-02-29,6.520000,5.980000,5.980000,21492666
6.580000,6.580000,2024-03-01,6.650000,6.400000,6.470000,18152866
6.600000,6.600000,2024-03-04,6.770000,6.510000,6.630000,17671296
6.630000,6.630000,2024-03-05,6.800000,6.440000,6.620000,19095307
6.850000,6.850000,2024-03-06,7.200000,6.410000,6.500000,29163069
6.590000,6.590000,2024-03-07,6.840000,6.530000,6.780000,20162484
7.250000,7.250000,2024-03-08,7.250000,6.770000,6.770000,42979283
7.660000,7.660000,2024-03-11,7.970000,6.950000,7.200000,58684173
7.420000,7.420000,2024-03-12,7.530000,7.240000,7.370000,32967409
7.230000,7.230000,2024-03-13,7.510000,7.140000,7.440000,22738561
7.100000,7.100000,2024-03-14,7.210000,6.980000,7.120000,17866114
7.130000,7.130000,2024-03-15,7.170000,6.850000,7.010000,15088492
7.230000,7.230000,2024-03-18,7.250000,7.070000,7.130000,14578953
7.350000,7.350000,2024-03-19,7.570000,7.170000,7.210000,24635269
7.360000,7.360000,2024-03-20,7.430000,7.270000,7.370000,15852104
7.350000,7.350000,2024-03-21,7.410000,7.250000,7.360000,12193207
7.250000,7.250000,2024-03-22,7.360000,7.120000,7.330000,11775414
7.190000,7.190000,2024-03-25,7.400000,7.110000,7.190000,14120496
6.960000,6.960000,2024-03-26,7.200000,6.800000,7.130000,14671324
6.530000,6.530000,2024-03-27,7.010000,6.510000,6.970000,10987961
6.890000,6.890000,2024-03-28,6.990000,6.520000,6.530000,11061049
7.250000,7.250000,2024-03-29,7.110000,6.850000,6.950000,5087718
