adj_close,close,date,high,low,open,volume
2590.369141,3112.500000,2010-12-01,3112.500000,2666.666748,2708.333252,4852199
2375.372070,2854.166748,2010-12-02,3112.500000,2687.500000,3112.500000,9348035
2021.667236,2429.166748,2010-12-03,2875.000000,2429.166748,2870.833252,3615683
1889.894287,2270.833252,2010-12-06,2483.333252,2216.666748,2445.833252,2043827
1872.556152,2250.000000,2010-12-07,2395.833252,2216.666748,2295.833252,1463651
1869.088135,2245.833252,2010-12-08,2337.500000,2229.166748,2254.166748,1272383
1876.023804,2254.166748,2010-12-09,2362.500000,2254.166748,2270.833252,1511711
1740.783569,2091.666748,2010-12-10,2304.166748,2091.666748,2283.333252,1116899
1754.654175,2108.333252,2010-12-13,2166.666748,2050.000000,2166.666748,766199
1719.977417,2066.666748,2010-12-14,2125.000000,2066.666748,2108.333252,456719
1733.848022,2083.333252,2010-12-15,2145.833252,2020.833374,2070.833252,818591
1688.768066,2029.166626,2010-12-16,2125.000000,2025.000000,2116.666748,491531
1645.421875,1977.083374,2010-12-17,2047.916626,1977.083374,2047.916626,367019
1543.124756,1854.166626,2010-12-20,1975.000000,1843.750000,1975.000000,444359
1560.463379,1875.000000,2010-12-21,1952.083374,1862.500000,1868.750000,524807
1563.930908,1879.166626,2010-12-22,1958.333374,1860.416626,1900.000000,297479
1522.318604,1829.166626,2010-12-23,1920.833374,1829.166626,1895.833374,317579
1425.223267,1712.500000,2010-12-24,1841.666626,1556.250000,1820.833374,346595
1473.770874,1770.833374,2010-12-27,1781.250000,1695.833374,1739.583374,228671
1466.835571,1762.500000,2010-12-28,1791.666626,1747.916626,1785.416626,210923
1786.671875,2025.000000,2010-12-29,2025.000000,1791.666626,1791.666626,1404323
1775.642944,2012.500000,2010-12-30,2245.833252,1970.833374,2141.666748,3385115
1849.168579,2095.833252,2011-01-03,2141.666748,1950.000000,2029.166626,2049611
1786.671875,2025.000000,2011-01-04,2133.333252,2016.666626,2108.333252,844451
1867.550049,2116.666748,2011-01-05,2116.666748,1993.750000,2004.166626,818375
1944.752075,2204.166748,2011-01-06,2433.333252,2154.166748,2200.000000,6475991
1944.752075,2204.166748,2011-01-07,2225.000000,2154.166748,2225.000000,694331
2235.177734,2533.333252,2011-01-10,2533.333252,2166.666748,2166.666748,2083187
1999.896118,2266.666748,2011-01-11,2591.666748,2212.500000,2541.666748,4063895
1885.931274,2137.500000,2011-01-12,2308.333252,2129.166748,2283.333252,966383
1823.434692,2066.666748,2011-01-13,2200.000000,2066.666748,2162.500000,586067
1790.348022,2029.166626,2011-01-14,2120.833252,2029.166626,2070.833252,365555
1794.024536,2033.333374,2011-01-17,2083.333252,2002.083374,2020.833374,280967
1790.348022,2029.166626,2011-01-18,2112.500000,2020.833374,2041.666626,323939
1790.348022,2029.166626,2011-01-19,2068.750000,2016.666626,2054.166748,209075
1718.660767,1947.916626,2011-01-20,2058.333252,1947.916626,2041.666626,232391
1683.736206,1908.333374,2011-01-21,2000.000000,1893.750000,1958.333374,263039
1727.851440,1958.333374,2011-01-24,1983.333374,1916.666626,1935.416626,150527
1700.279419,1927.083374,2011-01-25,2006.250000,1927.083374,2000.000000,166811
1702.117310,1929.166626,2011-01-26,1954.166626,1904.166626,1945.833374,149987
1770.128540,2006.250000,2011-01-27,2031.250000,1933.333374,1941.666626,167135
1766.452393,2002.083374,2011-01-28,2033.333374,1989.583374,2020.833374,88163
1720.498901,1950.000000,2011-01-31,2004.166626,1900.000000,2004.166626,117515
1683.736206,1908.333374,2011-02-01,1966.666626,1900.000000,1937.500000,79847
1678.221558,1902.083374,2011-02-07,1931.250000,1881.250000,1910.416626,72851
1672.707275,1895.833374,2011-02-08,1931.250000,1889.583374,1931.250000,67883
1624.915527,1841.666626,2011-02-09,1900.000000,1814.583374,1900.000000,132611
1617.562988,1833.333374,2011-02-10,1862.500000,1812.500000,1854.166626,86603
1654.325806,1875.000000,2011-02-11,1883.333374,1833.333374,1841.666626,100955
1667.192749,1889.583374,2011-02-14,1925.000000,1862.500000,1916.666626,91403
1648.811279,1868.750000,2011-02-15,1895.833374,1854.166626,1895.833374,71519
1641.458740,1860.416626,2011-02-16,1887.500000,1854.166626,1858.333374,54251
1584.476563,1795.833374,2011-02-17,1887.500000,1754.166626,1862.500000,104819
1582.638306,1793.750000,2011-02-18,1816.666626,1791.666626,1816.666626,34499
1589.990967,1802.083374,2011-02-21,1833.333374,1787.500000,1812.500000,46007
1555.066284,1762.500000,2011-02-22,1802.083374,1747.916626,1800.000000,53747
1544.037354,1750.000000,2011-02-23,1772.916626,1733.333374,1758.333374,57623
1555.066284,1762.500000,2011-02-24,1879.166626,1741.666626,1775.000000,55691
1536.684692,1741.666626,2011-02-25,1789.583374,1741.666626,1789.583374,55295
1523.817871,1727.083374,2011-02-28,1754.166626,1722.916626,1754.166626,24947
1529.332275,1733.333374,2011-03-02,1741.666626,1697.916626,1700.000000,20723
1544.037354,1750.000000,2011-03-03,1768.750000,1731.250000,1733.333374,42755
1556.904419,1764.583374,2011-03-04,1818.750000,1745.833374,1762.500000,73787
1573.447632,1783.333374,2011-03-07,1802.083374,1762.500000,1770.833374,36767
1683.736206,1908.333374,2011-03-08,1927.083374,1783.333374,1783.333374,165179
1646.973267,1866.666626,2011-03-09,1945.833374,1852.083374,1891.666626,66611
1628.591797,1845.833374,2011-03-10,1889.583374,1829.166626,1866.666626,40715
1613.886597,1829.166626,2011-03-11,1833.333374,1802.083374,1829.166626,29363
1527.494263,1731.250000,2011-03-14,1833.333374,1700.000000,1833.333374,49631
1433.749023,1625.000000,2011-03-15,1743.750000,1541.666626,1731.250000,102443
1463.159180,1658.333374,2011-03-16,1679.166626,1591.666626,1591.666626,125495
1470.511719,1666.666626,2011-03-17,1672.916626,1604.166626,1629.166626,86327
1494.407593,1693.750000,2011-03-18,1720.833374,1658.333374,1668.750000,109931
1556.904419,1764.583374,2011-03-21,1770.833374,1695.833374,1695.833374,54383
1617.562988,1833.333374,2011-03-22,1839.583374,1756.250000,1791.666626,85163
1650.649536,1870.833374,2011-03-23,1875.000000,1814.583374,1833.333374,64787
1654.325806,1875.000000,2011-03-24,1879.166626,1841.666626,1875.000000,67823
1658.002075,1879.166626,2011-03-25,1879.166626,1856.250000,1875.000000,43403
1678.221558,1902.083374,2011-03-28,1908.333374,1866.666626,1908.333374,91943
1658.002075,1879.166626,2011-03-29,1914.583374,1843.750000,1908.333374,100607
1665.354736,1887.500000,2011-03-30,1900.000000,1866.666626,1897.916626,52727
1658.002075,1879.166626,2011-03-31,1906.250000,1868.750000,1904.166626,57779
1654.325806,1875.000000,2011-04-01,1904.166626,1862.500000,1881.250000,59051
1654.325806,1875.000000,2011-04-04,1887.500000,1841.666626,1862.500000,50963
1900.636353,2154.166748,2011-04-05,2154.166748,1875.000000,1900.000000,704867
1966.809570,2229.166748,2011-04-06,2312.500000,2120.833252,2216.666748,1409723
1922.694336,2179.166748,2011-04-07,2554.166748,2179.166748,2258.333252,1419251
1922.694336,2179.166748,2011-04-08,2279.166748,2145.833252,2208.333252,460511
1838.139648,2083.333252,2011-04-11,2225.000000,2079.166748,2195.833252,319307
1737.041992,1968.750000,2011-04-12,2120.833252,1968.750000,2100.000000,223679
1764.614136,2000.000000,2011-04-13,2056.250000,1964.583374,1970.833374,167387
2029.306396,2300.000000,2011-04-14,2300.000000,2014.583374,2014.583374,665219
1959.456787,2220.833252,2011-04-15,2416.666748,2150.000000,2412.500000,755351
2003.572266,2270.833252,2011-04-18,2450.000000,2229.166748,2300.000000,1498859
1930.046875,2187.500000,2011-04-19,2379.166748,2187.500000,2250.000000,576683
1959.456787,2220.833252,2011-04-20,2275.000000,2162.500000,2191.666748,306035
1919.017944,2175.000000,2011-04-21,2354.166748,2166.666748,2258.333252,311915
1915.341675,2170.833252,2011-04-22,2266.666748,2166.666748,2183.333252,138479
1996.219971,2262.500000,2011-04-25,2266.666748,2162.500000,2191.666748,140999
1977.838501,2241.666748,2011-04-26,2300.000000,2204.166748,2279.166748,121823
1930.046875,2187.500000,2011-04-27,2300.000000,2175.000000,2283.333252,154163
1841.816162,2087.500000,2011-04-28,2266.666748,2083.333252,2187.500000,150431
1893.283936,2145.833252,2011-04-29,2158.333252,2000.000000,2091.666748,237323
1838.139648,2083.333252,2011-05-02,2150.000000,2072.916748,2150.000000,58271
1821.596436,2064.583252,2011-05-03,2091.666748,2006.250000,2091.666748,77531
1852.844971,2100.000000,2011-05-04,2220.833252,2052.083252,2220.833252,35279
1852.844971,2100.000000,2011-05-06,2116.666748,2006.250000,2060.416748,33455
1867.550049,2116.666748,2011-05-09,2154.166748,2060.416748,2104.166748,46451
1742.556519,1975.000000,2011-05-11,2145.833252,1958.333374,2020.833374,95987
1709.469849,1937.500000,2011-05-12,2041.666626,1933.333374,1983.333374,76919
1746.232788,1979.166626,2011-05-13,1993.750000,1941.666626,1950.000000,31163
1727.851440,1958.333374,2011-05-16,2010.416626,1935.416626,1935.416626,26303
1742.556519,1975.000000,2011-05-17,1993.750000,1910.416626,1920.833374,31451
1727.851440,1958.333374,2011-05-18,2008.333374,1916.666626,2008.333374,37127
1672.707275,1895.833374,2011-05-19,2016.666626,1891.666626,1958.333374,71663
1676.383423,1900.000000,2011-05-20,1970.833374,1862.500000,1970.833374,16679
1650.649536,1870.833374,2011-05-23,1954.166626,1833.333374,1866.666626,61343
1650.649536,1870.833374,2011-05-24,1916.666626,1806.250000,1806.250000,26555
1641.458740,1860.416626,2011-05-25,1975.000000,1804.166626,1975.000000,31091
1665.354736,1887.500000,2011-05-26,1925.000000,1837.500000,1925.000000,62195
1691.088501,1916.666626,2011-05-27,1941.666626,1856.250000,1887.500000,28175
1656.163818,1877.083374,2011-05-30,1941.666626,1877.083374,1918.750000,56123
1676.383423,1900.000000,2011-05-31,1945.833374,1870.833374,1945.833374,9239
1659.840210,1881.250000,2011-06-01,1945.833374,1858.333374,1945.833374,31367
1661.678345,1883.333374,2011-06-02,1904.166626,1835.416626,1845.833374,14975
1571.609497,1781.250000,2011-06-03,1916.666626,1781.250000,1916.666626,79055
1529.332275,1733.333374,2011-06-07,1831.250000,1708.333374,1831.250000,38099
1547.713745,1754.166626,2011-06-08,1781.250000,1720.833374,1737.500000,21299
1560.580566,1768.750000,2011-06-09,1791.666626,1743.750000,1791.666626,30287
1612.048706,1827.083374,2011-06-10,1829.166626,1770.833374,1791.666626,33371
1635.944336,1854.166626,2011-06-13,1920.833374,1831.250000,1831.250000,39119
1648.811279,1868.750000,2011-06-14,1875.000000,1791.666626,1791.666626,12119
1650.649536,1870.833374,2011-06-15,1914.583374,1833.333374,1914.583374,14879
1635.944336,1854.166626,2011-06-16,1910.416626,1804.166626,1910.416626,2483
1635.944336,1854.166626,2011-06-17,1870.833374,1797.916626,1870.833374,7439
1623.077515,1839.583374,2011-06-20,1854.166626,1808.333374,1854.166626,14243
1623.077515,1839.583374,2011-06-21,1839.583374,1781.250000,1839.583374,12827
1635.944336,1854.166626,2011-06-22,1875.000000,1802.083374,1833.333374,22691
1645.135132,1864.583374,2011-06-23,1914.583374,1833.333374,1914.583374,15383
1643.296997,1862.500000,2011-06-24,1904.166626,1812.500000,1904.166626,18599
1654.325806,1875.000000,2011-06-27,1875.000000,1825.000000,1870.833374,41123
1615.724976,1831.250000,2011-06-28,1875.000000,1829.166626,1875.000000,17027
1683.736206,1908.333374,2011-06-29,1916.666626,1791.666626,1831.250000,50987
1764.614136,2000.000000,2011-06-30,2020.833374,1860.416626,1945.833374,23231
1760.937988,1995.833374,2011-07-01,2000.000000,1933.333374,2000.000000,28211
1782.995483,2020.833374,2011-07-04,2079.166748,1968.750000,2016.666626,12683
1781.157471,2018.750000,2011-07-05,2027.083374,1941.666626,2027.083374,21359
1760.937988,1995.833374,2011-07-06,2043.750000,1966.666626,1966.666626,9251
1781.157471,2018.750000,2011-07-07,2035.416626,1937.500000,1962.500000,72095
1827.110962,2070.833252,2011-07-08,2075.000000,1968.750000,2037.500000,48575
1819.758301,2062.500000,2011-07-11,2116.666748,2000.000000,2095.833252,39863
1797.700562,2037.500000,2011-07-12,2039.583374,1939.583374,1989.583374,53891
1882.255005,2133.333252,2011-07-13,2287.500000,1993.750000,2010.416626,436235
1856.521240,2104.166748,2011-07-14,2179.166748,2064.583252,2129.166748,191471
1878.578979,2129.166748,2011-07-15,2166.666748,2079.166748,2083.333252,148139
1985.191040,2250.000000,2011-07-18,2287.500000,2141.666748,2154.166748,223319
1974.162109,2237.500000,2011-07-19,2262.500000,2208.333252,2212.500000,94739
1966.809570,2229.166748,2011-07-20,2279.166748,2212.500000,2270.833252,81563
1926.370361,2183.333252,2011-07-21,2291.666748,2179.166748,2208.333252,111791
1867.550049,2116.666748,2011-07-22,2204.166748,2116.666748,2204.166748,78323
1871.226074,2120.833252,2011-07-25,2158.333252,2091.666748,2158.333252,60587
1911.665527,2166.666748,2011-07-26,2183.333252,2095.833252,2116.666748,72419
1922.694336,2179.166748,2011-07-27,2195.833252,2145.833252,2195.833252,29531
1889.607910,2141.666748,2011-07-28,2166.666748,2129.166748,2166.666748,35027
1911.665527,2166.666748,2011-07-29,2179.166748,2120.833252,2141.666748,41771
1926.370361,2183.333252,2011-08-01,2208.333252,2166.666748,2208.333252,36875
1926.370361,2183.333252,2011-08-02,2195.833252,2137.500000,2166.666748,25151
1863.873779,2112.500000,2011-08-03,2183.333252,2091.666748,2145.833252,51119
1867.550049,2116.666748,2011-08-04,2150.000000,2087.500000,2120.833252,56999
1799.538940,2039.583374,2011-08-05,2056.250000,1985.416626,2056.250000,68519
1652.487671,1872.916626,2011-08-08,2000.000000,1758.333374,1962.500000,61931
1527.494263,1731.250000,2011-08-09,2083.333252,1593.750000,1833.333374,92663
1667.192749,1889.583374,2011-08-10,1916.666626,1785.416626,1916.666626,54143
1676.383423,1900.000000,2011-08-11,1933.333374,1710.416626,1710.416626,44303
1615.724976,1831.250000,2011-08-12,1954.166626,1831.250000,1920.833374,94163
1635.944336,1854.166626,2011-08-16,1904.166626,1816.666626,1904.166626,64475
1641.458740,1860.416626,2011-08-17,1875.000000,1816.666626,1833.333374,28511
1613.886597,1829.166626,2011-08-18,1858.333374,1766.666626,1858.333374,33851
1507.274780,1708.333374,2011-08-19,1791.666626,1668.750000,1791.666626,65351
1461.321167,1656.250000,2011-08-22,1870.833374,1527.083374,1704.166626,22547
1488.893188,1687.500000,2011-08-23,1745.833374,1631.250000,1631.250000,11291
1470.511719,1666.666626,2011-08-24,1741.666626,1629.166626,1741.666626,70475
1459.483032,1654.166626,2011-08-25,1725.000000,1652.083374,1697.916626,27011
1481.540649,1679.166626,2011-08-26,1693.750000,1641.666626,1641.666626,13679
1531.170288,1735.416626,2011-08-29,1737.500000,1681.250000,1737.500000,20627
1544.037354,1750.000000,2011-08-30,1762.500000,1733.333374,1735.416626,14603
1544.037354,1750.000000,2011-08-31,1779.166626,1727.083374,1758.333374,17615
1512.789063,1714.583374,2011-09-01,1785.416626,1712.500000,1750.000000,26903
1523.817871,1727.083374,2011-09-02,1733.333374,1691.666626,1716.666626,26027
1521.979736,1725.000000,2011-09-05,1758.333374,1691.666626,1691.666626,2663
1536.684692,1741.666626,2011-09-06,1829.166626,1668.750000,1829.166626,46127
1544.037354,1750.000000,2011-09-07,1766.666626,1702.083374,1766.666626,14147
1562.418823,1770.833374,2011-09-08,1806.250000,1716.666626,1758.333374,5147
1540.361206,1745.833374,2011-09-09,1752.083374,1731.250000,1731.250000,5507
1488.893188,1687.500000,2011-09-14,1775.000000,1675.000000,1733.333374,19223
1503.598267,1704.166626,2011-09-15,1750.000000,1685.416626,1750.000000,15047
1520.141602,1722.916626,2011-09-16,1791.666626,1695.833374,1708.333374,13487
1492.569580,1691.666626,2011-09-19,1754.166626,1691.666626,1754.166626,11447
1507.274780,1708.333374,2011-09-20,1750.000000,1666.666626,1750.000000,29699
1507.274780,1708.333374,2011-09-21,1745.833374,1670.833374,1745.833374,3623
1501.760254,1702.083374,2011-09-22,1741.666626,1675.000000,1741.666626,10331
1441.101563,1633.333374,2011-09-23,1708.333374,1629.166626,1697.916626,23783
1349.194580,1529.166626,2011-09-26,1708.333374,1462.500000,1708.333374,43727
1402.500610,1589.583374,2011-09-27,1695.833374,1475.000000,1475.000000,36839
1360.223389,1541.666626,2011-09-28,1625.000000,1439.583374,1625.000000,5219
1396.986328,1583.333374,2011-09-29,1654.166626,1454.166626,1454.166626,18947
1400.662476,1587.500000,2011-09-30,1587.500000,1564.583374,1564.583374,26135
1408.015137,1595.833374,2011-10-04,1620.833374,1481.250000,1481.250000,23699
1341.842041,1520.833374,2011-10-05,1662.500000,1520.833374,1660.416626,14687
1525.655884,1729.166626,2011-10-06,1729.166626,1541.666626,1608.333374,27143
1544.037354,1750.000000,2011-10-07,1750.000000,1658.333374,1750.000000,27875
1560.580566,1768.750000,2011-10-10,1791.666626,1720.833374,1770.833374,27671
1589.990967,1802.083374,2011-10-11,1814.583374,1737.500000,1768.750000,29735
1571.609497,1781.250000,2011-10-12,1804.166626,1716.666626,1804.166626,10967
1676.383423,1900.000000,2011-10-13,1947.916626,1747.916626,1797.916626,79427
1680.059814,1904.166626,2011-10-14,2041.666626,1827.083374,1900.000000,35747
1670.869019,1893.750000,2011-10-17,1962.500000,1875.000000,1904.166626,38627
1691.088501,1916.666626,2011-10-18,1931.250000,1843.750000,1891.666626,22055
1801.376953,2041.666626,2011-10-19,2083.333252,1916.666626,1935.416626,108719
1856.521240,2104.166748,2011-10-20,2166.666748,2006.250000,2041.666626,141143
1801.376953,2041.666626,2011-10-21,2166.666748,1937.500000,2083.333252,173555
1771.966797,2008.333374,2011-10-24,2100.000000,2006.250000,2041.666626,71051
1799.538940,2039.583374,2011-10-25,2062.500000,1991.666626,2037.500000,13571
1797.700562,2037.500000,2011-10-26,2075.000000,1991.666626,2075.000000,39671
1806.891479,2047.916626,2011-10-27,2083.333252,2029.166626,2083.333252,42551
1812.405884,2054.166748,2011-10-28,2079.166748,1983.333374,2079.166748,39203
1779.319336,2016.666626,2011-10-31,2054.166748,1993.750000,2054.166748,14723
1797.700562,2037.500000,2011-11-01,2041.666626,1937.500000,1937.500000,17267
1819.758301,2062.500000,2011-11-02,2062.500000,1964.583374,1991.666626,17111
1782.995483,2020.833374,2011-11-03,2083.333252,2004.166626,2033.333374,21863
1788.510132,2027.083374,2011-11-04,2041.666626,2012.500000,2025.000000,23471
1782.995483,2020.833374,2011-11-07,2058.333252,2002.083374,2027.083374,17615
1781.157471,2018.750000,2011-11-08,2045.833374,2004.166626,2020.833374,24371
1777.481079,2014.583374,2011-11-09,2056.250000,1958.333374,2056.250000,23255
1654.325806,1875.000000,2011-11-10,2000.000000,1875.000000,2000.000000,47111
1738.880371,1970.833374,2011-11-11,1975.000000,1897.916626,1954.166626,17183
1782.995483,2020.833374,2011-11-14,2020.833374,1945.833374,1970.833374,38039
1735.203857,1966.666626,2011-11-15,2004.166626,1960.416626,2000.000000,10355
1720.498901,1950.000000,2011-11-16,1983.333374,1925.000000,1939.583374,18383
1740.718262,1972.916626,2011-11-17,1972.916626,1920.833374,1950.000000,5819
1762.776001,1997.916626,2011-11-18,2000.000000,1912.500000,2000.000000,17759
1711.308228,1939.583374,2011-11-21,2000.000000,1937.500000,1970.833374,7907
1713.146240,1941.666626,2011-11-22,1972.916626,1900.000000,1900.000000,15443
1689.250488,1914.583374,2011-11-23,2000.000000,1870.833374,1925.000000,45971
1672.707275,1895.833374,2011-11-24,1958.333374,1854.166626,1950.000000,16259
1687.412354,1912.500000,2011-11-25,1979.166626,1885.416626,1891.666626,21731
1702.117310,1929.166626,2011-11-28,1956.250000,1900.000000,1956.250000,12395
1727.851440,1958.333374,2011-11-29,1979.166626,1916.666626,1977.083374,3683
1764.614136,2000.000000,2011-11-30,2000.000000,1920.833374,1958.333374,24491
1817.920288,2060.416748,2011-12-01,2087.500000,1972.916626,2020.833374,82595
1830.787231,2075.000000,2011-12-02,2081.250000,2020.833374,2020.833374,32243
1806.891479,2047.916626,2011-12-05,2083.333252,2043.750000,2043.750000,11315
1790.348022,2029.166626,2011-12-06,2060.416748,1970.833374,2060.416748,39911
1786.671875,2025.000000,2011-12-07,2075.000000,2008.333374,2075.000000,20699
1729.689453,1960.416626,2011-12-08,2041.666626,1941.666626,2041.666626,32051
1760.937988,1995.833374,2011-12-09,2020.833374,1958.333374,1960.416626,52847
1825.272827,2068.750000,2011-12-12,2070.833252,2020.833374,2025.000000,40259
1874.902466,2125.000000,2011-12-13,2208.333252,2045.833374,2045.833374,108575
1878.578979,2129.166748,2011-12-14,2166.666748,2091.666748,2145.833252,29771
1838.139648,2083.333252,2011-12-15,2141.666748,2072.916748,2091.666748,57395
1871.226074,2120.833252,2011-12-16,2125.000000,2062.500000,2083.333252,39875
1801.376953,2041.666626,2011-12-19,2212.500000,1925.000000,2125.000000,59147
1828.949097,2072.916748,2011-12-20,2154.166748,1937.500000,1937.500000,28007
1841.816162,2087.500000,2011-12-21,2141.666748,2020.833374,2141.666748,38279
1808.729492,2050.000000,2011-12-22,2091.666748,2027.083374,2027.083374,20339
1810.567627,2052.083252,2011-12-23,2104.166748,2041.666626,2050.000000,24719
1768.290527,2004.166626,2011-12-26,2052.083252,2000.000000,2052.083252,45479
1801.376953,2041.666626,2011-12-27,2041.666626,1979.166626,1983.333374,44183
1874.823608,2020.833374,2011-12-28,2077.083252,1991.666626,2077.083252,17159
1841.965942,1985.416626,2011-12-29,2031.250000,1964.583374,2002.083374,24395
1882.554810,2029.166626,2012-01-02,2033.333374,1985.416626,1985.416626,5015
1921.211060,2070.833252,2012-01-03,2083.333252,1993.750000,2083.333252,12707
1913.479736,2062.500000,2012-01-04,2083.333252,2018.750000,2018.750000,12119
1882.554810,2029.166626,2012-01-05,2075.000000,2027.083374,2033.333374,30803
1851.630005,1995.833374,2012-01-06,2041.666626,1995.833374,2041.666626,9023
1851.630005,1995.833374,2012-01-09,2004.166626,1950.000000,1958.333374,5063
1921.211060,2070.833252,2012-01-10,2108.333252,1962.500000,1962.500000,29927
1940.539185,2091.666748,2012-01-11,2116.666748,2012.500000,2020.833374,30359
2230.460449,2404.166748,2012-01-12,2404.166748,2041.666626,2091.666748,438587
2137.685547,2304.166748,2012-01-13,2762.500000,2270.833252,2762.500000,3031187
2013.985840,2170.833252,2012-01-16,2350.000000,2083.333252,2304.166748,349091
2075.835693,2237.500000,2012-01-17,2312.500000,2170.833252,2200.000000,196391
2048.776367,2208.333252,2012-01-18,2250.000000,2162.500000,2187.500000,166979
2029.448364,2187.500000,2012-01-19,2291.666748,2145.833252,2145.833252,88283
2079.701416,2241.666748,2012-01-20,2350.000000,2187.500000,2187.500000,117995
2168.610596,2337.500000,2012-01-25,2370.833252,2212.500000,2270.833252,81527
2137.685547,2304.166748,2012-01-26,2370.833252,2283.333252,2333.333252,53711
2126.088867,2291.666748,2012-01-27,2337.500000,2283.333252,2308.333252,40955
2126.088867,2291.666748,2012-01-30,2333.333252,2241.666748,2291.666748,48395
2218.863281,2391.666748,2012-01-31,2458.333252,2254.166748,2275.000000,134147
2218.863281,2391.666748,2012-02-01,2416.666748,2308.333252,2395.833252,56219
2141.551025,2308.333252,2012-02-02,2445.833252,2308.333252,2445.833252,58079
2164.744873,2333.333252,2012-02-03,2366.666748,2291.666748,2291.666748,48143
2230.460449,2404.166748,2012-02-06,2654.166748,2333.333252,2333.333252,1057163
2211.132324,2383.333252,2012-02-07,2470.833252,2375.000000,2416.666748,254663
2126.088867,2291.666748,2012-02-08,2437.500000,2291.666748,2437.500000,281063
2087.432617,2250.000000,2012-02-09,2304.166748,2195.833252,2233.333252,282623
2102.895020,2266.666748,2012-02-10,2312.500000,2233.333252,2241.666748,117047
2176.341797,2345.833252,2012-02-13,2383.333252,2275.000000,2275.000000,151187
2164.744873,2333.333252,2012-02-14,2400.000000,2295.833252,2400.000000,146099
2180.207275,2350.000000,2012-02-15,2416.666748,2287.500000,2341.666748,144815
2191.804199,2362.500000,2012-02-16,2404.166748,2329.166748,2370.833252,163271
2203.400879,2375.000000,2012-02-17,2420.833252,2337.500000,2337.500000,191507
2272.981934,2450.000000,2012-02-20,2587.500000,2383.333252,2429.166748,439271
2184.072998,2354.166748,2012-02-21,2525.000000,2350.000000,2516.666748,139235
2242.057373,2416.666748,2012-02-22,2416.666748,2279.166748,2333.333252,82283
2203.400879,2375.000000,2012-02-23,2458.333252,2325.000000,2416.666748,25343
2106.760498,2270.833252,2012-02-24,2370.833252,2262.500000,2325.000000,45251
2033.314087,2191.666748,2012-02-27,2304.166748,2191.666748,2283.333252,45203
2010.120361,2166.666748,2012-02-28,2208.333252,2137.500000,2175.000000,29975
1998.523193,2154.166748,2012-02-29,2225.000000,2154.166748,2187.500000,23531
2029.448364,2187.500000,2012-03-02,2187.500000,2141.666748,2150.000000,26627
2041.044922,2200.000000,2012-03-05,2208.333252,2145.833252,2162.500000,60263
2048.776367,2208.333252,2012-03-06,2212.500000,2129.166748,2212.500000,16463
2118.357178,2283.333252,2012-03-07,2283.333252,2150.000000,2150.000000,78839
2087.432617,2250.000000,2012-03-08,2283.333252,2170.833252,2283.333252,26495
2010.120361,2166.666748,2012-03-09,2266.666748,2166.666748,2212.500000,30827
1975.329834,2129.166748,2012-03-12,2166.666748,2083.333252,2166.666748,150959
1944.404663,2095.833252,2012-03-13,2154.166748,2083.333252,2129.166748,94391
1921.211060,2070.833252,2012-03-14,2091.666748,2041.666626,2083.333252,189371
1963.732910,2116.666748,2012-03-15,2125.000000,2075.000000,2083.333252,82427
1940.539185,2091.666748,2012-03-16,2120.833252,2079.166748,2120.833252,66407
1909.614136,2058.333252,2012-03-19,2116.666748,2041.666626,2070.833252,62099
1890.286011,2037.500000,2012-03-20,2079.166748,2037.500000,2041.666626,60815
1890.286011,2037.500000,2012-03-21,2062.500000,2025.000000,2037.500000,25859
1909.614136,2058.333252,2012-03-22,2058.333252,1995.833374,2025.000000,95555
1878.689331,2025.000000,2012-03-23,2070.833252,2020.833374,2070.833252,33071
1855.495483,2000.000000,2012-03-26,2041.666626,1979.166626,2041.666626,59555
1809.108276,1950.000000,2012-03-27,2033.333374,1950.000000,2000.000000,57911
1766.586426,1904.166626,2012-03-28,1970.833374,1895.833374,1933.333374,57899
1766.586426,1904.166626,2012-03-29,1937.500000,1883.333374,1891.666626,25751
1782.048950,1920.833374,2012-03-30,1958.333374,1879.166626,1883.333374,21383
1801.376953,1941.666626,2012-04-02,1966.666626,1925.000000,1966.666626,22799
1882.554810,2029.166626,2012-04-03,2066.666748,1941.666626,1941.666626,88019
1801.376953,1941.666626,2012-04-04,2025.000000,1933.333374,1950.000000,33695
1820.705078,1962.500000,2012-04-05,1995.833374,1950.000000,1995.833374,32975
1863.226807,2008.333374,2012-04-06,2066.666748,1962.500000,1962.500000,42743
1863.226807,2008.333374,2012-04-09,2054.166748,1941.666626,2000.000000,31091
1847.764282,1991.666626,2012-04-10,2037.500000,1962.500000,1962.500000,41195
1805.242554,1945.833374,2012-04-12,2016.666626,1945.833374,1991.666626,21371
1855.495483,2000.000000,2012-04-13,2008.333374,1950.000000,1950.000000,21359
1805.242554,1945.833374,2012-04-16,2000.000000,1945.833374,1970.833374,31643
1805.242554,1945.833374,2012-04-17,1991.666626,1937.500000,1954.166626,18383
1840.033081,1983.333374,2012-04-18,1983.333374,1950.000000,1966.666626,30863
1894.151733,2041.666626,2012-04-19,2075.000000,1958.333374,1966.666626,92771
1921.211060,2070.833252,2012-04-20,2241.666748,2058.333252,2062.500000,412007
1979.195190,2133.333252,2012-04-23,2270.833252,2112.500000,2116.666748,593879
1979.195190,2133.333252,2012-04-24,2170.833252,2062.500000,2170.833252,202883
1948.270386,2100.000000,2012-04-25,2158.333252,2100.000000,2150.000000,123995
1905.748657,2054.166748,2012-04-26,2158.333252,2004.166626,2158.333252,124439
1956.001343,2108.333252,2012-04-27,2120.833252,2029.166626,2033.333374,81335
2071.969971,2233.333252,2012-04-30,2420.833252,2116.666748,2150.000000,739871
2114.491943,2279.166748,2012-05-02,2329.166748,2233.333252,2254.166748,224075
2087.432617,2250.000000,2012-05-03,2325.000000,2225.000000,2308.333252,146411
2064.238770,2225.000000,2012-05-04,2283.333252,2204.166748,2250.000000,87215
1956.001343,2108.333252,2012-05-07,2225.000000,2108.333252,2225.000000,75431
2021.717163,2179.166748,2012-05-08,2183.333252,2108.333252,2116.666748,75695
1979.195190,2133.333252,2012-05-09,2208.333252,2108.333252,2166.666748,54707
1994.657715,2150.000000,2012-05-10,2216.666748,2083.333252,2095.833252,146207
1917.345459,2066.666748,2012-05-11,2191.666748,2066.666748,2166.666748,62207
1855.495483,2000.000000,2012-05-14,2125.000000,2000.000000,2125.000000,50747
1754.989502,1891.666626,2012-05-15,2025.000000,1891.666626,1958.333374,101843
1743.392700,1879.166626,2012-05-16,1983.333374,1875.000000,1912.500000,57083
1754.989502,1891.666626,2012-05-17,1933.333374,1837.500000,1875.000000,34799
1673.811646,1804.166626,2012-05-18,1900.000000,1770.833374,1854.166626,103883
1704.736572,1837.500000,2012-05-21,1850.000000,1787.500000,1829.166626,11663
1735.661499,1870.833374,2012-05-22,1958.333374,1841.666626,1841.666626,18803
1727.930298,1862.500000,2012-05-23,1891.666626,1825.000000,1891.666626,26351
1747.258301,1883.333374,2012-05-24,1954.166626,1816.666626,1837.500000,27431
1712.467773,1845.833374,2012-05-25,1900.000000,1845.833374,1900.000000,16007
1724.064697,1858.333374,2012-05-29,1908.333374,1816.666626,1908.333374,8015
1697.005249,1829.166626,2012-05-30,1920.833374,1820.833374,1845.833374,28655
1654.483521,1783.333374,2012-05-31,1845.833374,1783.333374,1845.833374,26735
1650.617920,1779.166626,2012-06-01,1812.500000,1733.333374,1787.500000,37175
1569.440063,1691.666626,2012-06-04,1791.666626,1675.000000,1791.666626,68279
1619.693115,1745.833374,2012-06-05,1745.833374,1500.000000,1695.833374,166919
1673.811646,1804.166626,2012-06-07,1812.500000,1754.166626,1762.500000,24347
1600.364990,1725.000000,2012-06-08,1850.000000,1716.666626,1804.166626,33515
1631.289795,1758.333374,2012-06-11,1775.000000,1725.000000,1775.000000,14171
1588.768066,1712.500000,2012-06-12,1779.166626,1700.000000,1758.333374,30191
1646.752319,1775.000000,2012-06-13,1791.666626,1708.333374,1716.666626,28835
1631.289795,1758.333374,2012-06-14,1800.000000,1729.166626,1750.000000,16871
1631.289795,1758.333374,2012-06-15,1766.666626,1708.333374,1766.666626,16067
1639.021118,1766.666626,2012-06-18,1779.166626,1729.166626,1758.333374,26423
1716.333496,1850.000000,2012-06-19,1941.666626,1787.500000,1850.000000,74915
1677.677368,1808.333374,2012-06-20,1933.333374,1808.333374,1933.333374,16871
1708.602173,1841.666626,2012-06-21,1854.166626,1791.666626,1812.500000,33887
1704.736572,1837.500000,2012-06-22,1925.000000,1804.166626,1812.500000,20051
1716.333496,1850.000000,2012-06-25,1883.333374,1816.666626,1883.333374,20939
1724.064697,1858.333374,2012-06-26,1941.666626,1816.666626,1850.000000,21431
1669.946045,1800.000000,2012-06-27,1920.833374,1800.000000,1887.500000,34439
1642.886719,1770.833374,2012-06-28,1850.000000,1770.833374,1850.000000,29483
1658.349121,1787.500000,2012-06-29,1800.000000,1750.000000,1758.333374,23375
1681.542847,1812.500000,2012-07-02,1833.333374,1787.500000,1787.500000,26099
1673.811646,1804.166626,2012-07-03,1820.833374,1779.166626,1820.833374,24635
1689.274170,1820.833374,2012-07-04,1829.166626,1783.333374,1816.666626,13427
1727.930298,1862.500000,2012-07-05,1879.166626,1795.833374,1820.833374,47567
1754.989502,1891.666626,2012-07-06,1970.833374,1833.333374,1862.500000,35711
1805.242554,1945.833374,2012-07-09,1991.666626,1879.166626,1900.000000,98351
1778.183228,1916.666626,2012-07-10,1958.333374,1908.333374,1925.000000,31919
1782.048950,1920.833374,2012-07-11,1962.500000,1891.666626,1916.666626,29627
1747.258301,1883.333374,2012-07-12,1983.333374,1854.166626,1983.333374,34703
1797.511230,1937.500000,2012-07-13,1954.166626,1808.333374,1808.333374,50939
1809.108276,1950.000000,2012-07-16,1991.666626,1908.333374,1979.166626,38039
1832.301880,1975.000000,2012-07-17,1975.000000,1937.500000,1950.000000,71087
1812.973633,1954.166626,2012-07-18,1987.500000,1929.166626,1975.000000,59123
2083.566650,2245.833252,2012-07-19,2245.833252,1941.666626,1970.833374,539711
2114.491943,2279.166748,2012-07-20,2491.666748,2229.166748,2483.333252,2155667
2079.701416,2241.666748,2012-07-23,2366.666748,2154.166748,2279.166748,711455
1963.732910,2116.666748,2012-07-24,2262.500000,2054.166748,2200.000000,619967
1886.420654,2033.333374,2012-07-25,2433.333252,2033.333374,2112.500000,3956675
1770.452148,1908.333374,2012-07-26,2100.000000,1908.333374,2050.000000,791303
1770.452148,1908.333374,2012-07-27,1958.333374,1908.333374,1950.000000,232871
1863.226807,2008.333374,2012-07-30,2008.333374,1908.333374,1937.500000,356843
1894.151733,2041.666626,2012-07-31,2075.000000,1975.000000,2008.333374,431951
1925.076660,2075.000000,2012-08-01,2091.666748,2025.000000,2045.833374,169991
1859.361206,2004.166626,2012-08-02,2108.333252,1970.833374,2083.333252,160499
1805.242554,1945.833374,2012-08-03,2004.166626,1941.666626,1975.000000,102191
1840.033081,1983.333374,2012-08-06,2050.000000,1970.833374,1970.833374,131567
1840.033081,1983.333374,2012-08-07,2037.500000,1966.666626,1987.500000,111431
1801.376953,1941.666626,2012-08-08,2029.166626,1929.166626,1975.000000,94067
1724.064697,1858.333374,2012-08-09,1991.666626,1833.333374,1941.666626,249239
1743.392700,1879.166626,2012-08-10,1908.333374,1858.333374,1900.000000,88331
1743.392700,1879.166626,2012-08-13,1912.500000,1862.500000,1912.500000,75611
1712.467773,1845.833374,2012-08-14,1900.000000,1845.833374,1879.166626,105935
1712.467773,1845.833374,2012-08-16,1875.000000,1800.000000,1850.000000,127199
1727.930298,1862.500000,2012-08-17,1866.666626,1820.833374,1833.333374,81011
1774.317627,1912.500000,2012-08-20,1912.500000,1820.833374,1862.500000,184523
1801.376953,1941.666626,2012-08-21,1962.500000,1883.333374,1895.833374,140039
1782.048950,1920.833374,2012-08-22,1941.666626,1912.500000,1941.666626,59939
1754.989502,1891.666626,2012-08-23,1979.166626,1866.666626,1904.166626,98615
1743.392700,1879.166626,2012-08-24,1916.666626,1845.833374,1891.666626,112355
1739.527100,1875.000000,2012-08-27,1920.833374,1866.666626,1904.166626,66935
1747.258301,1883.333374,2012-08-28,1883.333374,1854.166626,1875.000000,67139
1785.914551,1925.000000,2012-08-29,1925.000000,1858.333374,1870.833374,70607
1743.392700,1879.166626,2012-08-30,1941.666626,1866.666626,1908.333374,95843
1894.151733,2041.666626,2012-08-31,2075.000000,1883.333374,1891.666626,416531
2091.298340,2254.166748,2012-09-03,2345.833252,2091.666748,2133.333252,2628875
2041.044922,2200.000000,2012-09-04,2220.833252,2095.833252,2191.666748,617315
2041.044922,2200.000000,2012-09-05,2266.666748,2108.333252,2200.000000,426935
1963.732910,2116.666748,2012-09-06,2295.833252,2066.666748,2175.000000,525707
1956.001343,2108.333252,2012-09-07,2175.000000,2058.333252,2133.333252,311627
2010.120361,2166.666748,2012-09-10,2262.500000,2100.000000,2250.000000,452135
1986.926758,2141.666748,2012-09-11,2204.166748,2100.000000,2166.666748,243827
2006.254517,2162.500000,2012-09-12,2254.166748,2145.833252,2191.666748,360779
1963.732910,2116.666748,2012-09-13,2208.333252,2050.000000,2195.833252,433403
1963.732910,2116.666748,2012-09-14,2125.000000,2083.333252,2125.000000,203831
1940.539185,2091.666748,2012-09-17,2125.000000,2058.333252,2104.166748,142199
1990.792114,2145.833252,2012-09-18,2170.833252,2104.166748,2125.000000,305999
1952.136108,2104.166748,2012-09-19,2175.000000,2100.000000,2175.000000,195695
2044.911011,2204.166748,2012-09-20,2237.500000,2087.500000,2116.666748,288071
1979.195190,2133.333252,2012-09-21,2208.333252,2091.666748,2200.000000,190439
2079.701416,2241.666748,2012-09-24,2241.666748,2116.666748,2137.500000,350963
1901.882935,2050.000000,2012-09-25,2233.333252,2050.000000,2229.166748,379019
1901.882935,2050.000000,2012-09-26,2095.833252,2016.666626,2050.000000,135575
1836.167480,1979.166626,2012-09-27,2050.000000,1970.833374,2050.000000,113807
1855.495483,2000.000000,2012-09-28,2016.666626,1933.333374,1979.166626,87107
1855.495483,2000.000000,2012-10-02,2037.500000,1975.000000,2004.166626,41567
1898.017456,2045.833374,2012-10-04,2054.166748,2000.000000,2041.666626,46763
1882.554810,2029.166626,2012-10-05,2062.500000,1958.333374,2050.000000,68771
1870.958130,2016.666626,2012-10-08,2054.166748,1991.666626,2037.500000,59279
1971.463989,2125.000000,2012-10-09,2125.000000,2025.000000,2025.000000,144011
1921.211060,2070.833252,2012-10-10,2133.333252,2062.500000,2108.333252,91931
1940.539185,2091.666748,2012-10-11,2116.666748,2033.333374,2062.500000,116927
1994.657715,2150.000000,2012-10-12,2204.166748,2091.666748,2112.500000,164351
1932.807739,2083.333252,2012-10-15,2241.666748,2041.666626,2183.333252,190523
1932.807739,2083.333252,2012-10-16,2129.166748,2037.500000,2100.000000,143147
1963.732910,2116.666748,2012-10-17,2150.000000,2091.666748,2091.666748,60599
1986.926758,2141.666748,2012-10-18,2158.333252,2104.166748,2141.666748,173363
1963.732910,2116.666748,2012-10-19,2241.666748,2116.666748,2162.500000,351455
2010.120361,2166.666748,2012-10-22,2166.666748,2033.333374,2054.166748,142703
1975.329834,2129.166748,2012-10-23,2191.666748,2129.166748,2166.666748,97139
2002.389038,2158.333252,2012-10-24,2158.333252,2066.666748,2075.000000,70139
1963.732910,2116.666748,2012-10-25,2216.666748,2116.666748,2175.000000,123107
1925.076660,2075.000000,2012-10-26,2154.166748,2050.000000,2116.666748,92183
1932.807739,2083.333252,2012-10-29,2141.666748,2045.833374,2045.833374,69875
1921.211060,2070.833252,2012-10-30,2100.000000,2045.833374,2054.166748,42011
1948.270386,2100.000000,2012-10-31,2137.500000,2070.833252,2070.833252,68099
1928.942383,2079.166748,2012-11-01,2108.333252,2050.000000,2108.333252,60923
1967.598267,2120.833252,2012-11-02,2179.166748,2066.666748,2091.666748,134831
2002.389038,2158.333252,2012-11-05,2204.166748,2120.833252,2120.833252,121619
2118.357178,2283.333252,2012-11-06,2312.500000,2150.000000,2158.333252,602279
2064.238770,2225.000000,2012-11-07,2308.333252,2212.500000,2266.666748,264551
2118.357178,2283.333252,2012-11-08,2337.500000,2158.333252,2175.000000,320327
2102.895020,2266.666748,2012-11-09,2308.333252,2179.166748,2283.333252,188051
2099.029541,2262.500000,2012-11-12,2316.666748,2237.500000,2300.000000,388595
1816.839478,1958.333374,2012-11-13,2204.166748,1958.333374,2204.166748,665399
1778.183228,1916.666626,2012-11-14,1941.666626,1833.333374,1929.166626,248171
1666.080444,1795.833374,2012-11-15,1879.166626,1733.333374,1858.333374,239183
1608.096191,1733.333374,2012-11-16,1833.333374,1708.333374,1804.166626,110687
1669.946045,1800.000000,2012-11-19,1812.500000,1745.833374,1745.833374,50447
1700.870972,1833.333374,2012-11-20,1845.833374,1800.000000,1829.166626,54599
1716.333496,1850.000000,2012-11-21,1854.166626,1800.000000,1833.333374,67691
1708.602173,1841.666626,2012-11-22,1866.666626,1833.333374,1866.666626,24827
1724.064697,1858.333374,2012-11-23,1862.500000,1812.500000,1841.666626,29351
1735.661499,1870.833374,2012-11-26,1879.166626,1825.000000,1825.000000,42935
1693.139648,1825.000000,2012-11-27,1870.833374,1816.666626,1870.833374,53219
1623.558594,1750.000000,2012-11-28,1841.666626,1729.166626,1841.666626,71855
1642.886719,1770.833374,2012-11-29,1791.666626,1733.333374,1775.000000,56207
1604.230469,1729.166626,2012-11-30,1787.500000,1720.833374,1787.500000,47027
1604.230469,1729.166626,2012-12-03,1775.000000,1729.166626,1750.000000,32663
1631.289795,1758.333374,2012-12-04,1770.833374,1708.333374,1729.166626,28463
1611.961792,1737.500000,2012-12-05,1779.166626,1729.166626,1775.000000,38075
1642.886719,1770.833374,2012-12-06,1775.000000,1733.333374,1737.500000,48515
1631.289795,1758.333374,2012-12-07,1812.500000,1729.166626,1770.833374,42383
1619.693115,1745.833374,2012-12-10,1762.500000,1733.333374,1733.333374,22631
1631.289795,1758.333374,2012-12-11,1800.000000,1750.000000,1766.666626,20555
1646.752319,1775.000000,2012-12-12,1783.333374,1733.333374,1741.666626,38843
1658.349121,1787.500000,2012-12-13,1795.833374,1750.000000,1750.000000,16355
1658.349121,1787.500000,2012-12-14,1825.000000,1758.333374,1787.500000,27923
1681.542847,1812.500000,2012-12-17,1829.166626,1779.166626,1804.166626,19115
1697.005249,1829.166626,2012-12-18,1858.333374,1800.000000,1808.333374,54971
1685.408447,1816.666626,2012-12-20,1833.333374,1795.833374,1833.333374,19787
1700.870972,1833.333374,2012-12-21,1833.333374,1779.166626,1791.666626,15935
1704.736572,1837.500000,2012-12-24,1875.000000,1808.333374,1833.333374,17111
1685.408447,1816.666626,2012-12-26,1829.166626,1795.833374,1816.666626,51323
1729.133667,1812.500000,2012-12-27,1820.833374,1770.833374,1779.166626,49331
1760.933838,1845.833374,2012-12-28,1845.833374,1795.833374,1825.000000,29759
1764.908936,1850.000000,2013-01-02,1862.500000,1833.333374,1837.500000,7199
1749.008789,1833.333374,2013-01-03,1850.000000,1816.666626,1833.333374,8843
1749.008789,1833.333374,2013-01-04,1841.666626,1804.166626,1833.333374,20795
1745.033813,1829.166626,2013-01-07,1845.833374,1816.666626,1833.333374,25559
1729.133667,1812.500000,2013-01-08,1833.333374,1800.000000,1833.333374,32759
1729.133667,1812.500000,2013-01-09,1829.166626,1800.000000,1829.166626,7199
1737.083862,1820.833374,2013-01-10,1845.833374,1800.000000,1833.333374,21911
1733.108643,1816.666626,2013-01-11,1845.833374,1808.333374,1833.333374,28859
1725.158691,1808.333374,2013-01-14,1829.166626,1804.166626,1829.166626,38855
1741.058716,1825.000000,2013-01-15,1837.500000,1791.666626,1804.166626,65003
1756.958740,1841.666626,2013-01-16,1854.166626,1829.166626,1829.166626,38735
1729.133667,1812.500000,2013-01-17,1854.166626,1808.333374,1850.000000,19631
1749.008789,1833.333374,2013-01-18,1841.666626,1812.500000,1833.333374,22487
1752.983765,1837.500000,2013-01-21,1866.666626,1837.500000,1845.833374,36095
1760.933838,1845.833374,2013-01-22,1845.833374,1812.500000,1833.333374,42131
1760.933838,1845.833374,2013-01-23,1870.833374,1833.333374,1866.666626,39275
1749.008789,1833.333374,2013-01-24,1858.333374,1829.166626,1854.166626,42311
1729.133667,1812.500000,2013-01-25,1850.000000,1800.000000,1850.000000,43811
1721.183594,1804.166626,2013-01-28,1833.333374,1800.000000,1820.833374,16283
1705.283569,1787.500000,2013-01-29,1808.333374,1783.333374,1808.333374,32279
1701.308594,1783.333374,2013-01-30,1795.833374,1754.166626,1791.666626,18443
1669.508423,1750.000000,2013-01-31,1800.000000,1750.000000,1762.500000,25175
1669.508423,1750.000000,2013-02-01,1766.666626,1691.666626,1750.000000,58523
1689.383545,1770.833374,2013-02-04,1795.833374,1729.166626,1729.166626,30899
1693.358521,1775.000000,2013-02-05,1795.833374,1733.333374,1795.833374,31979
1701.308594,1783.333374,2013-02-06,1783.333374,1754.166626,1783.333374,22811
1701.308594,1783.333374,2013-02-07,1787.500000,1770.833374,1783.333374,16631
1673.483276,1754.166626,2013-02-08,1795.833374,1745.833374,1795.833374,20747
1653.608398,1733.333374,2013-02-12,1754.166626,1716.666626,1754.166626,32375
1661.558350,1741.666626,2013-02-13,1741.666626,1716.666626,1741.666626,23303
1657.583252,1737.500000,2013-02-14,1745.833374,1729.166626,1729.166626,12935
1669.508423,1750.000000,2013-02-15,1750.000000,1733.333374,1737.500000,12935
1693.358521,1775.000000,2013-02-18,1779.166626,1725.000000,1750.000000,54947
1693.358521,1775.000000,2013-02-19,1783.333374,1754.166626,1775.000000,32219
1697.333496,1779.166626,2013-02-20,1800.000000,1770.833374,1800.000000,19175
1673.483276,1754.166626,2013-02-21,1787.500000,1750.000000,1766.666626,34067
1673.483276,1754.166626,2013-02-22,1770.833374,1741.666626,1766.666626,17267
1709.258545,1791.666626,2013-02-25,1866.666626,1750.000000,1770.833374,126395
1713.233643,1795.833374,2013-02-26,1812.500000,1770.833374,1791.666626,31631
1737.083862,1820.833374,2013-02-27,1825.000000,1791.666626,1812.500000,36791
1752.983765,1837.500000,2013-02-28,1850.000000,1808.333374,1808.333374,29519
1729.133667,1812.500000,2013-03-04,1875.000000,1812.500000,1875.000000,51923
1709.258545,1791.666626,2013-03-05,1833.333374,1770.833374,1829.166626,111887
1737.083862,1820.833374,2013-03-06,1825.000000,1795.833374,1808.333374,12011
1745.033813,1829.166626,2013-03-07,1829.166626,1800.000000,1820.833374,27779
1737.083862,1820.833374,2013-03-08,1833.333374,1804.166626,1825.000000,20183
1717.208618,1800.000000,2013-03-11,1833.333374,1783.333374,1820.833374,20435
1749.008789,1833.333374,2013-03-12,1841.666626,1800.000000,1808.333374,24671
1752.983765,1837.500000,2013-03-13,1841.666626,1804.166626,1833.333374,32951
1768.883789,1854.166626,2013-03-14,1854.166626,1837.500000,1841.666626,39275
1780.808960,1866.666626,2013-03-15,1875.000000,1850.000000,1862.500000,39407
1733.108643,1816.666626,2013-03-18,1870.833374,1816.666626,1837.500000,22643
1749.008789,1833.333374,2013-03-19,1833.333374,1808.333374,1808.333374,7559
1784.783936,1870.833374,2013-03-20,1875.000000,1816.666626,1833.333374,45671
1935.834717,2029.166626,2013-03-21,2141.666748,1883.333374,1883.333374,2102075
1963.659790,2058.333252,2013-03-22,2133.333252,2020.833374,2083.333252,383255
2067.010254,2166.666748,2013-03-25,2333.333252,2087.500000,2087.500000,1138487
2035.210083,2133.333252,2013-03-26,2216.666748,2100.000000,2183.333252,482279
2007.385132,2104.166748,2013-03-27,2195.833252,2104.166748,2166.666748,258035
1955.709839,2050.000000,2013-03-28,2116.666748,2016.666626,2066.666748,310499
1987.509888,2083.333252,2013-03-29,2291.666748,2083.333252,2083.333252,1152683
1991.484985,2087.500000,2013-04-01,2100.000000,2020.833374,2087.500000,373403
1991.484985,2087.500000,2013-04-02,2166.666748,2066.666748,2104.166748,254711
1975.584839,2070.833252,2013-04-03,2133.333252,2037.500000,2133.333252,202823
1915.959595,2008.333374,2013-04-04,2075.000000,1920.833374,2050.000000,282731
1876.209473,1966.666626,2013-04-05,2108.333252,1954.166626,2020.833374,231671
1840.434204,1929.166626,2013-04-08,1987.500000,1870.833374,1966.666626,252731
1784.783936,1870.833374,2013-04-09,1945.833374,1825.000000,1895.833374,362807
1804.658936,1891.666626,2013-04-10,1970.833374,1854.166626,1883.333374,165635
1856.334351,1945.833374,2013-04-11,1958.333374,1895.833374,1941.666626,153443
1852.359253,1941.666626,2013-04-12,1983.333374,1908.333374,1983.333374,99971
1915.959595,2008.333374,2013-04-15,2012.500000,1920.833374,1933.333374,136583
1939.809814,2033.333374,2013-04-16,2066.666748,1958.333374,1958.333374,139751
1911.984619,2004.166626,2013-04-17,2066.666748,2000.000000,2050.000000,83771
1888.134399,1979.166626,2013-04-18,2191.666748,1958.333374,2008.333374,577391
1908.009521,2000.000000,2013-04-19,2004.166626,1925.000000,1983.333374,124343
1908.009521,2000.000000,2013-04-22,2020.833374,1970.833374,2016.666626,59999
1939.809814,2033.333374,2013-04-23,2054.166748,1975.000000,1995.833374,122387
1959.684814,2054.166748,2013-04-24,2116.666748,2008.333374,2050.000000,178139
1915.959595,2008.333374,2013-04-25,2112.500000,2008.333374,2083.333252,106391
1963.659790,2058.333252,2013-04-26,2100.000000,2012.500000,2012.500000,107483
1963.659790,2058.333252,2013-04-29,2116.666748,2058.333252,2058.333252,68531
1995.460083,2091.666748,2013-04-30,2104.166748,2041.666626,2083.333252,87647
2035.210083,2133.333252,2013-05-02,2208.333252,2054.166748,2079.166748,214871
2043.160400,2141.666748,2013-05-03,2166.666748,2100.000000,2141.666748,51479
1991.484985,2087.500000,2013-05-06,2162.500000,2079.166748,2158.333252,99215
1963.659790,2058.333252,2013-05-07,2087.500000,2045.833374,2066.666748,159227
1967.634888,2062.500000,2013-05-08,2087.500000,2062.500000,2066.666748,77591
1983.535034,2079.166748,2013-05-09,2108.333252,2054.166748,2070.833252,66287
2007.385132,2104.166748,2013-05-10,2191.666748,2079.166748,2083.333252,147035
2055.085449,2154.166748,2013-05-13,2154.166748,2104.166748,2120.833252,76763
2043.160400,2141.666748,2013-05-14,2241.666748,2137.500000,2154.166748,136859
2031.235352,2129.166748,2013-05-15,2179.166748,2116.666748,2141.666748,83231
2007.385132,2104.166748,2013-05-16,2141.666748,2100.000000,2133.333252,87755
1943.784790,2037.500000,2013-05-20,2116.666748,2033.333374,2104.166748,109439
1939.809814,2033.333374,2013-05-21,2070.833252,2004.166626,2020.833374,56951
1975.584839,2070.833252,2013-05-22,2075.000000,2041.666626,2050.000000,36539
1947.759766,2041.666626,2013-05-23,2075.000000,2025.000000,2025.000000,78695
1951.734741,2045.833374,2013-05-24,2058.333252,2025.000000,2041.666626,39335
1991.484985,2087.500000,2013-05-27,2100.000000,2016.666626,2054.166748,80063
2035.210083,2133.333252,2013-05-28,2154.166748,2087.500000,2091.666748,133559
2043.160400,2141.666748,2013-05-29,2154.166748,2108.333252,2154.166748,38147
2011.359863,2108.333252,2013-05-30,2141.666748,2087.500000,2120.833252,68291
2027.260254,2125.000000,2013-05-31,2129.166748,2087.500000,2125.000000,53843
1935.834717,2029.166626,2013-06-03,2125.000000,2029.166626,2125.000000,147491
1888.134399,1979.166626,2013-06-04,2075.000000,1979.166626,2075.000000,121343
1939.809814,2033.333374,2013-06-05,2033.333374,1958.333374,1962.500000,70619
1904.034546,1995.833374,2013-06-07,2033.333374,1966.666626,2029.166626,76619
1860.309326,1950.000000,2013-06-10,2087.500000,1950.000000,2033.333374,195851
1844.409302,1933.333374,2013-06-11,1991.666626,1887.500000,1966.666626,91031
1848.384277,1937.500000,2013-06-12,1941.666626,1900.000000,1904.166626,63803
1856.334351,1945.833374,2013-06-13,1962.500000,1916.666626,1945.833374,45071
1872.234375,1962.500000,2013-06-14,2041.666626,1950.000000,1983.333374,96671
1880.184448,1970.833374,2013-06-17,2020.833374,1875.000000,1979.166626,105731
1919.934692,2012.500000,2013-06-18,2012.500000,1937.500000,1970.833374,58151
1935.834717,2029.166626,2013-06-19,2033.333374,1987.500000,2025.000000,23147
1908.009521,2000.000000,2013-06-20,2029.166626,1916.666626,2029.166626,41123
1876.209473,1966.666626,2013-06-21,1966.666626,1875.000000,1950.000000,85019
1780.808960,1866.666626,2013-06-24,1975.000000,1866.666626,1966.666626,72803
1570.132935,1645.833374,2013-06-25,1900.000000,1600.000000,1875.000000,244091
1657.583252,1737.500000,2013-06-26,1737.500000,1633.333374,1645.833374,79163
1741.058716,1825.000000,2013-06-27,1825.000000,1737.500000,1741.666626,41471
1772.859009,1858.333374,2013-06-28,1858.333374,1812.500000,1825.000000,25559
1764.908936,1850.000000,2013-07-01,1891.666626,1850.000000,1858.333374,46991
1756.958740,1841.666626,2013-07-02,1866.666626,1795.833374,1850.000000,48695
1713.233643,1795.833374,2013-07-03,1858.333374,1733.333374,1841.666626,63659
1713.233643,1795.833374,2013-07-04,1800.000000,1733.333374,1762.500000,40307
1701.308594,1783.333374,2013-07-05,1812.500000,1766.666626,1795.833374,24971
1709.258545,1791.666626,2013-07-08,1808.333374,1766.666626,1779.166626,18383
1717.208618,1800.000000,2013-07-09,1812.500000,1779.166626,1779.166626,20927
1705.283569,1787.500000,2013-07-10,1812.500000,1770.833374,1783.333374,29567
1752.983765,1837.500000,2013-07-11,1845.833374,1800.000000,1800.000000,45911
1772.859009,1858.333374,2013-07-12,1862.500000,1833.333374,1854.166626,9011
1776.833862,1862.500000,2013-07-15,1862.500000,1833.333374,1858.333374,13895
1764.908936,1850.000000,2013-07-16,1879.166626,1833.333374,1866.666626,37079
1768.883789,1854.166626,2013-07-17,1854.166626,1820.833374,1829.166626,26519
1741.058716,1825.000000,2013-07-18,1854.166626,1825.000000,1833.333374,13127
1804.658936,1891.666626,2013-07-19,1891.666626,1820.833374,1833.333374,51131
1816.584106,1904.166626,2013-07-22,1933.333374,1891.666626,1900.000000,49991
1792.734009,1879.166626,2013-07-23,1933.333374,1862.500000,1908.333374,30407
1800.684082,1887.500000,2013-07-24,1908.333374,1862.500000,1862.500000,36971
1788.759033,1875.000000,2013-07-25,1908.333374,1866.666626,1904.166626,16487
1792.734009,1879.166626,2013-07-26,1891.666626,1858.333374,1875.000000,47939
1800.684082,1887.500000,2013-07-29,1912.500000,1875.000000,1887.500000,41111
1804.658936,1891.666626,2013-07-30,1904.166626,1866.666626,1887.500000,36491
1784.783936,1870.833374,2013-07-31,1904.166626,1866.666626,1870.833374,22079
1800.684082,1887.500000,2013-08-01,1887.500000,1866.666626,1866.666626,19427
1816.584106,1904.166626,2013-08-02,1904.166626,1879.166626,1900.000000,24515
1796.709106,1883.333374,2013-08-05,1916.666626,1862.500000,1916.666626,64499
1776.833862,1862.500000,2013-08-06,1887.500000,1833.333374,1887.500000,60203
1752.983765,1837.500000,2013-08-07,1875.000000,1833.333374,1845.833374,41267
1745.033813,1829.166626,2013-08-08,1845.833374,1816.666626,1837.500000,32963
1804.658936,1891.666626,2013-08-09,1895.833374,1825.000000,1829.166626,73547
1808.634155,1895.833374,2013-08-12,1908.333374,1866.666626,1895.833374,41567
1800.684082,1887.500000,2013-08-13,1895.833374,1854.166626,1895.833374,23255
1880.184448,1970.833374,2013-08-14,1970.833374,1879.166626,1895.833374,110867
1868.259399,1958.333374,2013-08-16,1983.333374,1916.666626,1966.666626,48287
1860.309326,1950.000000,2013-08-19,1987.500000,1937.500000,1975.000000,40859
1828.509155,1916.666626,2013-08-20,1991.666626,1904.166626,1950.000000,51683
1784.783936,1870.833374,2013-08-21,1941.666626,1816.666626,1916.666626,43487
1721.183594,1804.166626,2013-08-22,1879.166626,1800.000000,1879.166626,41807
1760.933838,1845.833374,2013-08-23,1850.000000,1812.500000,1812.500000,58583
1749.008789,1833.333374,2013-08-26,1862.500000,1829.166626,1854.166626,25031
1733.108643,1816.666626,2013-08-27,1862.500000,1808.333374,1833.333374,61595
1749.008789,1833.333374,2013-08-28,1833.333374,1745.833374,1791.666626,69167
1749.008789,1833.333374,2013-08-29,1841.666626,1804.166626,1833.333374,38531
1749.008789,1833.333374,2013-08-30,1866.666626,1808.333374,1833.333374,53471
1756.958740,1841.666626,2013-09-02,1862.500000,1812.500000,1820.833374,18923
1764.908936,1850.000000,2013-09-03,1858.333374,1825.000000,1858.333374,19847
1760.933838,1845.833374,2013-09-04,1850.000000,1829.166626,1850.000000,13511
1733.108643,1816.666626,2013-09-05,1850.000000,1808.333374,1850.000000,28859
1701.308594,1783.333374,2013-09-06,1825.000000,1783.333374,1808.333374,34343
1709.258545,1791.666626,2013-09-09,1800.000000,1775.000000,1775.000000,23519
1705.283569,1787.500000,2013-09-10,1800.000000,1775.000000,1795.833374,34091
1713.233643,1795.833374,2013-09-11,1804.166626,1779.166626,1795.833374,31319
1713.233643,1795.833374,2013-09-12,1825.000000,1791.666626,1825.000000,40631
1709.258545,1791.666626,2013-09-13,1812.500000,1775.000000,1812.500000,24203
1733.108643,1816.666626,2013-09-16,1841.666626,1783.333374,1783.333374,57335
1737.083862,1820.833374,2013-09-17,1825.000000,1800.000000,1816.666626,13583
1729.133667,1812.500000,2013-09-23,1833.333374,1808.333374,1808.333374,20123
1737.083862,1820.833374,2013-09-24,1825.000000,1800.000000,1825.000000,14087
1752.983765,1837.500000,2013-09-25,1866.666626,1820.833374,1820.833374,36707
1784.783936,1870.833374,2013-09-26,1875.000000,1816.666626,1837.500000,29399
1852.359253,1941.666626,2013-09-27,1966.666626,1862.500000,1879.166626,159575
1848.384277,1937.500000,2013-09-30,1954.166626,1916.666626,1954.166626,29555
1796.709106,1883.333374,2013-10-01,1937.500000,1879.166626,1920.833374,59555
1888.134399,1979.166626,2013-10-02,1979.166626,1904.166626,1933.333374,78623
1852.359253,1941.666626,2013-10-04,1983.333374,1879.166626,1983.333374,44327
1820.559082,1908.333374,2013-10-07,1941.666626,1891.666626,1925.000000,15035
1836.459229,1925.000000,2013-10-08,1929.166626,1858.333374,1904.166626,30791
1808.634155,1895.833374,2013-10-10,1933.333374,1895.833374,1929.166626,14495
1844.409302,1933.333374,2013-10-11,1962.500000,1904.166626,1904.166626,53627
1904.034546,1995.833374,2013-10-14,2120.833252,1950.000000,1970.833374,478823
1904.034546,1995.833374,2013-10-15,2041.666626,1970.833374,2012.500000,72155
1892.109619,1983.333374,2013-10-16,2029.166626,1916.666626,2029.166626,61571
1852.359253,1941.666626,2013-10-17,1991.666626,1925.000000,1987.500000,22847
1816.584106,1904.166626,2013-10-18,1950.000000,1900.000000,1950.000000,35351
1840.434204,1929.166626,2013-10-21,1929.166626,1900.000000,1908.333374,11327
1832.484253,1920.833374,2013-10-22,1950.000000,1883.333374,1941.666626,34343
1804.658936,1891.666626,2013-10-23,1925.000000,1891.666626,1916.666626,24983
1820.559082,1908.333374,2013-10-24,1908.333374,1883.333374,1883.333374,7799
1931.859619,2025.000000,2013-10-25,2045.833374,1900.000000,1925.000000,124067
1947.759766,2041.666626,2013-10-28,2125.000000,2020.833374,2033.333374,101327
2035.210083,2133.333252,2013-10-29,2145.833252,2000.000000,2037.500000,98279
2051.110107,2150.000000,2013-10-30,2175.000000,2083.333252,2108.333252,151247
1995.460083,2091.666748,2013-10-31,2145.833252,2041.666626,2145.833252,74615
1947.759766,2041.666626,2013-11-01,2100.000000,2029.166626,2091.666748,53423
1947.759766,2041.666626,2013-11-04,2058.333252,2004.166626,2016.666626,35423
1955.709839,2050.000000,2013-11-05,2070.833252,2016.666626,2041.666626,61847
1908.009521,2000.000000,2013-11-06,2083.333252,2000.000000,2062.500000,45059
1868.259399,1958.333374,2013-11-07,2016.666626,1933.333374,1979.166626,66419
1860.309326,1950.000000,2013-11-08,1966.666626,1925.000000,1925.000000,50615
1848.384277,1937.500000,2013-11-11,1966.666626,1916.666626,1937.500000,42371
1832.484253,1920.833374,2013-11-12,1950.000000,1916.666626,1925.000000,18755
1836.459229,1925.000000,2013-11-13,1937.500000,1891.666626,1912.500000,25391
1864.284302,1954.166626,2013-11-14,1958.333374,1925.000000,1925.000000,12443
1856.334351,1945.833374,2013-11-15,1983.333374,1916.666626,1983.333374,23243
1836.459229,1925.000000,2013-11-18,1958.333374,1887.500000,1958.333374,36167
1816.584106,1904.166626,2013-11-19,1925.000000,1870.833374,1904.166626,27671
1824.534180,1912.500000,2013-11-20,1933.333374,1891.666626,1891.666626,20303
1808.634155,1895.833374,2013-11-21,1908.333374,1891.666626,1891.666626,8435
2027.260254,2125.000000,2013-11-22,2133.333252,1895.833374,1895.833374,484247
2019.310181,2116.666748,2013-11-25,2170.833252,2087.500000,2162.500000,107507
2023.285034,2120.833252,2013-11-26,2129.166748,2091.666748,2095.833252,91883
2039.185181,2137.500000,2013-11-27,2166.666748,2091.666748,2141.666748,103139
1975.584839,2070.833252,2013-11-28,2154.166748,2066.666748,2154.166748,80879
2110.735596,2212.500000,2013-11-29,2241.666748,2070.833252,2070.833252,466415
2015.335205,2112.500000,2013-12-02,2225.000000,2066.666748,2200.000000,236783
2027.260254,2125.000000,2013-12-03,2266.666748,2083.333252,2158.333252,856463
1995.460083,2091.666748,2013-12-04,2183.333252,2091.666748,2166.666748,229343
2067.010254,2166.666748,2013-12-05,2212.500000,2029.166626,2045.833374,628379
2146.510742,2250.000000,2013-12-06,2475.000000,2133.333252,2150.000000,1524023
2182.286133,2287.500000,2013-12-09,2429.166748,2287.500000,2316.666748,1035971
2186.260986,2291.666748,2013-12-10,2391.666748,2250.000000,2287.500000,425951
2015.335205,2112.500000,2013-12-11,2329.166748,2112.500000,2275.000000,464783
2082.910400,2183.333252,2013-12-12,2387.500000,2183.333252,2208.333252,1587659
2392.961914,2508.333252,2013-12-13,2508.333252,2145.833252,2145.833252,1845443
2369.111816,2483.333252,2013-12-16,2495.833252,2400.000000,2458.333252,1287959
2233.961182,2341.666748,2013-12-17,2604.166748,2287.500000,2500.000000,2391839
2178.310791,2283.333252,2013-12-18,2412.500000,2233.333252,2366.666748,1118639
2182.286133,2287.500000,2013-12-19,2358.333252,2220.833252,2325.000000,718775
2106.760498,2208.333252,2013-12-20,2325.000000,2175.000000,2287.500000,622679
2067.010254,2166.666748,2013-12-23,2229.166748,2150.000000,2220.833252,354683
2158.435791,2262.500000,2013-12-24,2312.500000,2195.833252,2237.500000,1034615
2226.011230,2333.333252,2013-12-26,2483.333252,2208.333252,2250.000000,1220603
2311.314453,2370.833252,2013-12-27,2400.000000,2258.333252,2366.666748,362927
2278.818115,2337.500000,2013-12-30,2395.833252,2325.000000,2370.833252,191723
2254.445557,2312.500000,2014-01-02,2408.333252,2283.333252,2337.500000,274067
2201.638672,2258.333252,2014-01-03,2350.000000,2208.333252,2312.500000,236651
2177.266357,2233.333252,2014-01-06,2283.333252,2220.833252,2262.500000,69599
2299.128174,2358.333252,2014-01-07,2433.333252,2225.000000,2233.333252,393683
2311.314453,2370.833252,2014-01-08,2412.500000,2312.500000,2362.500000,213275
2217.886963,2275.000000,2014-01-09,2400.000000,2275.000000,2375.000000,194315
2250.383545,2308.333252,2014-01-10,2308.333252,2233.333252,2300.000000,137183
2311.314453,2370.833252,2014-01-13,2370.833252,2283.333252,2341.666748,193763
2274.755859,2333.333252,2014-01-14,2416.666748,2312.500000,2370.833252,252611
2217.886963,2275.000000,2014-01-15,2408.333252,2275.000000,2341.666748,226943
2193.514648,2250.000000,2014-01-16,2291.666748,2208.333252,2241.666748,227783
2189.452637,2245.833252,2014-01-17,2279.166748,2233.333252,2250.000000,82271
2161.018311,2216.666748,2014-01-20,2262.500000,2195.833252,2262.500000,110315
2132.583740,2187.500000,2014-01-21,2225.000000,2158.333252,2216.666748,180707
2205.700928,2262.500000,2014-01-22,2266.666748,2179.166748,2195.833252,141155
2161.018311,2216.666748,2014-01-23,2308.333252,2216.666748,2291.666748,104315
2144.770020,2200.000000,2014-01-24,2258.333252,2183.333252,2258.333252,53867
2055.404541,2108.333252,2014-01-27,2175.000000,2091.666748,2150.000000,178907
2071.652832,2125.000000,2014-01-28,2154.166748,2095.833252,2116.666748,72827
2067.590576,2120.833252,2014-01-29,2154.166748,2108.333252,2116.666748,53915
2079.776855,2133.333252,2014-02-03,2150.000000,2104.166748,2120.833252,62495
2087.901123,2141.666748,2014-02-04,2200.000000,2116.666748,2133.333252,75251
2173.204346,2229.166748,2014-02-05,2229.166748,2145.833252,2145.833252,67139
2161.018311,2216.666748,2014-02-06,2254.166748,2179.166748,2212.500000,100847
2173.204346,2229.166748,2014-02-07,2237.500000,2183.333252,2237.500000,74027
2124.459717,2179.166748,2014-02-10,2233.333252,2170.833252,2204.166748,60071
2169.142334,2225.000000,2014-02-11,2291.666748,2137.500000,2179.166748,166175
2201.638672,2258.333252,2014-02-12,2329.166748,2212.500000,2233.333252,216203
2250.383545,2308.333252,2014-02-13,2425.000000,2233.333252,2237.500000,439295
2254.445557,2312.500000,2014-02-14,2329.166748,2270.833252,2316.666748,120731
2278.818115,2337.500000,2014-02-17,2400.000000,2312.500000,2400.000000,331703
2303.190430,2362.500000,2014-02-18,2387.500000,2312.500000,2337.500000,175295
2299.128174,2358.333252,2014-02-19,2375.000000,2320.833252,2362.500000,103739
2217.886963,2275.000000,2014-02-20,2345.833252,2275.000000,2345.833252,84227
2254.445557,2312.500000,2014-02-21,2316.666748,2275.000000,2275.000000,34523
2351.935303,2412.500000,2014-02-24,2454.166748,2283.333252,2316.666748,510335
2368.183594,2429.166748,2014-02-25,2466.666748,2412.500000,2433.333252,342347
2396.617920,2458.333252,2014-02-26,2558.333252,2391.666748,2416.666748,744155
2372.245361,2433.333252,2014-02-27,2479.166748,2408.333252,2475.000000,200423
2339.749023,2400.000000,2014-02-28,2520.833252,2375.000000,2483.333252,369083
2299.128174,2358.333252,2014-03-03,2479.166748,2341.666748,2416.666748,204275
2319.438721,2379.166748,2014-03-04,2383.333252,2345.833252,2358.333252,123035
2477.859375,2541.666748,2014-03-05,2558.333252,2408.333252,2408.333252,774875
2494.107422,2558.333252,2014-03-06,2695.833252,2525.000000,2525.000000,556043
2591.596924,2658.333252,2014-03-07,2679.166748,2566.666748,2566.666748,404243
2611.907471,2679.166748,2014-03-10,2720.833252,2591.666748,2691.666748,242003
2583.472900,2650.000000,2014-03-11,2745.833252,2650.000000,2666.666748,256103
2559.100586,2625.000000,2014-03-12,2654.166748,2583.333252,2650.000000,174455
2640.341797,2708.333252,2014-03-13,2725.000000,2579.166748,2629.166748,183371
2518.479736,2583.333252,2014-03-14,2700.000000,2583.333252,2695.833252,168143
2457.548828,2520.833252,2014-03-17,2625.000000,2504.166748,2558.333252,103139
2485.983398,2550.000000,2014-03-18,2575.000000,2508.333252,2566.666748,121079
2485.983398,2550.000000,2014-03-19,2608.333252,2516.666748,2575.000000,125447
2437.238525,2500.000000,2014-03-20,2570.833252,2454.166748,2545.833252,165743
2550.976318,2616.666748,2014-03-21,2625.000000,2508.333252,2529.166748,260351
2514.417725,2579.166748,2014-03-24,2650.000000,2575.000000,2616.666748,129347
2360.059326,2420.833252,2014-03-25,2600.000000,2420.833252,2570.833252,196115
2384.431641,2445.833252,2014-03-26,2475.000000,2437.500000,2441.666748,106631
2416.928223,2479.166748,2014-03-27,2479.166748,2425.000000,2450.000000,52223
2368.183594,2429.166748,2014-03-28,2479.166748,2429.166748,2445.833252,102959
2319.438721,2379.166748,2014-03-31,2454.166748,2375.000000,2433.333252,121523
2307.252686,2366.666748,2014-04-01,2425.000000,2366.666748,2416.666748,97031
2396.617920,2458.333252,2014-04-02,2462.500000,2387.500000,2387.500000,162059
2445.362549,2508.333252,2014-04-03,2520.833252,2433.333252,2470.833252,155807
2810.948486,2883.333252,2014-04-04,2883.333252,2475.000000,2516.666748,2447219
3046.548096,3125.000000,2014-04-07,3237.500000,2912.500000,2991.666748,6152339
3079.044678,3158.333252,2014-04-08,3279.166748,3025.000000,3175.000000,2989439
3135.913574,3216.666748,2014-04-09,3416.666748,3087.500000,3158.333252,3846827
3038.424072,3116.666748,2014-04-10,3312.500000,3116.666748,3250.000000,1305251
3062.796631,3141.666748,2014-04-11,3141.666748,3016.666748,3050.000000,822275
3018.113770,3095.833252,2014-04-14,3220.833252,3066.666748,3125.000000,1302059
3156.223877,3237.500000,2014-04-15,3237.500000,3083.333252,3125.000000,1422239
3168.410156,3250.000000,2014-04-16,3308.333252,3166.666748,3270.833252,1484231
2981.555176,3058.333252,2014-04-17,3470.833252,3050.000000,3287.500000,1797623
3038.424072,3116.666748,2014-04-18,3133.333252,3025.000000,3087.500000,645419
2875.941406,2950.000000,2014-04-21,3137.500000,2945.833252,3116.666748,609779
2924.686279,3000.000000,2014-04-22,3025.000000,2941.666748,2950.000000,360719
2855.631348,2929.166748,2014-04-23,3020.833252,2916.666748,3008.333252,323399
2839.382813,2912.500000,2014-04-24,2983.333252,2804.166748,2933.333252,279539
2786.575928,2858.333252,2014-04-25,2933.333252,2841.666748,2887.500000,143999
2880.003662,2954.166748,2014-04-28,2954.166748,2804.166748,2804.166748,224471
2778.451904,2850.000000,2014-04-29,2983.333252,2837.500000,2962.500000,192479
2725.645020,2795.833252,2014-04-30,2904.166748,2783.333252,2870.833252,121499
2680.962402,2750.000000,2014-05-02,2820.833252,2695.833252,2800.000000,250571
2668.776123,2737.500000,2014-05-07,2754.166748,2691.666748,2741.666748,178295
2802.824219,2875.000000,2014-05-08,2891.666748,2741.666748,2741.666748,240575
2835.320801,2908.333252,2014-05-09,2929.166748,2854.166748,2912.500000,196727
2713.458740,2783.333252,2014-05-12,2883.333252,2729.166748,2854.166748,446375
2550.976318,2616.666748,2014-05-13,2783.333252,2545.833252,2754.166748,706019
2542.852051,2608.333252,2014-05-14,2658.333252,2591.666748,2620.833252,186071
2542.852051,2608.333252,2014-05-15,2645.833252,2583.333252,2645.833252,139871
2485.983398,2550.000000,2014-05-16,2637.500000,2495.833252,2583.333252,239987
2355.997314,2416.666748,2014-05-19,2566.666748,2408.333252,2525.000000,317963
2376.307617,2437.500000,2014-05-20,2445.833252,2312.500000,2391.666748,200219
2372.245361,2433.333252,2014-05-21,2495.833252,2408.333252,2433.333252,127739
2372.245361,2433.333252,2014-05-22,2487.500000,2425.000000,2425.000000,70283
2380.369629,2441.666748,2014-05-23,2508.333252,2441.666748,2441.666748,112031
2355.997314,2416.666748,2014-05-26,2470.833252,2383.333252,2470.833252,89447
2319.438721,2379.166748,2014-05-27,2541.666748,2379.166748,2525.000000,125003
2286.942139,2345.833252,2014-05-28,2400.000000,2312.500000,2379.166748,113639
2315.376709,2375.000000,2014-05-29,2387.500000,2345.833252,2345.833252,55859
2315.376709,2375.000000,2014-05-30,2470.833252,2375.000000,2375.000000,148607
2181.328613,2237.500000,2014-06-02,2375.000000,2233.333252,2375.000000,235115
2185.390625,2241.666748,2014-06-03,2287.500000,2166.666748,2204.166748,189347
2193.514648,2250.000000,2014-06-05,2283.333252,2216.666748,2216.666748,82391
2242.259521,2300.000000,2014-06-09,2300.000000,2233.333252,2250.000000,52115
2242.259521,2300.000000,2014-06-10,2329.166748,2266.666748,2266.666748,63539
2234.135498,2291.666748,2014-06-11,2325.000000,2279.166748,2300.000000,43127
2270.694092,2329.166748,2014-06-12,2350.000000,2266.666748,2291.666748,48263
2226.011230,2283.333252,2014-06-13,2341.666748,2241.666748,2341.666748,92387
2266.631836,2325.000000,2014-06-16,2341.666748,2308.333252,2312.500000,38147
2323.500732,2383.333252,2014-06-17,2387.500000,2316.666748,2325.000000,72263
2291.004150,2350.000000,2014-06-18,2391.666748,2316.666748,2366.666748,60407
2226.011230,2283.333252,2014-06-19,2366.666748,2250.000000,2350.000000,106199
2205.700928,2262.500000,2014-06-20,2308.333252,2250.000000,2308.333252,143855
2217.886963,2275.000000,2014-06-23,2283.333252,2258.333252,2266.666748,94571
2319.438721,2379.166748,2014-06-24,2454.166748,2275.000000,2275.000000,292175
2319.438721,2379.166748,2014-06-25,2416.666748,2362.500000,2400.000000,133259
2372.245361,2433.333252,2014-06-26,2433.333252,2362.500000,2379.166748,110207
2388.493652,2450.000000,2014-06-27,2466.666748,2420.833252,2433.333252,79907
2339.749023,2400.000000,2014-06-30,2450.000000,2375.000000,2450.000000,56639
2396.617920,2458.333252,2014-07-01,2466.666748,2366.666748,2366.666748,92519
2400.679932,2462.500000,2014-07-02,2475.000000,2433.333252,2458.333252,52943
2368.183594,2429.166748,2014-07-03,2462.500000,2412.500000,2462.500000,37943
2335.686768,2395.833252,2014-07-04,2458.333252,2395.833252,2458.333252,23219
2335.686768,2395.833252,2014-07-07,2433.333252,2362.500000,2395.833252,58607
2364.121338,2425.000000,2014-07-08,2425.000000,2366.666748,2375.000000,43655
2368.183594,2429.166748,2014-07-09,2441.666748,2383.333252,2441.666748,36359
2360.059326,2420.833252,2014-07-10,2441.666748,2383.333252,2429.166748,49355
2339.749023,2400.000000,2014-07-11,2437.500000,2375.000000,2408.333252,59351
2351.935303,2412.500000,2014-07-14,2445.833252,2383.333252,2445.833252,31619
2416.928223,2479.166748,2014-07-15,2541.666748,2408.333252,2416.666748,179171
2546.914307,2612.500000,2014-07-16,2641.666748,2425.000000,2491.666748,287567
2490.045410,2554.166748,2014-07-17,2691.666748,2533.333252,2633.333252,327371
2469.734863,2533.333252,2014-07-18,2641.666748,2529.166748,2554.166748,115943
2461.610840,2525.000000,2014-07-21,2554.166748,2491.666748,2537.500000,70187
2453.486816,2516.666748,2014-07-22,2591.666748,2516.666748,2525.000000,82547
2441.300781,2504.166748,2014-07-23,2545.833252,2483.333252,2520.833252,63215
2380.369629,2441.666748,2014-07-24,2529.166748,2429.166748,2504.166748,101255
2355.997314,2416.666748,2014-07-25,2479.166748,2416.666748,2479.166748,52955
2278.818115,2337.500000,2014-07-28,2416.666748,2337.500000,2416.666748,101159
2278.818115,2337.500000,2014-07-29,2387.500000,2325.000000,2337.500000,85187
2250.383545,2308.333252,2014-07-30,2358.333252,2308.333252,2358.333252,52139
2209.762939,2266.666748,2014-07-31,2354.166748,2266.666748,2308.333252,57899
2250.383545,2308.333252,2014-08-01,2320.833252,2212.500000,2212.500000,19607
2266.631836,2325.000000,2014-08-04,2366.666748,2295.833252,2300.000000,16067
2258.507813,2316.666748,2014-08-05,2358.333252,2316.666748,2329.166748,17099
2258.507813,2316.666748,2014-08-06,2354.166748,2266.666748,2300.000000,47027
2217.886963,2275.000000,2014-08-07,2325.000000,2262.500000,2295.833252,31379
2213.824951,2270.833252,2014-08-08,2291.666748,2241.666748,2266.666748,96023
2250.383545,2308.333252,2014-08-11,2350.000000,2250.000000,2258.333252,63947
2250.383545,2308.333252,2014-08-12,2345.833252,2275.000000,2345.833252,10019
2234.135498,2291.666748,2014-08-13,2304.166748,2250.000000,2304.166748,62771
2234.135498,2291.666748,2014-08-14,2333.333252,2270.833252,2291.666748,36695
2242.259521,2300.000000,2014-08-18,2316.666748,2266.666748,2266.666748,38639
2250.383545,2308.333252,2014-08-19,2333.333252,2287.500000,2316.666748,39455
2254.445557,2312.500000,2014-08-20,2333.333252,2291.666748,2291.666748,26951
2286.942139,2345.833252,2014-08-21,2366.666748,2295.833252,2300.000000,58175
2323.500732,2383.333252,2014-08-22,2412.500000,2316.666748,2366.666748,39179
2262.569824,2320.833252,2014-08-25,2412.500000,2312.500000,2408.333252,45143
2291.004150,2350.000000,2014-08-26,2379.166748,2325.000000,2345.833252,28271
2274.755859,2333.333252,2014-08-27,2379.166748,2333.333252,2350.000000,18275
2258.507813,2316.666748,2014-08-28,2350.000000,2316.666748,2329.166748,27011
2246.321533,2304.166748,2014-08-29,2329.166748,2295.833252,2329.166748,28223
2197.576904,2254.166748,2014-09-01,2308.333252,2245.833252,2291.666748,52463
2205.700928,2262.500000,2014-09-02,2300.000000,2245.833252,2254.166748,41495
2193.514648,2250.000000,2014-09-03,2383.333252,2250.000000,2320.833252,88259
2291.004150,2350.000000,2014-09-04,2358.333252,2279.166748,2279.166748,66227
2291.004150,2350.000000,2014-09-05,2370.833252,2308.333252,2370.833252,20327
2299.128174,2358.333252,2014-09-11,2400.000000,2320.833252,2400.000000,34775
2307.252686,2366.666748,2014-09-12,2483.333252,2345.833252,2483.333252,100859
2335.686768,2395.833252,2014-09-15,2429.166748,2366.666748,2400.000000,25247
2364.121338,2425.000000,2014-09-16,2441.666748,2400.000000,2425.000000,32459
2364.121338,2425.000000,2014-09-17,2458.333252,2383.333252,2458.333252,9995
2339.749023,2400.000000,2014-09-18,2433.333252,2366.666748,2433.333252,45239
2327.562744,2387.500000,2014-09-19,2420.833252,2366.666748,2387.500000,14807
2351.935303,2412.500000,2014-09-22,2425.000000,2379.166748,2416.666748,23039
2295.066406,2354.166748,2014-09-23,2412.500000,2354.166748,2412.500000,11699
2295.066406,2354.166748,2014-09-24,2375.000000,2295.833252,2354.166748,18551
2242.259521,2300.000000,2014-09-25,2358.333252,2291.666748,2358.333252,64055
2262.569824,2320.833252,2014-09-26,2325.000000,2287.500000,2291.666748,20375
2258.507813,2316.666748,2014-09-29,2341.666748,2283.333252,2329.166748,96815
2274.755859,2333.333252,2014-09-30,2333.333252,2287.500000,2287.500000,18167
2234.135498,2291.666748,2014-10-01,2325.000000,2275.000000,2308.333252,11723
2173.204346,2229.166748,2014-10-02,2283.333252,2216.666748,2254.166748,28895
2169.142334,2225.000000,2014-10-06,2275.000000,2225.000000,2250.000000,15383
2173.204346,2229.166748,2014-10-07,2266.666748,2104.166748,2233.333252,139079
2156.956055,2212.500000,2014-10-08,2216.666748,2170.833252,2187.500000,26399
2128.521484,2183.333252,2014-10-10,2200.000000,2150.000000,2179.166748,89687
2120.397461,2175.000000,2014-10-13,2204.166748,2125.000000,2187.500000,97103
2112.273438,2166.666748,2014-10-14,2187.500000,2145.833252,2145.833252,36671
2124.459717,2179.166748,2014-10-15,2208.333252,2158.333252,2166.666748,88967
2140.707764,2195.833252,2014-10-16,2195.833252,2150.000000,2166.666748,20555
2124.459717,2179.166748,2014-10-17,2212.500000,2158.333252,2175.000000,42383
2124.459717,2179.166748,2014-10-20,2200.000000,2175.000000,2183.333252,19187
2120.397461,2175.000000,2014-10-21,2208.333252,2170.833252,2208.333252,7631
2116.335449,2170.833252,2014-10-22,2195.833252,2154.166748,2195.833252,36935
2100.087402,2154.166748,2014-10-23,2170.833252,2145.833252,2162.500000,16763
2063.528809,2116.666748,2014-10-24,2166.666748,2083.333252,2154.166748,84083
2018.845825,2070.833252,2014-10-27,2116.666748,2050.000000,2087.500000,103943
2047.280396,2100.000000,2014-10-28,2125.000000,2066.666748,2070.833252,43091
2018.845825,2070.833252,2014-10-29,2133.333252,2062.500000,2083.333252,56267
2022.907959,2075.000000,2014-10-30,2108.333252,2054.166748,2054.166748,7211
2014.783936,2066.666748,2014-10-31,2083.333252,2066.666748,2075.000000,16931
2043.218262,2095.833252,2014-11-03,2125.000000,2058.333252,2058.333252,15371
1990.411499,2041.666626,2014-11-04,2120.833252,2008.333374,2083.333252,10691
1901.046021,1950.000000,2014-11-05,2041.666626,1904.166626,2041.666626,116627
1831.990967,1879.166626,2014-11-06,1991.666626,1879.166626,1950.000000,18899
1823.866943,1870.833374,2014-11-07,1920.833374,1845.833374,1920.833374,18047
1905.108032,1954.166626,2014-11-10,2025.000000,1870.833374,1870.833374,33503
1990.411499,2041.666626,2014-11-11,2104.166748,1933.333374,1933.333374,86459
1990.411499,2041.666626,2014-11-12,2100.000000,2016.666626,2100.000000,22019
1978.225220,2029.166626,2014-11-13,2054.166748,2029.166626,2041.666626,37739
1961.977051,2012.500000,2014-11-14,2045.833374,2000.000000,2029.166626,19139
1949.790894,2000.000000,2014-11-17,2020.833374,1987.500000,2012.500000,16895
1957.915039,2008.333374,2014-11-18,2016.666626,1987.500000,1987.500000,20075
1945.728760,1995.833374,2014-11-19,2008.333374,1979.166626,2008.333374,7607
1937.604614,1987.500000,2014-11-20,2012.500000,1966.666626,1995.833374,7127
1925.418457,1975.000000,2014-11-21,2004.166626,1945.833374,1987.500000,9743
1876.673706,1925.000000,2014-11-24,1995.833374,1916.666626,1975.000000,27143
1953.852905,2004.166626,2014-11-25,2058.333252,1925.000000,1925.000000,45575
1925.418457,1975.000000,2014-11-26,2020.833374,1958.333374,2020.833374,17339
1892.921875,1941.666626,2014-11-27,1991.666626,1920.833374,1975.000000,16295
1892.921875,1941.666626,2014-11-28,1954.166626,1920.833374,1925.000000,13487
1868.549561,1916.666626,2014-12-01,1937.500000,1883.333374,1937.500000,92831
1872.611694,1920.833374,2014-12-02,1958.333374,1891.666626,1916.666626,21311
1852.301270,1900.000000,2014-12-03,1979.166626,1900.000000,1920.833374,11963
1868.549561,1916.666626,2014-12-04,1941.666626,1887.500000,1900.000000,5999
1884.797852,1933.333374,2014-12-05,1937.500000,1916.666626,1916.666626,63935
1925.418457,1975.000000,2014-12-08,1995.833374,1933.333374,1933.333374,39731
1892.921875,1941.666626,2014-12-09,1975.000000,1920.833374,1975.000000,55859
1852.301270,1900.000000,2014-12-10,1954.166626,1900.000000,1954.166626,21755
1844.177124,1891.666626,2014-12-11,1916.666626,1862.500000,1895.833374,44555
1827.928955,1875.000000,2014-12-12,1912.500000,1866.666626,1891.666626,15647
1864.487427,1912.500000,2014-12-15,1916.666626,1850.000000,1875.000000,13607
1856.363281,1904.166626,2014-12-16,1920.833374,1879.166626,1912.500000,5099
1831.990967,1879.166626,2014-12-17,1937.500000,1870.833374,1904.166626,30707
1815.742676,1862.500000,2014-12-18,1912.500000,1833.333374,1879.166626,45395
1836.053101,1883.333374,2014-12-19,1895.833374,1841.666626,1895.833374,25139
1840.115112,1887.500000,2014-12-22,1904.166626,1858.333374,1883.333374,8363
1831.990967,1879.166626,2014-12-23,1929.166626,1875.000000,1900.000000,65303
1909.170288,1958.333374,2014-12-24,1958.333374,1883.333374,1895.833374,52211
1941.666626,1991.666626,2014-12-26,2066.666748,1958.333374,1958.333374,45623
1987.500000,1987.500000,2014-12-29,2004.166626,1966.666626,1991.666626,21875
1941.666626,1941.666626,2014-12-30,2008.333374,1925.000000,1987.500000,7295
1929.166626,1929.166626,2015-01-02,1941.666626,1908.333374,1941.666626,22751
1962.500000,1962.500000,2015-01-05,1991.666626,1908.333374,1929.166626,27395
1966.666626,1966.666626,2015-01-06,1970.833374,1937.500000,1970.833374,9467
1970.833374,1970.833374,2015-01-07,2000.000000,1950.000000,2000.000000,17603
1991.666626,1991.666626,2015-01-08,1991.666626,1962.500000,1991.666626,15599
2029.166626,2029.166626,2015-01-09,2066.666748,1991.666626,2008.333374,58667
2041.666626,2041.666626,2015-01-12,2050.000000,1995.833374,2050.000000,31847
2037.500000,2037.500000,2015-01-13,2050.000000,2016.666626,2045.833374,30479
2016.666626,2016.666626,2015-01-14,2045.833374,2004.166626,2025.000000,26303
2029.166626,2029.166626,2015-01-15,2062.500000,2016.666626,2016.666626,17615
1983.333374,1983.333374,2015-01-16,2029.166626,1958.333374,2016.666626,29987
1979.166626,1979.166626,2015-01-19,2008.333374,1962.500000,1962.500000,41171
1991.666626,1991.666626,2015-01-20,2012.500000,1954.166626,2008.333374,36047
1979.166626,1979.166626,2015-01-21,1991.666626,1962.500000,1991.666626,35447
1941.666626,1941.666626,2015-01-22,1991.666626,1891.666626,1962.500000,52907
1916.666626,1916.666626,2015-01-23,1941.666626,1912.500000,1941.666626,39539
1895.833374,1895.833374,2015-01-26,1937.500000,1887.500000,1916.666626,35783
1891.666626,1891.666626,2015-01-27,1912.500000,1858.333374,1895.833374,60215
1908.333374,1908.333374,2015-01-28,1945.833374,1887.500000,1891.666626,54347
1908.333374,1908.333374,2015-01-29,1950.000000,1875.000000,1895.833374,88079
1945.833374,1945.833374,2015-01-30,1983.333374,1891.666626,1916.666626,43583
1908.333374,1908.333374,2015-02-02,1945.833374,1908.333374,1945.833374,47927
1941.666626,1941.666626,2015-02-03,1941.666626,1900.000000,1916.666626,43583
2000.000000,2000.000000,2015-02-04,2012.500000,1916.666626,1941.666626,71735
1975.000000,1975.000000,2015-02-05,2016.666626,1970.833374,1987.500000,33095
2012.500000,2012.500000,2015-02-06,2037.500000,1983.333374,1995.833374,41759
2008.333374,2008.333374,2015-02-09,2029.166626,1991.666626,2012.500000,25319
1933.333374,1933.333374,2015-02-10,2008.333374,1920.833374,2008.333374,37619
1925.000000,1925.000000,2015-02-11,2000.000000,1912.500000,1933.333374,124295
1916.666626,1916.666626,2015-02-12,1933.333374,1883.333374,1929.166626,161255
1904.166626,1904.166626,2015-02-13,1937.500000,1883.333374,1900.000000,67739
1933.333374,1933.333374,2015-02-16,2016.666626,1908.333374,1916.666626,180443
1916.666626,1916.666626,2015-02-17,1958.333374,1883.333374,1937.500000,148079
1941.666626,1941.666626,2015-02-23,1954.166626,1904.166626,1920.833374,111551
1970.833374,1970.833374,2015-02-24,1975.000000,1933.333374,1958.333374,248219
1970.833374,1970.833374,2015-02-25,2012.500000,1970.833374,1975.000000,97979
2008.333374,2008.333374,2015-02-26,2012.500000,1970.833374,1975.000000,80783
2012.500000,2012.500000,2015-02-27,2054.166748,2000.000000,2008.333374,119687
2104.166748,2104.166748,2015-03-02,2112.500000,2000.000000,2012.500000,201059
2100.000000,2100.000000,2015-03-03,2162.500000,2087.500000,2120.833252,200579
2158.333252,2158.333252,2015-03-04,2191.666748,2079.166748,2083.333252,144611
2125.000000,2125.000000,2015-03-05,2191.666748,2091.666748,2191.666748,95435
2083.333252,2083.333252,2015-03-06,2137.500000,2075.000000,2125.000000,108287
2108.333252,2108.333252,2015-03-09,2116.666748,2083.333252,2083.333252,100583
2129.166748,2129.166748,2015-03-10,2154.166748,2095.833252,2108.333252,92159
2125.000000,2125.000000,2015-03-11,2145.833252,2100.000000,2129.166748,58247
2162.500000,2162.500000,2015-03-12,2175.000000,2120.833252,2120.833252,86435
2137.500000,2137.500000,2015-03-13,2175.000000,2133.333252,2162.500000,97019
2150.000000,2150.000000,2015-03-16,2162.500000,2133.333252,2162.500000,40595
2225.000000,2225.000000,2015-03-17,2258.333252,2150.000000,2162.500000,207167
2216.666748,2216.666748,2015-03-18,2241.666748,2187.500000,2229.166748,100979
2179.166748,2179.166748,2015-03-19,2237.500000,2150.000000,2229.166748,125603
2158.333252,2158.333252,2015-03-20,2187.500000,2137.500000,2179.166748,39443
2187.500000,2187.500000,2015-03-23,2187.500000,2137.500000,2158.333252,86723
2162.500000,2162.500000,2015-03-24,2187.500000,2133.333252,2187.500000,53675
2158.333252,2158.333252,2015-03-25,2170.833252,2145.833252,2162.500000,60803
2125.000000,2125.000000,2015-03-26,2166.666748,2100.000000,2150.000000,70895
2137.500000,2137.500000,2015-03-27,2175.000000,2116.666748,2125.000000,24551
2166.666748,2166.666748,2015-03-30,2166.666748,2137.500000,2141.666748,44771
2233.333252,2233.333252,2015-03-31,2245.833252,2141.666748,2166.666748,101507
2195.833252,2195.833252,2015-04-01,2245.833252,2166.666748,2233.333252,78551
2170.833252,2170.833252,2015-04-02,2208.333252,2162.500000,2208.333252,37475
2191.666748,2191.666748,2015-04-03,2216.666748,2170.833252,2170.833252,45623
2195.833252,2195.833252,2015-04-06,2237.500000,2170.833252,2191.666748,62087
2204.166748,2204.166748,2015-04-07,2241.666748,2191.666748,2229.166748,24635
2195.833252,2195.833252,2015-04-08,2220.833252,2179.166748,2208.333252,42827
2208.333252,2208.333252,2015-04-09,2220.833252,2195.833252,2200.000000,39947
2250.000000,2250.000000,2015-04-10,2275.000000,2208.333252,2208.333252,76475
2333.333252,2333.333252,2015-04-13,2333.333252,2233.333252,2266.666748,169367
2320.833252,2320.833252,2015-04-14,2358.333252,2262.500000,2333.333252,136475
2312.500000,2312.500000,2015-04-15,2333.333252,2283.333252,2325.000000,44975
2250.000000,2250.000000,2015-04-16,2320.833252,2245.833252,2316.666748,77027
2233.333252,2233.333252,2015-04-17,2275.000000,2204.166748,2275.000000,126827
2208.333252,2208.333252,2015-04-20,2233.333252,2187.500000,2195.833252,71303
2216.666748,2216.666748,2015-04-21,2229.166748,2195.833252,2204.166748,97439
2162.500000,2162.500000,2015-04-22,2237.500000,2104.166748,2204.166748,129707
2191.666748,2191.666748,2015-04-23,2204.166748,2116.666748,2183.333252,131543
2179.166748,2179.166748,2015-04-24,2266.666748,2162.500000,2191.666748,84407
2200.000000,2200.000000,2015-04-27,2220.833252,2179.166748,2179.166748,38939
2229.166748,2229.166748,2015-04-28,2245.833252,2179.166748,2216.666748,43955
2204.166748,2204.166748,2015-04-29,2250.000000,2187.500000,2245.833252,48083
2166.666748,2166.666748,2015-04-30,2229.166748,2162.500000,2191.666748,34079
2175.000000,2175.000000,2015-05-04,2187.500000,2154.166748,2166.666748,35615
2145.833252,2145.833252,2015-05-06,2191.666748,2129.166748,2154.166748,40451
2300.000000,2300.000000,2015-05-07,2391.666748,2112.500000,2145.833252,830219
2279.166748,2279.166748,2015-05-08,2329.166748,2275.000000,2329.166748,40871
2279.166748,2279.166748,2015-05-11,2295.833252,2262.500000,2295.833252,40139
2275.000000,2275.000000,2015-05-12,2333.333252,2250.000000,2279.166748,77807
2254.166748,2254.166748,2015-05-13,2275.000000,2241.666748,2275.000000,29711
2300.000000,2300.000000,2015-05-14,2341.666748,2254.166748,2254.166748,94103
2295.833252,2295.833252,2015-05-15,2362.500000,2283.333252,2300.000000,50099
2287.500000,2287.500000,2015-05-18,2341.666748,2262.500000,2308.333252,60383
2287.500000,2287.500000,2015-05-19,2358.333252,2287.500000,2308.333252,87683
2258.333252,2258.333252,2015-05-20,2329.166748,2216.666748,2316.666748,83291
2241.666748,2241.666748,2015-05-21,2283.333252,2216.666748,2266.666748,138395
2237.500000,2237.500000,2015-05-22,2266.666748,2225.000000,2262.500000,63023
2241.666748,2241.666748,2015-05-26,2250.000000,2225.000000,2229.166748,26015
2204.166748,2204.166748,2015-05-27,2241.666748,2191.666748,2241.666748,86243
2250.000000,2250.000000,2015-05-28,2266.666748,2204.166748,2208.333252,69647
2279.166748,2279.166748,2015-05-29,2295.833252,2220.833252,2220.833252,46727
2283.333252,2283.333252,2015-06-01,2308.333252,2258.333252,2258.333252,86375
2258.333252,2258.333252,2015-06-02,2308.333252,2241.666748,2283.333252,60263
2212.500000,2212.500000,2015-06-03,2275.000000,2200.000000,2245.833252,60155
2225.000000,2225.000000,2015-06-04,2237.500000,2191.666748,2191.666748,53843
2408.333252,2408.333252,2015-06-05,2458.333252,2183.333252,2183.333252,785627
2375.000000,2375.000000,2015-06-08,2420.833252,2329.166748,2420.833252,214955
2362.500000,2362.500000,2015-06-09,2400.000000,2337.500000,2400.000000,87563
2433.333252,2433.333252,2015-06-10,2570.833252,2350.000000,2362.500000,426371
2429.166748,2429.166748,2015-06-11,2583.333252,2412.500000,2441.666748,467183
2320.833252,2320.833252,2015-06-12,2429.166748,2308.333252,2429.166748,157847
2416.666748,2416.666748,2015-06-15,2441.666748,2312.500000,2320.833252,116963
2408.333252,2408.333252,2015-06-16,2416.666748,2345.833252,2416.666748,48287
2366.666748,2366.666748,2015-06-17,2454.166748,2341.666748,2425.000000,83699
2341.666748,2341.666748,2015-06-18,2375.000000,2312.500000,2350.000000,89927
2354.166748,2354.166748,2015-06-19,2366.666748,2329.166748,2366.666748,77867
2308.333252,2308.333252,2015-06-22,2387.500000,2295.833252,2354.166748,68027
2333.333252,2333.333252,2015-06-23,2350.000000,2300.000000,2308.333252,98507
2391.666748,2391.666748,2015-06-24,2416.666748,2329.166748,2354.166748,93899
2391.666748,2391.666748,2015-06-25,2400.000000,2362.500000,2391.666748,40607
2316.666748,2316.666748,2015-06-26,2408.333252,2291.666748,2375.000000,124895
2287.500000,2287.500000,2015-06-29,2316.666748,2250.000000,2295.833252,166571
2333.333252,2333.333252,2015-06-30,2354.166748,2250.000000,2250.000000,99803
2358.333252,2358.333252,2015-07-01,2387.500000,2333.333252,2333.333252,63299
2341.666748,2341.666748,2015-07-02,2441.666748,2341.666748,2362.500000,70667
2366.666748,2366.666748,2015-07-03,2370.833252,2337.500000,2366.666748,25955
2483.333252,2483.333252,2015-07-06,2558.333252,2366.666748,2391.666748,578939
2400.000000,2400.000000,2015-07-07,2525.000000,2350.000000,2525.000000,271931
2333.333252,2333.333252,2015-07-08,2412.500000,2291.666748,2412.500000,149291
2308.333252,2308.333252,2015-07-09,2325.000000,2237.500000,2291.666748,73043
2358.333252,2358.333252,2015-07-10,2458.333252,2283.333252,2287.500000,55199
2300.000000,2300.000000,2015-07-13,2358.333252,2295.833252,2358.333252,77987
2345.833252,2345.833252,2015-07-14,2358.333252,2300.000000,2333.333252,101999
2341.666748,2341.666748,2015-07-15,2375.000000,2308.333252,2345.833252,32087
2391.666748,2391.666748,2015-07-16,2416.666748,2341.666748,2362.500000,68255
2416.666748,2416.666748,2015-07-17,2458.333252,2354.166748,2395.833252,114143
2450.000000,2450.000000,2015-07-20,2487.500000,2383.333252,2416.666748,111299
2420.833252,2420.833252,2015-07-21,2487.500000,2408.333252,2450.000000,89687
2400.000000,2400.000000,2015-07-22,2458.333252,2370.833252,2420.833252,58979
2383.333252,2383.333252,2015-07-23,2425.000000,2362.500000,2391.666748,37715
2366.666748,2366.666748,2015-07-24,2425.000000,2341.666748,2387.500000,56003
2329.166748,2329.166748,2015-07-27,2362.500000,2300.000000,2358.333252,56939
2291.666748,2291.666748,2015-07-28,2329.166748,2275.000000,2329.166748,60683
2266.666748,2266.666748,2015-07-29,2304.166748,2262.500000,2291.666748,47315
2250.000000,2250.000000,2015-07-30,2291.666748,2229.166748,2266.666748,97151
2283.333252,2283.333252,2015-07-31,2316.666748,2208.333252,2250.000000,29567
2250.000000,2250.000000,2015-08-03,2358.333252,2237.500000,2250.000000,39371
2275.000000,2275.000000,2015-08-04,2275.000000,2225.000000,2225.000000,28799
2312.500000,2312.500000,2015-08-05,2316.666748,2250.000000,2275.000000,32087
2283.333252,2283.333252,2015-08-06,2316.666748,2275.000000,2291.666748,14195
2279.166748,2279.166748,2015-08-07,2283.333252,2262.500000,2279.166748,10319
2258.333252,2258.333252,2015-08-10,2275.000000,2250.000000,2254.166748,16583
2250.000000,2250.000000,2015-08-11,2270.833252,2237.500000,2258.333252,14591
2200.000000,2200.000000,2015-08-12,2258.333252,2183.333252,2250.000000,49991
2241.666748,2241.666748,2015-08-13,2270.833252,2187.500000,2200.000000,32651
null,null,2015-08-14,null,null,null,null
2245.833252,2245.833252,2015-08-17,2266.666748,2225.000000,2241.666748,8867
2204.166748,2204.166748,2015-08-18,2258.333252,2200.000000,2245.833252,19727
2083.333252,2083.333252,2015-08-19,2195.833252,2083.333252,2137.500000,57815
2020.833374,2020.833374,2015-08-20,2104.166748,2020.833374,2041.666626,57911
1937.500000,1937.500000,2015-08-21,2033.333374,1925.000000,2016.666626,68339
1891.666626,1891.666626,2015-08-24,1979.166626,1891.666626,1933.333374,59051
1962.500000,1962.500000,2015-08-25,2025.000000,1875.000000,1891.666626,37055
2020.833374,2020.833374,2015-08-26,2083.333252,1962.500000,1962.500000,17927
2020.833374,2020.833374,2015-08-27,2062.500000,2000.000000,2041.666626,56003
2050.000000,2050.000000,2015-08-28,2050.000000,1991.666626,2037.500000,26327
2100.000000,2100.000000,2015-08-31,2116.666748,2020.833374,2020.833374,36731
2020.833374,2020.833374,2015-09-01,2112.500000,2020.833374,2104.166748,48563
2033.333374,2033.333374,2015-09-02,2041.666626,1991.666626,2008.333374,24551
2058.333252,2058.333252,2015-09-03,2075.000000,2045.833374,2066.666748,6395
2045.833374,2045.833374,2015-09-04,2095.833252,1995.833374,2058.333252,17879
2245.833252,2245.833252,2015-09-07,2445.833252,2025.000000,2045.833374,1187303
2212.500000,2212.500000,2015-09-08,2245.833252,2141.666748,2220.833252,149699
2212.500000,2212.500000,2015-09-09,2295.833252,2187.500000,2237.500000,40259
2308.333252,2308.333252,2015-09-10,2312.500000,2212.500000,2250.000000,79199
2270.833252,2270.833252,2015-09-11,2312.500000,2262.500000,2304.166748,57839
2200.000000,2200.000000,2015-09-14,2295.833252,2200.000000,2295.833252,25403
2225.000000,2225.000000,2015-09-15,2266.666748,2183.333252,2200.000000,8039
2254.166748,2254.166748,2015-09-16,2325.000000,2225.000000,2225.000000,81971
2250.000000,2250.000000,2015-09-17,2312.500000,2233.333252,2312.500000,15743
2279.166748,2279.166748,2015-09-18,2316.666748,2245.833252,2250.000000,44699
2208.333252,2208.333252,2015-09-21,2312.500000,2208.333252,2300.000000,17183
2250.000000,2250.000000,2015-09-22,2258.333252,2200.000000,2212.500000,20327
2241.666748,2241.666748,2015-09-23,2266.666748,2216.666748,2254.166748,13367
2254.166748,2254.166748,2015-09-24,2300.000000,2208.333252,2241.666748,33539
2312.500000,2312.500000,2015-09-25,2325.000000,2225.000000,2279.166748,41987
2333.333252,2333.333252,2015-09-30,2345.833252,2275.000000,2333.333252,26015
2333.333252,2333.333252,2015-10-01,2358.333252,2304.166748,2345.833252,21575
2325.000000,2325.000000,2015-10-02,2391.666748,2275.000000,2345.833252,92267
2291.666748,2291.666748,2015-10-05,2320.833252,2270.833252,2320.833252,33923
2241.666748,2241.666748,2015-10-06,2329.166748,2233.333252,2291.666748,26627
2333.333252,2333.333252,2015-10-07,2333.333252,2233.333252,2262.500000,37235
2325.000000,2325.000000,2015-10-08,2333.333252,2283.333252,2325.000000,29807
2362.500000,2362.500000,2015-10-12,2441.666748,2325.000000,2325.000000,88811
2391.666748,2391.666748,2015-10-13,2412.500000,2312.500000,2387.500000,48383
2345.833252,2345.833252,2015-10-14,2416.666748,2329.166748,2391.666748,70031
2366.666748,2366.666748,2015-10-15,2408.333252,2333.333252,2354.166748,22763
2316.666748,2316.666748,2015-10-16,2391.666748,2316.666748,2391.666748,31211
2454.166748,2454.166748,2015-10-19,2454.166748,2316.666748,2316.666748,125507
2441.666748,2441.666748,2015-10-20,2487.500000,2391.666748,2458.333252,32291
2458.333252,2458.333252,2015-10-21,2512.500000,2391.666748,2454.166748,84803
2391.666748,2391.666748,2015-10-22,2495.833252,2358.333252,2466.666748,79907
2379.166748,2379.166748,2015-10-23,2404.166748,2316.666748,2375.000000,39719
2350.000000,2350.000000,2015-10-26,2408.333252,2350.000000,2354.166748,36551
2387.500000,2387.500000,2015-10-27,2400.000000,2341.666748,2350.000000,36215
2387.500000,2387.500000,2015-10-28,2479.166748,2387.500000,2391.666748,67811
2375.000000,2375.000000,2015-10-29,2412.500000,2354.166748,2412.500000,29879
2408.333252,2408.333252,2015-10-30,2416.666748,2333.333252,2375.000000,22091
2387.500000,2387.500000,2015-11-02,2441.666748,2366.666748,2404.166748,43151
2416.666748,2416.666748,2015-11-03,2425.000000,2370.833252,2387.500000,44387
2454.166748,2454.166748,2015-11-04,2466.666748,2416.666748,2420.833252,55391
2595.833252,2595.833252,2015-11-05,3050.000000,2466.666748,2475.000000,4873415
2520.833252,2520.833252,2015-11-06,2658.333252,2487.500000,2595.833252,548411
2250.000000,2250.000000,2015-11-09,2545.833252,2233.333252,2525.000000,1185527
2233.333252,2233.333252,2015-11-10,2295.833252,2179.166748,2195.833252,230159
2362.500000,2362.500000,2015-11-11,2362.500000,2212.500000,2212.500000,216095
2400.000000,2400.000000,2015-11-12,2475.000000,2333.333252,2345.833252,200159
2395.833252,2395.833252,2015-11-13,2408.333252,2295.833252,2408.333252,179159
2458.333252,2458.333252,2015-11-16,2537.500000,2354.166748,2354.166748,194495
2725.000000,2725.000000,2015-11-17,2875.000000,2466.666748,2491.666748,827147
3000.000000,3000.000000,2015-11-18,3016.666748,2733.333252,2758.333252,653675
3000.000000,3000.000000,2015-11-19,3166.666748,2833.333252,2954.166748,414515
2908.333252,2908.333252,2015-11-20,3075.000000,2904.166748,3075.000000,169643
2762.500000,2762.500000,2015-11-23,2900.000000,2700.000000,2850.000000,264575
3075.000000,3075.000000,2015-11-24,3400.000000,2712.500000,2762.500000,755447
3279.166748,3279.166748,2015-11-25,3583.333252,3000.000000,3116.666748,843767
3225.000000,3225.000000,2015-11-26,3366.666748,3137.500000,3291.666748,276851
3208.333252,3208.333252,2015-11-27,3333.333252,3170.833252,3300.000000,198551
3191.666748,3191.666748,2015-11-30,3266.666748,3054.166748,3208.333252,203123
3291.666748,3291.666748,2015-12-01,3391.666748,3120.833252,3191.666748,257927
3175.000000,3175.000000,2015-12-02,3416.666748,3033.333252,3325.000000,257939
3320.833252,3320.833252,2015-12-03,3370.833252,3125.000000,3166.666748,188111
3287.500000,3287.500000,2015-12-04,4316.666504,3187.500000,3625.000000,8417327
4266.666504,4266.666504,2015-12-07,4266.666504,4266.666504,4266.666504,512063
5541.666504,5541.666504,2015-12-08,5541.666504,5541.666504,5541.666504,163175
7200.000000,7200.000000,2015-12-09,7200.000000,7200.000000,7200.000000,380027
7666.666504,7666.666504,2015-12-10,9250.000000,7466.666504,8333.333008,8179907
9958.333008,9958.333008,2015-12-11,9958.333008,7666.666504,7766.666504,2715743
10125.000000,10125.000000,2015-12-14,10666.666992,9125.000000,9500.000000,2895899
11000.000000,11000.000000,2015-12-15,11666.666992,10000.000000,10125.000000,1782395
9958.333008,9958.333008,2015-12-16,10916.666992,9458.333008,10666.666992,886715
11208.333008,11208.333008,2015-12-17,11250.000000,9583.333008,9875.000000,901379
10916.666992,10916.666992,2015-12-18,13375.000000,10416.666992,11500.000000,1616351
11000.000000,11000.000000,2015-12-21,11583.333008,10833.333008,10916.666992,440567
9541.666992,9541.666992,2015-12-22,11541.666992,9000.000000,11000.000000,732383
8791.666992,8791.666992,2015-12-23,9750.000000,8583.333008,9625.000000,814127
8833.333008,8833.333008,2015-12-24,9291.666992,8583.333008,8916.666992,425147
8166.666504,8166.666504,2015-12-28,8833.333008,8166.666504,8750.000000,415127
8333.333008,8333.333008,2015-12-29,8541.666992,8183.333496,8375.000000,237707
8666.666992,8666.666992,2015-12-30,9958.333008,8216.666992,8416.666992,1571783
8541.666992,8541.666992,2016-01-04,9166.666992,8375.000000,8583.333008,411503
7250.000000,7250.000000,2016-01-05,8583.333008,7166.666504,8458.333008,1372979
7083.333496,7083.333496,2016-01-06,7491.666504,6891.666504,7316.666504,709343
6908.333496,6908.333496,2016-01-07,7316.666504,6675.000000,7008.333496,632783
6958.333496,6958.333496,2016-01-08,7041.666504,6666.666504,6908.333496,403055
6666.666504,6666.666504,2016-01-11,7016.666504,6666.666504,6950.000000,301319
6775.000000,6775.000000,2016-01-12,6900.000000,6675.000000,6750.000000,205595
7208.333496,7208.333496,2016-01-13,7833.333496,6891.666504,6991.666504,2109623
7441.666504,7441.666504,2016-01-14,7491.666504,6958.333496,7200.000000,303851
9666.666992,9666.666992,2016-01-15,9666.666992,7458.333496,7458.333496,2612627
9166.666992,9166.666992,2016-01-18,10333.333008,8750.000000,9875.000000,2199083
9583.333008,9583.333008,2016-01-19,10625.000000,9166.666992,9416.666992,2381339
8000.000000,8000.000000,2016-01-20,9625.000000,7883.333496,9500.000000,1448099
7408.333496,7408.333496,2016-01-21,7841.666504,7216.666504,7833.333496,753359
8041.666504,8041.666504,2016-01-22,8625.000000,7041.666504,7266.666504,1241939
8458.333008,8458.333008,2016-01-25,9166.666992,8183.333496,8250.000000,570767
8875.000000,8875.000000,2016-01-26,9125.000000,8200.000000,8541.666992,455075
10083.333008,10083.333008,2016-01-27,10833.333008,8958.333008,9000.000000,2664239
9791.666992,9791.666992,2016-01-28,11000.000000,9625.000000,10208.333008,1371731
9625.000000,9625.000000,2016-01-29,10000.000000,9125.000000,9708.333008,540983
10083.333008,10083.333008,2016-02-01,10583.333008,9375.000000,9541.666992,839639
9583.333008,9583.333008,2016-02-02,10375.000000,9416.666992,9916.666992,325379
9666.666992,9666.666992,2016-02-03,10416.666992,9500.000000,10000.000000,425399
8875.000000,8875.000000,2016-02-04,9750.000000,8708.333008,9625.000000,481715
10416.666992,10416.666992,2016-02-05,11333.333008,8666.666992,8916.666992,3111611
10708.333008,10708.333008,2016-02-11,11041.666992,9958.333008,10083.333008,1139867
9833.333008,9833.333008,2016-02-12,11083.333008,9000.000000,10583.333008,938231
10458.333008,10458.333008,2016-02-15,10625.000000,9958.333008,10000.000000,508547
10125.000000,10125.000000,2016-02-16,10541.666992,9916.666992,10416.666992,412583
10833.333008,10833.333008,2016-02-17,10833.333008,9750.000000,10166.666992,987671
11041.666992,11041.666992,2016-02-18,11250.000000,10625.000000,10750.000000,955907
10916.666992,10916.666992,2016-02-19,11541.666992,10750.000000,11000.000000,546623
10375.000000,10375.000000,2016-02-22,11250.000000,10375.000000,11000.000000,331955
9875.000000,9875.000000,2016-02-23,10458.333008,9791.666992,10416.666992,447491
10250.000000,10250.000000,2016-02-24,10416.666992,10041.666992,10083.333008,283211
10291.666992,10291.666992,2016-02-25,10625.000000,10125.000000,10416.666992,232967
11416.666992,11416.666992,2016-02-26,11791.666992,10458.333008,10458.333008,1281971
11208.333008,11208.333008,2016-02-29,12208.333008,10666.666992,11666.666992,1310387
12666.666992,12666.666992,2016-03-02,12666.666992,11083.333008,11208.333008,844079
12416.666992,12416.666992,2016-03-03,13458.333008,12166.666992,13333.333008,897071
10375.000000,10375.000000,2016-03-04,12000.000000,9875.000000,11666.666992,3302435
9916.666992,9916.666992,2016-03-07,10416.666992,9583.333008,10416.666992,875891
9750.000000,9750.000000,2016-03-08,10166.666992,9541.666992,10083.333008,774095
8875.000000,8875.000000,2016-03-09,10000.000000,8791.666992,9750.000000,1267715
8541.666992,8541.666992,2016-03-10,9083.333008,8250.000000,8958.333008,2440007
7825.000000,7825.000000,2016-03-11,8541.666992,7791.666504,8500.000000,2338187
7733.333496,7733.333496,2016-03-14,8041.666504,7575.000000,7708.333496,1453475
7516.666504,7516.666504,2016-03-15,7900.000000,7508.333496,7791.666504,776411
7575.000000,7575.000000,2016-03-16,7800.000000,7441.666504,7616.666504,834647
7200.000000,7200.000000,2016-03-17,7700.000000,7183.333496,7633.333496,1161791
7050.000000,7050.000000,2016-03-18,7350.000000,6916.666504,7233.333496,704975
7208.333496,7208.333496,2016-03-21,7366.666504,7025.000000,7108.333496,810335
7550.000000,7550.000000,2016-03-22,7583.333496,7133.333496,7233.333496,779099
7425.000000,7425.000000,2016-03-23,7591.666504,7133.333496,7291.666504,750563
7891.666504,7891.666504,2016-03-24,8108.333496,7375.000000,7375.000000,1627139
7900.000000,7900.000000,2016-03-25,8016.666504,7791.666504,8008.333496,436751
7833.333496,7833.333496,2016-03-28,7916.666504,7583.333496,7750.000000,314471
7833.333496,7833.333496,2016-03-29,8041.666504,7733.333496,7850.000000,272555
7800.000000,7800.000000,2016-03-30,7983.333496,7791.666504,7916.666504,187847
7733.333496,7733.333496,2016-03-31,7833.333496,7616.666504,7833.333496,204899
7500.000000,7500.000000,2016-04-01,7741.666504,7275.000000,7741.666504,422507
7516.666504,7516.666504,2016-04-04,7758.333496,7358.333496,7425.000000,303047
7633.333496,7633.333496,2016-04-05,7658.333496,7416.666504,7633.333496,189839
7350.000000,7350.000000,2016-04-06,7708.333496,7333.333496,7708.333496,313055
7066.666504,7066.666504,2016-04-07,7400.000000,7050.000000,7350.000000,426263
7150.000000,7150.000000,2016-04-08,7225.000000,7050.000000,7091.666504,235703
7100.000000,7100.000000,2016-04-11,7200.000000,7083.333496,7150.000000,129071
7033.333496,7033.333496,2016-04-12,7125.000000,6608.333496,7100.000000,949259
7033.333496,7033.333496,2016-04-14,7233.333496,6766.666504,6875.000000,259859
7133.333496,7133.333496,2016-04-15,7133.333496,6975.000000,7033.333496,195251
7041.666504,7041.666504,2016-04-18,7283.333496,6983.333496,7225.000000,201131
9125.000000,9125.000000,2016-04-19,9125.000000,7666.666504,7666.666504,9397355
8708.333008,8708.333008,2016-04-20,9625.000000,8458.333008,9458.333008,5337647
8375.000000,8375.000000,2016-04-21,8916.666992,8325.000000,8791.666992,1687199
8041.666504,8041.666504,2016-04-22,8583.333008,7958.333496,8308.333008,1301723
8066.666504,8066.666504,2016-04-25,8416.666992,7966.666504,8133.333496,939527
8266.666992,8266.666992,2016-04-26,8333.333008,7958.333496,8008.333496,851051
8125.000000,8125.000000,2016-04-27,8458.333008,8108.333496,8208.333008,595211
8125.000000,8125.000000,2016-04-28,8283.333008,8083.333496,8083.333496,348131
8066.666504,8066.666504,2016-04-29,8375.000000,8066.666504,8150.000000,520667
7708.333496,7708.333496,2016-05-02,8125.000000,7666.666504,8083.333496,444083
7716.666504,7716.666504,2016-05-03,7875.000000,7625.000000,7691.666504,267683
7333.333496,7333.333496,2016-05-04,7716.666504,7233.333496,7708.333496,467819
7133.333496,7133.333496,2016-05-09,7408.333496,7000.000000,7333.333496,298931
7600.000000,7600.000000,2016-05-10,8191.666504,7033.333496,7033.333496,1733183
7450.000000,7450.000000,2016-05-11,7666.666504,7425.000000,7666.666504,261587
7575.000000,7575.000000,2016-05-12,7666.666504,7341.666504,7450.000000,390491
7275.000000,7275.000000,2016-05-13,7558.333496,7191.666504,7483.333496,342191
7325.000000,7325.000000,2016-05-16,7533.333496,7200.000000,7275.000000,230015
7250.000000,7250.000000,2016-05-17,7433.333496,7250.000000,7358.333496,149711
7100.000000,7100.000000,2016-05-18,7400.000000,7100.000000,7208.333496,214703
7375.000000,7375.000000,2016-05-19,7675.000000,7000.000000,7083.333496,715691
7508.333496,7508.333496,2016-05-20,7658.333496,7341.666504,7375.000000,294287
7983.333496,7983.333496,2016-05-23,8025.000000,7483.333496,7483.333496,740903
7666.666504,7666.666504,2016-05-24,8625.000000,7658.333496,8416.666992,1222355
7166.666504,7166.666504,2016-05-25,7766.666504,7166.666504,7650.000000,385919
7175.000000,7175.000000,2016-05-26,7408.333496,7108.333496,7200.000000,263651
7341.666504,7341.666504,2016-05-27,8625.000000,7141.666504,7166.666504,3864143
7341.666504,7341.666504,2016-05-30,7525.000000,7300.000000,7366.666504,534503
7441.666504,7441.666504,2016-05-31,7458.333496,7166.666504,7333.333496,348959
7625.000000,7625.000000,2016-06-01,7775.000000,7366.666504,7450.000000,624179
7733.333496,7733.333496,2016-06-02,8083.333496,7708.333496,7833.333496,944279
7650.000000,7650.000000,2016-06-03,7816.666504,7575.000000,7800.000000,320375
7816.666504,7816.666504,2016-06-07,8025.000000,7666.666504,7666.666504,597791
7383.333496,7383.333496,2016-06-08,7866.666504,7383.333496,7833.333496,630623
6783.333496,6783.333496,2016-06-09,7291.666504,6725.000000,7283.333496,1050719
6716.666504,6716.666504,2016-06-10,7008.333496,6625.000000,6750.000000,620567
6766.666504,6766.666504,2016-06-13,6916.666504,6550.000000,6550.000000,598871
6841.666504,6841.666504,2016-06-14,7825.000000,6841.666504,7500.000000,807419
6616.666504,6616.666504,2016-06-15,6775.000000,6583.333496,6716.666504,169271
6541.666504,6541.666504,2016-06-16,7233.333496,6500.000000,6600.000000,521063
6666.666504,6666.666504,2016-06-17,6758.333496,6541.666504,6541.666504,127559
6983.333496,6983.333496,2016-06-20,7016.666504,6675.000000,6675.000000,198335
7033.333496,7033.333496,2016-06-21,7125.000000,6900.000000,6916.666504,155039
7041.666504,7041.666504,2016-06-22,7083.333496,6900.000000,6925.000000,104747
6841.666504,6841.666504,2016-06-23,7033.333496,6725.000000,7000.000000,144743
6616.666504,6616.666504,2016-06-24,6925.000000,6308.333496,6841.666504,223679
6533.333496,6533.333496,2016-06-27,6691.666504,6350.000000,6350.000000,159179
6600.000000,6600.000000,2016-06-28,6633.333496,6458.333496,6458.333496,101723
6625.000000,6625.000000,2016-06-29,6716.666504,6566.666504,6616.666504,109307
6900.000000,6900.000000,2016-06-30,6908.333496,6591.666504,6666.666504,163907
7141.666504,7141.666504,2016-07-01,7250.000000,6866.666504,6925.000000,351887
7116.666504,7116.666504,2016-07-04,7383.333496,7058.333496,7058.333496,188711
7241.666504,7241.666504,2016-07-05,7300.000000,6983.333496,7033.333496,110063
7166.666504,7166.666504,2016-07-06,7308.333496,7083.333496,7141.666504,99875
6958.333496,6958.333496,2016-07-07,6975.000000,6808.333496,6916.666504,371435
6758.333496,6758.333496,2016-07-08,6991.666504,6733.333496,6958.333496,334151
6691.666504,6691.666504,2016-07-11,6791.666504,6683.333496,6766.666504,193703
6725.000000,6725.000000,2016-07-12,6800.000000,6691.666504,6700.000000,117527
6883.333496,6883.333496,2016-07-13,6925.000000,6608.333496,6725.000000,221087
6858.333496,6858.333496,2016-07-14,6933.333496,6800.000000,6916.666504,208583
7083.333496,7083.333496,2016-07-15,7216.666504,6800.000000,6808.333496,568631
7350.000000,7350.000000,2016-07-18,7416.666504,7125.000000,7166.666504,474359
7708.333496,7708.333496,2016-07-19,8208.333008,7500.000000,7500.000000,2526743
7725.000000,7725.000000,2016-07-20,7941.666504,7550.000000,7833.333496,420935
7666.666504,7666.666504,2016-07-21,7791.666504,7525.000000,7733.333496,306203
7850.000000,7850.000000,2016-07-22,7966.666504,7683.333496,7700.000000,355427
7683.333496,7683.333496,2016-07-25,7916.666504,7650.000000,7883.333496,206243
7483.333496,7483.333496,2016-07-26,7650.000000,7416.666504,7633.333496,193739
7425.000000,7425.000000,2016-07-27,7641.666504,7416.666504,7500.000000,178691
7791.666504,7791.666504,2016-07-28,7933.333496,7425.000000,7425.000000,573983
7600.000000,7600.000000,2016-07-29,7933.333496,7600.000000,7750.000000,248423
7916.666504,7916.666504,2016-08-01,7966.666504,7625.000000,7625.000000,477779
8075.000000,8075.000000,2016-08-02,8191.666504,7858.333496,7900.000000,536195
7833.333496,7833.333496,2016-08-03,8141.666504,7791.666504,8050.000000,317567
7816.666504,7816.666504,2016-08-04,7858.333496,7650.000000,7833.333496,230639
7866.666504,7866.666504,2016-08-05,8066.666504,7733.333496,7800.000000,315059
7775.000000,7775.000000,2016-08-08,7991.666504,7775.000000,7983.333496,283103
7658.333496,7658.333496,2016-08-09,7741.666504,7350.000000,7708.333496,625715
null,null,2016-08-10,null,null,null,null
null,null,2016-08-11,null,null,null,null
null,null,2016-08-12,null,null,null,null
null,null,2016-08-16,null,null,null,null
null,null,2016-08-17,null,null,null,null
null,null,2016-08-18,null,null,null,null
null,null,2016-08-19,null,null,null,null
null,null,2016-08-22,null,null,null,null
null,null,2016-08-23,null,null,null,null
null,null,2016-08-24,null,null,null,null
null,null,2016-08-25,null,null,null,null
9916.666992,9916.666992,2016-08-26,9916.666992,8375.000000,8583.333008,17990459
9166.666992,9166.666992,2016-08-29,11000.000000,8958.333008,10750.000000,13830407
8666.666992,8666.666992,2016-08-30,9416.666992,8375.000000,9250.000000,5670371
7766.666504,7766.666504,2016-08-31,8666.666992,7733.333496,8541.666992,4650299
7741.666504,7741.666504,2016-09-01,8116.666504,7741.666504,7808.333496,2234075
7550.000000,7550.000000,2016-09-02,7883.333496,7516.666504,7783.333496,2100215
7875.000000,7875.000000,2016-09-05,8241.666992,7658.333496,7666.666504,3601559
8241.666992,8241.666992,2016-09-06,8875.000000,7875.000000,7875.000000,6056711
8458.333008,8458.333008,2016-09-07,8708.333008,8333.333008,8458.333008,2399471
8041.666504,8041.666504,2016-09-08,8750.000000,8041.666504,8458.333008,1804547
8333.333008,8333.333008,2016-09-09,8666.666992,7916.666504,7983.333496,1779395
8316.666992,8316.666992,2016-09-12,8666.666992,8241.666992,8300.000000,1404083
8458.333008,8458.333008,2016-09-13,8625.000000,8333.333008,8458.333008,846071
9583.333008,9583.333008,2016-09-19,9875.000000,8708.333008,8708.333008,7450919
10541.666992,10541.666992,2016-09-20,10541.666992,9500.000000,9750.000000,5173679
10166.666992,10166.666992,2016-09-21,11250.000000,10166.666992,10958.333008,5199911
11000.000000,11000.000000,2016-09-22,11166.666992,10041.666992,10416.666992,3937211
11375.000000,11375.000000,2016-09-23,11875.000000,10833.333008,10833.333008,4857431
11125.000000,11125.000000,2016-09-26,12041.666992,11125.000000,11541.666992,2903279
11083.333008,11083.333008,2016-09-27,11708.333008,10875.000000,11416.666992,1907603
10541.666992,10541.666992,2016-09-28,11166.666992,10125.000000,11083.333008,2083427
9750.000000,9750.000000,2016-09-29,10375.000000,9708.333008,10291.666992,2044775
9541.666992,9541.666992,2016-09-30,10458.333008,9500.000000,9833.333008,2537171
9666.666992,9666.666992,2016-10-04,10041.666992,9541.666992,9791.666992,1190855
9583.333008,9583.333008,2016-10-05,9791.666992,9458.333008,9583.333008,935099
10125.000000,10125.000000,2016-10-06,10250.000000,9708.333008,9791.666992,1816223
9833.333008,9833.333008,2016-10-07,10166.666992,9791.666992,10125.000000,769475
9541.666992,9541.666992,2016-10-10,10208.333008,9500.000000,9875.000000,931103
9291.666992,9291.666992,2016-10-11,9625.000000,8916.666992,9583.333008,1079795
9291.666992,9291.666992,2016-10-12,9458.333008,9208.333008,9250.000000,620195
8791.666992,8791.666992,2016-10-13,9333.333008,8708.333008,9291.666992,876023
8791.666992,8791.666992,2016-10-14,9208.333008,8750.000000,8791.666992,768647
8875.000000,8875.000000,2016-10-17,9125.000000,8791.666992,8833.333008,581027
8875.000000,8875.000000,2016-10-18,9041.666992,8666.666992,8666.666992,728735
8708.333008,8708.333008,2016-10-19,8958.333008,8666.666992,8916.666992,452807
8316.666992,8316.666992,2016-10-20,8791.666992,8316.666992,8750.000000,752579
7966.666504,7966.666504,2016-10-21,8458.333008,7966.666504,8333.333008,626315
7558.333496,7558.333496,2016-10-24,7883.333496,6533.333496,6666.666504,3187451
7208.333496,7208.333496,2016-10-25,7908.333496,7208.333496,7708.333496,1437827
7158.333496,7158.333496,2016-10-26,7391.666504,6941.666504,7141.666504,783611
7333.333496,7333.333496,2016-10-27,7558.333496,7283.333496,7333.333496,779507
6958.333496,6958.333496,2016-10-28,7458.333496,6950.000000,7316.666504,564215
6658.333496,6658.333496,2016-10-31,6991.666504,6608.333496,6916.666504,445427
7241.666504,7241.666504,2016-11-01,8241.666992,6541.666504,6541.666504,5376659
7025.000000,7025.000000,2016-11-02,7808.333496,6958.333496,7133.333496,1647275
6883.333496,6883.333496,2016-11-03,7325.000000,6883.333496,7066.666504,518903
6750.000000,6750.000000,2016-11-04,7025.000000,6733.333496,6833.333496,614003
6666.666504,6666.666504,2016-11-07,7016.666504,6600.000000,6725.000000,780383
6150.000000,6150.000000,2016-11-08,6508.333496,6116.666504,6350.000000,1131119
5850.000000,5850.000000,2016-11-09,6266.666504,5583.333496,6266.666504,808847
6033.333496,6033.333496,2016-11-10,6116.666504,5941.666504,6000.000000,466115
6050.000000,6050.000000,2016-11-11,6166.666504,5983.333496,6083.333496,455615
6050.000000,6050.000000,2016-11-14,6208.333496,5991.666504,6100.000000,379091
6066.666504,6066.666504,2016-11-15,6158.333496,6025.000000,6083.333496,296843
7883.333496,7883.333496,2016-11-16,7883.333496,6208.333496,6208.333496,5041319
7550.000000,7550.000000,2016-11-17,8583.333008,7550.000000,8541.666992,7883111
9791.666992,9791.666992,2016-11-18,9791.666992,7425.000000,7433.333496,12081575
9750.000000,9750.000000,2016-11-21,10791.666992,9291.666992,10250.000000,10006343
9500.000000,9500.000000,2016-11-22,10541.666992,9208.333008,9625.000000,6416255
8541.666992,8541.666992,2016-11-23,9708.333008,8416.666992,9541.666992,4738295
8625.000000,8625.000000,2016-11-24,9500.000000,8458.333008,9000.000000,3940235
8175.000000,8175.000000,2016-11-25,8958.333008,8100.000000,8458.333008,3279395
7825.000000,7825.000000,2016-11-28,8416.666992,7775.000000,8158.333496,2100755
9250.000000,9250.000000,2016-11-29,9958.333008,7833.333496,7925.000000,14514311
9416.666992,9416.666992,2016-11-30,9500.000000,9000.000000,9416.666992,4813835
8791.666992,8791.666992,2016-12-01,9416.666992,8708.333008,9333.333008,2383979
8625.000000,8625.000000,2016-12-02,9375.000000,8583.333008,8875.000000,3233315
8916.666992,8916.666992,2016-12-05,10250.000000,8300.000000,8708.333008,9770171
8875.000000,8875.000000,2016-12-06,9666.666992,8791.666992,8875.000000,4312007
8375.000000,8375.000000,2016-12-07,9166.666992,8375.000000,8958.333008,2188127
7916.666504,7916.666504,2016-12-08,8833.333008,7916.666504,8583.333008,3257747
7975.000000,7975.000000,2016-12-09,8583.333008,7833.333496,7975.000000,3502199
7766.666504,7766.666504,2016-12-12,8166.666504,7766.666504,8125.000000,1610543
7908.333496,7908.333496,2016-12-13,8125.000000,7791.666504,7975.000000,1776251
7991.666504,7991.666504,2016-12-14,8666.666992,7900.000000,7975.000000,5027339
8075.000000,8075.000000,2016-12-15,8241.666992,8008.333496,8133.333496,1115807
7950.000000,7950.000000,2016-12-16,8191.666504,7933.333496,8091.666504,1026503
8233.333008,8233.333008,2016-12-19,8300.000000,8025.000000,8025.000000,1564283
8133.333496,8133.333496,2016-12-20,8500.000000,8058.333496,8333.333008,1330715
7875.000000,7875.000000,2016-12-21,8275.000000,7841.666504,8241.666992,1305647
7666.666504,7666.666504,2016-12-22,7941.666504,7650.000000,7858.333496,837335
7708.333496,7708.333496,2016-12-23,7975.000000,7683.333496,7875.000000,977099
7733.333496,7733.333496,2016-12-26,8075.000000,7716.666504,7791.666504,1842455
7741.666504,7741.666504,2016-12-27,7950.000000,7700.000000,7750.000000,870335
6733.333496,6733.333496,2016-12-28,7308.333496,6583.333496,7308.333496,4569167
6708.333496,6708.333496,2016-12-29,6983.333496,6650.000000,6691.666504,1853519
6741.666504,6741.666504,2017-01-02,6866.666504,6425.000000,6675.000000,2051003
6783.333496,6783.333496,2017-01-03,6858.333496,6733.333496,6775.000000,852191
6791.666504,6791.666504,2017-01-04,6841.666504,6733.333496,6791.666504,758447
6791.666504,6791.666504,2017-01-05,6841.666504,6758.333496,6808.333496,688355
7191.666504,7191.666504,2017-01-06,7666.666504,6775.000000,6783.333496,9115895
6966.666504,6966.666504,2017-01-09,7333.333496,6958.333496,7233.333496,1436747
6925.000000,6925.000000,2017-01-10,7166.666504,6875.000000,6966.666504,1265099
6950.000000,6950.000000,2017-01-11,7083.333496,6916.666504,6958.333496,966323
6825.000000,6825.000000,2017-01-12,6991.666504,6816.666504,6925.000000,776915
6800.000000,6800.000000,2017-01-13,7008.333496,6741.666504,6841.666504,1014191
6758.333496,6758.333496,2017-01-16,6925.000000,6758.333496,6841.666504,632243
6583.333496,6583.333496,2017-01-17,6816.666504,6575.000000,6775.000000,834683
6725.000000,6725.000000,2017-01-18,6925.000000,6566.666504,6583.333496,1433867
6716.666504,6716.666504,2017-01-19,6850.000000,6700.000000,6750.000000,616379
6583.333496,6583.333496,2017-01-20,6725.000000,6583.333496,6725.000000,653975
6391.666504,6391.666504,2017-01-23,6783.333496,6375.000000,6583.333496,685763
6266.666504,6266.666504,2017-01-24,6500.000000,6233.333496,6250.000000,505547
6058.333496,6058.333496,2017-01-25,6408.333496,6016.666504,6400.000000,560531
6125.000000,6125.000000,2017-01-26,6200.000000,6033.333496,6041.666504,430307
6116.666504,6116.666504,2017-01-31,6233.333496,6075.000000,6166.666504,339131
6275.000000,6275.000000,2017-02-01,6583.333496,6083.333496,6083.333496,1074431
6125.000000,6125.000000,2017-02-02,6275.000000,6116.666504,6241.666504,565019
5758.333496,5758.333496,2017-02-03,6125.000000,5758.333496,6066.666504,878627
5933.333496,5933.333496,2017-02-06,5966.666504,5641.666504,5641.666504,599531
5900.000000,5900.000000,2017-02-07,6141.666504,5875.000000,5916.666504,659159
5825.000000,5825.000000,2017-02-08,5958.333496,5825.000000,5925.000000,300107
5833.333496,5833.333496,2017-02-09,5925.000000,5800.000000,5825.000000,362183
5791.666504,5791.666504,2017-02-10,5883.333496,5733.333496,5883.333496,438287
6266.666504,6266.666504,2017-02-13,6833.333496,6008.333496,6091.666504,9076523
6358.333496,6358.333496,2017-02-14,6366.666504,6050.000000,6250.000000,1624283
6358.333496,6358.333496,2017-02-15,6916.666504,6333.333496,6383.333496,3313391
6366.666504,6366.666504,2017-02-16,6525.000000,6216.666504,6325.000000,1164611
6208.333496,6208.333496,2017-02-17,6433.333496,6208.333496,6416.666504,678239
6208.333496,6208.333496,2017-02-20,6375.000000,6166.666504,6166.666504,597251
6333.333496,6333.333496,2017-02-21,6575.000000,6216.666504,6216.666504,1301951
6333.333496,6333.333496,2017-02-22,6466.666504,6300.000000,6333.333496,694247
6233.333496,6233.333496,2017-02-23,6458.333496,6233.333496,6341.666504,545231
6050.000000,6050.000000,2017-02-24,6291.666504,6050.000000,6250.000000,494879
5983.333496,5983.333496,2017-02-27,6116.666504,5916.666504,6008.333496,384287
5966.666504,5966.666504,2017-02-28,6083.333496,5916.666504,5975.000000,320843
5916.666504,5916.666504,2017-03-02,6033.333496,5891.666504,5983.333496,276563
5816.666504,5816.666504,2017-03-03,5891.666504,5750.000000,5883.333496,543467
5825.000000,5825.000000,2017-03-06,5916.666504,5741.666504,5750.000000,371003
5925.000000,5925.000000,2017-03-07,6100.000000,5825.000000,5825.000000,952463
5983.333496,5983.333496,2017-03-08,6008.333496,5916.666504,5933.333496,295559
5808.333496,5808.333496,2017-03-09,6166.666504,5766.666504,6033.333496,601679
5808.333496,5808.333496,2017-03-10,5841.666504,5591.666504,5783.333496,578279
5850.000000,5850.000000,2017-03-13,5925.000000,5808.333496,5841.666504,386939
5933.333496,5933.333496,2017-03-14,5933.333496,5825.000000,5866.666504,348335
6000.000000,6000.000000,2017-03-15,6600.000000,5991.666504,6358.333496,3839567
5908.333496,5908.333496,2017-03-16,6050.000000,5900.000000,6000.000000,728231
5850.000000,5850.000000,2017-03-17,6025.000000,5850.000000,6000.000000,627191
5733.333496,5733.333496,2017-03-20,5841.666504,5708.333496,5791.666504,439103
5741.666504,5741.666504,2017-03-21,5841.666504,5725.000000,5725.000000,330863
5558.333496,5558.333496,2017-03-22,5783.333496,5483.333496,5758.333496,680003
5358.333496,5358.333496,2017-03-23,5608.333496,5341.666504,5558.333496,644207
null,null,2017-03-24,null,null,null,null
null,null,2017-03-27,null,null,null,null
null,null,2017-03-28,null,null,null,null
null,null,2017-03-29,null,null,null,null
null,null,2017-03-30,null,null,null,null
null,null,2017-03-31,null,null,null,null
null,null,2017-04-03,null,null,null,null
null,null,2017-04-04,null,null,null,null
null,null,2017-04-05,null,null,null,null
null,null,2017-04-06,null,null,null,null
null,null,2017-04-07,null,null,null,null
null,null,2017-04-10,null,null,null,null
null,null,2017-04-11,null,null,null,null
null,null,2017-04-12,null,null,null,null
null,null,2017-04-13,null,null,null,null
null,null,2017-04-14,null,null,null,null
null,null,2017-04-17,null,null,null,null
null,null,2017-04-18,null,null,null,null
null,null,2017-04-19,null,null,null,null
null,null,2017-04-20,null,null,null,null
null,null,2017-04-21,null,null,null,null
null,null,2017-04-24,null,null,null,null
null,null,2017-04-25,null,null,null,null
null,null,2017-04-26,null,null,null,null
null,null,2017-04-27,null,null,null,null
null,null,2017-04-28,null,null,null,null
null,null,2017-05-02,null,null,null,null
null,null,2017-05-04,null,null,null,null
null,null,2017-05-08,null,null,null,null
null,null,2017-05-10,null,null,null,null
null,null,2017-05-11,null,null,null,null
null,null,2017-05-12,null,null,null,null
null,null,2017-05-15,null,null,null,null
null,null,2017-05-16,null,null,null,null
null,null,2017-05-17,null,null,null,null
null,null,2017-05-18,null,null,null,null
null,null,2017-05-19,null,null,null,null
null,null,2017-05-22,null,null,null,null
null,null,2017-05-23,null,null,null,null
null,null,2017-05-24,null,null,null,null
null,null,2017-05-25,null,null,null,null
null,null,2017-05-26,null,null,null,null
null,null,2017-05-29,null,null,null,null
null,null,2017-05-30,null,null,null,null
null,null,2017-05-31,null,null,null,null
null,null,2017-06-01,null,null,null,null
null,null,2017-06-02,null,null,null,null
null,null,2017-06-05,null,null,null,null
null,null,2017-06-07,null,null,null,null
null,null,2017-06-08,null,null,null,null
null,null,2017-06-09,null,null,null,null
null,null,2017-06-12,null,null,null,null
null,null,2017-06-13,null,null,null,null
null,null,2017-06-14,null,null,null,null
null,null,2017-06-15,null,null,null,null
null,null,2017-06-16,null,null,null,null
null,null,2017-06-19,null,null,null,null
null,null,2017-06-20,null,null,null,null
null,null,2017-06-21,null,null,null,null
null,null,2017-06-22,null,null,null,null
null,null,2017-06-23,null,null,null,null
null,null,2017-06-26,null,null,null,null
null,null,2017-06-27,null,null,null,null
null,null,2017-06-28,null,null,null,null
null,null,2017-06-29,null,null,null,null
null,null,2017-06-30,null,null,null,null
null,null,2017-07-03,null,null,null,null
null,null,2017-07-04,null,null,null,null
null,null,2017-07-05,null,null,null,null
null,null,2017-07-06,null,null,null,null
null,null,2017-07-07,null,null,null,null
null,null,2017-07-10,null,null,null,null
null,null,2017-07-11,null,null,null,null
null,null,2017-07-12,null,null,null,null
null,null,2017-07-13,null,null,null,null
null,null,2017-07-14,null,null,null,null
null,null,2017-07-17,null,null,null,null
null,null,2017-07-18,null,null,null,null
null,null,2017-07-19,null,null,null,null
null,null,2017-07-20,null,null,null,null
null,null,2017-07-21,null,null,null,null
null,null,2017-07-24,null,null,null,null
null,null,2017-07-25,null,null,null,null
null,null,2017-07-26,null,null,null,null
null,null,2017-07-27,null,null,null,null
null,null,2017-07-28,null,null,null,null
null,null,2017-07-31,null,null,null,null
null,null,2017-08-01,null,null,null,null
null,null,2017-08-02,null,null,null,null
null,null,2017-08-03,null,null,null,null
null,null,2017-08-04,null,null,null,null
null,null,2017-08-07,null,null,null,null
null,null,2017-08-08,null,null,null,null
null,null,2017-08-09,null,null,null,null
null,null,2017-08-10,null,null,null,null
null,null,2017-08-11,null,null,null,null
null,null,2017-08-14,null,null,null,null
null,null,2017-08-16,null,null,null,null
null,null,2017-08-17,null,null,null,null
null,null,2017-08-18,null,null,null,null
null,null,2017-08-21,null,null,null,null
null,null,2017-08-22,null,null,null,null
null,null,2017-08-23,null,null,null,null
null,null,2017-08-24,null,null,null,null
null,null,2017-08-25,null,null,null,null
null,null,2017-08-28,null,null,null,null
null,null,2017-08-29,null,null,null,null
null,null,2017-08-30,null,null,null,null
null,null,2017-08-31,null,null,null,null
null,null,2017-09-01,null,null,null,null
null,null,2017-09-04,null,null,null,null
null,null,2017-09-05,null,null,null,null
null,null,2017-09-06,null,null,null,null
null,null,2017-09-07,null,null,null,null
null,null,2017-09-08,null,null,null,null
null,null,2017-09-11,null,null,null,null
null,null,2017-09-12,null,null,null,null
null,null,2017-09-13,null,null,null,null
null,null,2017-09-14,null,null,null,null
null,null,2017-09-15,null,null,null,null
null,null,2017-09-18,null,null,null,null
null,null,2017-09-19,null,null,null,null
null,null,2017-09-20,null,null,null,null
null,null,2017-09-21,null,null,null,null
null,null,2017-09-25,null,null,null,null
null,null,2017-09-26,null,null,null,null
null,null,2017-09-27,null,null,null,null
null,null,2017-09-28,null,null,null,null
null,null,2017-09-29,null,null,null,null
null,null,2017-10-10,null,null,null,null
null,null,2017-10-11,null,null,null,null
null,null,2017-10-12,null,null,null,null
null,null,2017-10-13,null,null,null,null
null,null,2017-10-16,null,null,null,null
null,null,2017-10-17,null,null,null,null
null,null,2017-10-18,null,null,null,null
null,null,2017-10-19,null,null,null,null
null,null,2017-10-20,null,null,null,null
null,null,2017-10-23,null,null,null,null
null,null,2017-10-24,null,null,null,null
null,null,2017-10-25,null,null,null,null
null,null,2017-10-26,null,null,null,null
null,null,2017-10-27,null,null,null,null
null,null,2017-10-30,null,null,null,null
null,null,2017-10-31,null,null,null,null
null,null,2017-11-01,null,null,null,null
null,null,2017-11-02,null,null,null,null
null,null,2017-11-03,null,null,null,null
null,null,2017-11-06,null,null,null,null
null,null,2017-11-07,null,null,null,null
null,null,2017-11-08,null,null,null,null
null,null,2017-11-09,null,null,null,null
null,null,2017-11-10,null,null,null,null
null,null,2017-11-13,null,null,null,null
null,null,2017-11-14,null,null,null,null
null,null,2017-11-15,null,null,null,null
null,null,2017-11-16,null,null,null,null
null,null,2017-11-17,null,null,null,null
null,null,2017-11-20,null,null,null,null
null,null,2017-11-21,null,null,null,null
null,null,2017-11-22,null,null,null,null
null,null,2017-11-23,null,null,null,null
null,null,2017-11-24,null,null,null,null
null,null,2017-11-27,null,null,null,null
null,null,2017-11-28,null,null,null,null
null,null,2017-11-29,null,null,null,null
null,null,2017-11-30,null,null,null,null
null,null,2017-12-01,null,null,null,null
null,null,2017-12-04,null,null,null,null
null,null,2017-12-05,null,null,null,null
null,null,2017-12-06,null,null,null,null
null,null,2017-12-07,null,null,null,null
null,null,2017-12-08,null,null,null,null
null,null,2017-12-11,null,null,null,null
null,null,2017-12-12,null,null,null,null
null,null,2017-12-13,null,null,null,null
null,null,2017-12-14,null,null,null,null
null,null,2017-12-15,null,null,null,null
null,null,2017-12-18,null,null,null,null
null,null,2017-12-19,null,null,null,null
null,null,2017-12-21,null,null,null,null
null,null,2017-12-22,null,null,null,null
null,null,2017-12-26,null,null,null,null
null,null,2017-12-27,null,null,null,null
null,null,2017-12-28,null,null,null,null
null,null,2018-01-02,null,null,null,null
null,null,2018-01-03,null,null,null,null
null,null,2018-01-04,null,null,null,null
null,null,2018-01-05,null,null,null,null
null,null,2018-01-08,null,null,null,null
null,null,2018-01-09,null,null,null,null
null,null,2018-01-10,null,null,null,null
null,null,2018-01-11,null,null,null,null
null,null,2018-01-12,null,null,null,null
null,null,2018-01-15,null,null,null,null
null,null,2018-01-16,null,null,null,null
null,null,2018-01-17,null,null,null,null
null,null,2018-01-18,null,null,null,null
null,null,2018-01-19,null,null,null,null
null,null,2018-01-22,null,null,null,null
null,null,2018-01-23,null,null,null,null
null,null,2018-01-24,null,null,null,null
null,null,2018-01-25,null,null,null,null
null,null,2018-01-26,null,null,null,null
5416.666504,5416.666504,2018-01-29,5416.666504,3883.333252,4166.666504,7436315
6008.333496,6008.333496,2018-01-30,6391.666504,5808.333496,6125.000000,8300087
5633.333496,5633.333496,2018-01-31,6041.666504,5566.666504,5833.333496,1595051
5625.000000,5625.000000,2018-02-01,5941.666504,5600.000000,5650.000000,1079027
5325.000000,5325.000000,2018-02-02,5750.000000,5166.666504,5625.000000,957143
4900.000000,4900.000000,2018-02-05,5333.333496,4891.666504,5266.666504,787175
4866.666504,4866.666504,2018-02-06,4908.333496,4316.666504,4750.000000,772151
4591.666504,4591.666504,2018-02-07,5066.666504,4591.666504,5066.666504,296111
4750.000000,4750.000000,2018-02-08,4941.666504,4625.000000,4625.000000,593291
4741.666504,4741.666504,2018-02-09,4875.000000,4541.666504,4666.666504,459059
4575.000000,4575.000000,2018-02-12,4883.333496,4550.000000,4750.000000,444791
4425.000000,4425.000000,2018-02-13,4733.333496,4325.000000,4641.666504,735947
4366.666504,4366.666504,2018-02-14,4491.666504,4316.666504,4491.666504,259355
4283.333496,4283.333496,2018-02-19,4466.666504,4250.000000,4458.333496,409091
4141.666504,4141.666504,2018-02-20,4316.666504,4091.666748,4275.000000,698795
3941.666748,3941.666748,2018-02-21,4150.000000,3833.333252,4125.000000,779231
5116.666504,5116.666504,2018-02-22,5116.666504,4750.000000,4833.333496,3553499
4541.666504,4541.666504,2018-02-23,5583.333496,4500.000000,5425.000000,5519339
4250.000000,4250.000000,2018-02-26,4608.333496,4158.333496,4600.000000,1623443
4233.333496,4233.333496,2018-02-27,4450.000000,4216.666504,4225.000000,1023767
4100.000000,4100.000000,2018-02-28,4233.333496,4033.333252,4225.000000,744683
4091.666748,4091.666748,2018-03-02,4225.000000,3916.666748,4016.666748,770723
4000.000000,4000.000000,2018-03-05,4175.000000,4000.000000,4141.666504,399323
3983.333252,3983.333252,2018-03-06,4133.333496,3950.000000,3975.000000,423239
3866.666748,3866.666748,2018-03-07,4008.333252,3866.666748,3983.333252,426995
3941.666748,3941.666748,2018-03-08,3958.333252,3841.666748,3875.000000,382967
3941.666748,3941.666748,2018-03-09,3983.333252,3875.000000,3983.333252,380303
3975.000000,3975.000000,2018-03-12,3975.000000,3883.333252,3941.666748,353735
4191.666504,4191.666504,2018-03-13,4558.333496,3975.000000,4016.666748,2922659
4216.666504,4216.666504,2018-03-14,4250.000000,4100.000000,4150.000000,573167
4166.666504,4166.666504,2018-03-15,4283.333496,4150.000000,4208.333496,596495
4208.333496,4208.333496,2018-03-16,4550.000000,4166.666504,4541.666504,1200131
4025.000000,4025.000000,2018-03-19,4258.333496,4016.666748,4216.666504,490295
4008.333252,4008.333252,2018-03-20,4083.333252,3933.333252,3991.666748,382535
3958.333252,3958.333252,2018-03-21,4100.000000,3950.000000,4008.333252,391991
3541.666748,3541.666748,2018-03-22,4008.333252,3541.666748,3983.333252,1202903
null,null,2018-03-23,null,null,null,null
null,null,2018-03-26,null,null,null,null
null,null,2018-03-27,null,null,null,null
null,null,2018-03-28,null,null,null,null
null,null,2018-03-29,null,null,null,null
null,null,2018-03-30,null,null,null,null
null,null,2018-04-02,null,null,null,null
null,null,2018-04-03,null,null,null,null
null,null,2018-04-04,null,null,null,null
null,null,2018-04-05,null,null,null,null
null,null,2018-04-06,null,null,null,null
null,null,2018-04-09,null,null,null,null
null,null,2018-04-10,null,null,null,null
null,null,2018-04-11,null,null,null,null
null,null,2018-04-12,null,null,null,null
4416.666504,4416.666504,2018-04-13,4600.000000,4150.000000,4416.666504,6839315
4066.666748,4066.666748,2018-04-16,4566.666504,4058.333252,4500.000000,2140835
3783.333252,3783.333252,2018-04-17,4075.000000,3658.333252,4066.666748,1948559
3783.333252,3783.333252,2018-04-18,3908.333252,3700.000000,3808.333252,1014299
4033.333252,4033.333252,2018-04-19,4150.000000,3733.333252,3791.666748,2523875
3925.000000,3925.000000,2018-04-20,4066.666748,3875.000000,4033.333252,573899
3766.666748,3766.666748,2018-04-23,3925.000000,3750.000000,3866.666748,590987
3700.000000,3700.000000,2018-04-24,3841.666748,3700.000000,3816.666748,429683
3633.333252,3633.333252,2018-04-25,3741.666748,3616.666748,3741.666748,455327
3600.000000,3600.000000,2018-04-26,3691.666748,3575.000000,3633.333252,422087
3608.333252,3608.333252,2018-04-27,3691.666748,3575.000000,3658.333252,360623
3808.333252,3808.333252,2018-04-30,3808.333252,3450.000000,3591.666748,912467
3625.000000,3625.000000,2018-05-02,3808.333252,3583.333252,3808.333252,511151
3583.333252,3583.333252,2018-05-03,3633.333252,3525.000000,3633.333252,358247
3433.333252,3433.333252,2018-05-04,3583.333252,3408.333252,3583.333252,672383
3400.000000,3400.000000,2018-05-08,3466.666748,3325.000000,3433.333252,737147
3400.000000,3400.000000,2018-05-09,3433.333252,3333.333252,3425.000000,287507
3500.000000,3500.000000,2018-05-10,3533.333252,3366.666748,3391.666748,520679
3508.333252,3508.333252,2018-05-11,3525.000000,3425.000000,3516.666748,357095
3441.666748,3441.666748,2018-05-14,3533.333252,3408.333252,3466.666748,295643
3433.333252,3433.333252,2018-05-15,3491.666748,3416.666748,3466.666748,227807
3308.333252,3308.333252,2018-05-16,3425.000000,3291.666748,3416.666748,491255
3266.666748,3266.666748,2018-05-17,3358.333252,3258.333252,3358.333252,373739
3358.333252,3358.333252,2018-05-18,3366.666748,3250.000000,3275.000000,348827
3358.333252,3358.333252,2018-05-21,3408.333252,3250.000000,3383.333252,353531
3333.333252,3333.333252,2018-05-23,3383.333252,3308.333252,3358.333252,285575
3358.333252,3358.333252,2018-05-24,3400.000000,3316.666748,3341.666748,236963
3275.000000,3275.000000,2018-05-25,3358.333252,3250.000000,3325.000000,313931
3283.333252,3283.333252,2018-05-28,3308.333252,3250.000000,3291.666748,259607
3358.333252,3358.333252,2018-05-29,3483.333252,3241.666748,3266.666748,809903
3241.666748,3241.666748,2018-05-30,3400.000000,3233.333252,3375.000000,390059
3250.000000,3250.000000,2018-05-31,3283.333252,3225.000000,3250.000000,259811
3308.333252,3308.333252,2018-06-01,3391.666748,3225.000000,3258.333252,388619
3550.000000,3550.000000,2018-06-04,3591.666748,3300.000000,3350.000000,1093607
4191.666504,4191.666504,2018-06-05,4458.333496,3575.000000,3608.333252,12638747
3600.000000,3600.000000,2018-06-07,4100.000000,3583.333252,4083.333252,2777207
3500.000000,3500.000000,2018-06-08,3658.333252,3450.000000,3591.666748,1010147
3450.000000,3450.000000,2018-06-11,3750.000000,3433.333252,3541.666748,1981271
3325.000000,3325.000000,2018-06-12,3483.333252,3308.333252,3483.333252,677723
3291.666748,3291.666748,2018-06-14,3391.666748,3275.000000,3275.000000,410351
3291.666748,3291.666748,2018-06-15,3375.000000,3258.333252,3275.000000,454235
3191.666748,3191.666748,2018-06-18,3316.666748,3183.333252,3300.000000,332999
3175.000000,3175.000000,2018-06-19,3208.333252,3141.666748,3200.000000,232715
3133.333252,3133.333252,2018-06-20,3183.333252,3125.000000,3175.000000,283187
2941.666748,2941.666748,2018-06-21,3150.000000,2933.333252,3133.333252,600263
3041.666748,3041.666748,2018-06-22,3083.333252,2950.000000,2958.333252,298967
2991.666748,2991.666748,2018-06-25,3058.333252,2958.333252,3058.333252,173231
2950.000000,2950.000000,2018-06-26,3000.000000,2916.666748,3000.000000,248339
2900.000000,2900.000000,2018-06-27,3208.333252,2883.333252,2966.666748,770123
2750.000000,2750.000000,2018-06-28,2941.666748,2733.333252,2941.666748,563555
2766.666748,2766.666748,2018-06-29,2841.666748,2716.666748,2741.666748,346931
2608.333252,2608.333252,2018-07-02,2800.000000,2608.333252,2800.000000,377027
2716.666748,2716.666748,2018-07-03,2725.000000,2608.333252,2650.000000,420011
2750.000000,2750.000000,2018-07-04,2825.000000,2691.666748,2691.666748,229379
2625.000000,2625.000000,2018-07-05,2775.000000,2591.666748,2775.000000,271775
2708.333252,2708.333252,2018-07-06,2708.333252,2566.666748,2625.000000,302867
2675.000000,2675.000000,2018-07-09,2758.333252,2641.666748,2675.000000,200615
2733.333252,2733.333252,2018-07-10,2775.000000,2658.333252,2683.333252,183095
2658.333252,2658.333252,2018-07-11,2775.000000,2633.333252,2733.333252,145823
2700.000000,2700.000000,2018-07-12,2708.333252,2600.000000,2658.333252,121811
2841.666748,2841.666748,2018-07-13,2900.000000,2675.000000,2708.333252,962255
2916.666748,2916.666748,2018-07-16,3091.666748,2758.333252,2841.666748,1429031
2875.000000,2875.000000,2018-07-17,2966.666748,2866.666748,2941.666748,237767
3066.666748,3066.666748,2018-07-18,3275.000000,2808.333252,2916.666748,2358647
3133.333252,3133.333252,2018-07-19,3600.000000,2925.000000,3083.333252,4189127
2825.000000,2825.000000,2018-07-20,3108.333252,2816.666748,3075.000000,962999
2658.333252,2658.333252,2018-07-23,2850.000000,2650.000000,2825.000000,404423
2658.333252,2658.333252,2018-07-24,2766.666748,2608.333252,2625.000000,474443
2658.333252,2658.333252,2018-07-25,2716.666748,2608.333252,2666.666748,441959
2758.333252,2758.333252,2018-07-26,2825.000000,2650.000000,2716.666748,613607
2825.000000,2825.000000,2018-07-27,2833.333252,2750.000000,2758.333252,391439
2833.333252,2833.333252,2018-07-30,2891.666748,2791.666748,2841.666748,410435
2766.666748,2766.666748,2018-07-31,2850.000000,2750.000000,2833.333252,347087
2800.000000,2800.000000,2018-08-01,2975.000000,2708.333252,2800.000000,981215
2850.000000,2850.000000,2018-08-02,2883.333252,2733.333252,2791.666748,590135
2800.000000,2800.000000,2018-08-03,2875.000000,2791.666748,2866.666748,325991
2758.333252,2758.333252,2018-08-06,2808.333252,2750.000000,2783.333252,225311
2766.666748,2766.666748,2018-08-07,2800.000000,2658.333252,2725.000000,479531
2641.666748,2641.666748,2018-08-08,2758.333252,2633.333252,2750.000000,495047
2658.333252,2658.333252,2018-08-09,2675.000000,2500.000000,2575.000000,581171
2591.666748,2591.666748,2018-08-10,2666.666748,2583.333252,2658.333252,289367
2366.666748,2366.666748,2018-08-13,2600.000000,2366.666748,2591.666748,568295
2383.333252,2383.333252,2018-08-14,2458.333252,2366.666748,2366.666748,317459
2291.666748,2291.666748,2018-08-16,2391.666748,2183.333252,2391.666748,412511
2291.666748,2291.666748,2018-08-17,2350.000000,2275.000000,2300.000000,180299
2283.333252,2283.333252,2018-08-20,2358.333252,2266.666748,2325.000000,190223
2316.666748,2316.666748,2018-08-21,2325.000000,2225.000000,2283.333252,184151
2316.666748,2316.666748,2018-08-22,2325.000000,2250.000000,2316.666748,225383
2358.333252,2358.333252,2018-08-23,2366.666748,2308.333252,2316.666748,177479
2350.000000,2350.000000,2018-08-24,2366.666748,2316.666748,2316.666748,136163
2333.333252,2333.333252,2018-08-27,2358.333252,2300.000000,2350.000000,141743
2291.666748,2291.666748,2018-08-28,2350.000000,2291.666748,2350.000000,156755
2391.666748,2391.666748,2018-08-29,2591.666748,2316.666748,2333.333252,1466147
2391.666748,2391.666748,2018-08-30,2425.000000,2358.333252,2408.333252,227555
2533.333252,2533.333252,2018-08-31,2608.333252,2375.000000,2383.333252,1591283
2591.666748,2591.666748,2018-09-03,2650.000000,2491.666748,2516.666748,863315
2558.333252,2558.333252,2018-09-04,2616.666748,2550.000000,2600.000000,270143
2591.666748,2591.666748,2018-09-05,2625.000000,2508.333252,2558.333252,275543
2483.333252,2483.333252,2018-09-06,2591.666748,2475.000000,2566.666748,292595
2450.000000,2450.000000,2018-09-07,2516.666748,2416.666748,2516.666748,213479
2366.666748,2366.666748,2018-09-10,2433.333252,2358.333252,2391.666748,180503
2416.666748,2416.666748,2018-09-11,2441.666748,2375.000000,2391.666748,216983
2333.333252,2333.333252,2018-09-12,2425.000000,2333.333252,2400.000000,295175
2425.000000,2425.000000,2018-09-13,2566.666748,2300.000000,2341.666748,897395
2400.000000,2400.000000,2018-09-14,2475.000000,2375.000000,2425.000000,285455
2333.333252,2333.333252,2018-09-17,2425.000000,2325.000000,2408.333252,188615
2233.333252,2233.333252,2018-09-18,2266.666748,2166.666748,2208.333252,483563
2233.333252,2233.333252,2018-09-19,2291.666748,2208.333252,2233.333252,254051
2033.333374,2033.333374,2018-09-20,2200.000000,1958.333374,2200.000000,1059359
2050.000000,2050.000000,2018-09-21,2066.666748,1991.666626,2041.666626,186863
2050.000000,2050.000000,2018-09-27,2125.000000,1983.333374,1983.333374,331715
2016.666626,2016.666626,2018-09-28,2125.000000,2016.666626,2041.666626,245987
1983.333374,1983.333374,2018-10-01,2033.333374,1958.333374,2008.333374,162587
1958.333374,1958.333374,2018-10-02,2016.666626,1950.000000,1983.333374,134399
1916.666626,1916.666626,2018-10-04,1991.666626,1891.666626,1983.333374,224231
1875.000000,1875.000000,2018-10-05,1941.666626,1850.000000,1941.666626,165911
1941.666626,1941.666626,2018-10-08,2250.000000,1925.000000,2000.000000,1346159
1816.666626,1816.666626,2018-10-10,1983.333374,1816.666626,1975.000000,223199
1708.333374,1708.333374,2018-10-11,1783.333374,1675.000000,1725.000000,238523
1791.666626,1791.666626,2018-10-12,1791.666626,1708.333374,1791.666626,144227
1783.333374,1783.333374,2018-10-15,1833.333374,1766.666626,1791.666626,143003
1875.000000,1875.000000,2018-10-16,1916.666626,1758.333374,1758.333374,302519
1883.333374,1883.333374,2018-10-17,1933.333374,1858.333374,1858.333374,164315
1808.333374,1808.333374,2018-10-18,1900.000000,1716.666626,1858.333374,191159
1750.000000,1750.000000,2018-10-19,1800.000000,1741.666626,1800.000000,193595
1791.666626,1791.666626,2018-10-22,1841.666626,1750.000000,1750.000000,245699
1733.333374,1733.333374,2018-10-23,1825.000000,1708.333374,1783.333374,200699
1675.000000,1675.000000,2018-10-24,1791.666626,1658.333374,1741.666626,190679
1641.666626,1641.666626,2018-10-25,1666.666626,1566.666626,1666.666626,121499
1575.000000,1575.000000,2018-10-26,1683.333374,1533.333374,1666.666626,120863
1333.333374,1333.333374,2018-10-29,1583.333374,1175.000000,1508.333374,334283
1400.000000,1400.000000,2018-10-30,1400.000000,1250.000000,1333.333374,261455
1458.333374,1458.333374,2018-10-31,1508.333374,1400.000000,1408.333374,115955
1516.666626,1516.666626,2018-11-01,1533.333374,1458.333374,1458.333374,114671
1583.333374,1583.333374,2018-11-02,1600.000000,1500.000000,1500.000000,224363
1616.666626,1616.666626,2018-11-05,1625.000000,1525.000000,1575.000000,78119
1666.666626,1666.666626,2018-11-06,1733.333374,1608.333374,1666.666626,223691
1625.000000,1625.000000,2018-11-07,1691.666626,1600.000000,1675.000000,135071
1691.666626,1691.666626,2018-11-08,1708.333374,1625.000000,1650.000000,176951
1683.333374,1683.333374,2018-11-09,1716.666626,1658.333374,1708.333374,104375
1633.333374,1633.333374,2018-11-12,1700.000000,1633.333374,1683.333374,92159
1650.000000,1650.000000,2018-11-13,1658.333374,1575.000000,1625.000000,74075
1666.666626,1666.666626,2018-11-14,1725.000000,1633.333374,1658.333374,164063
1658.333374,1658.333374,2018-11-15,1691.666626,1633.333374,1675.000000,47495
1658.333374,1658.333374,2018-11-16,1683.333374,1650.000000,1666.666626,90707
1816.666626,1816.666626,2018-11-19,1816.666626,1650.000000,1650.000000,279887
2000.000000,2000.000000,2018-11-20,2066.666748,1766.666626,1816.666626,1565747
2000.000000,2000.000000,2018-11-21,2150.000000,1950.000000,2000.000000,1017143
2083.333252,2083.333252,2018-11-22,2091.666748,1975.000000,2033.333374,291431
2083.333252,2083.333252,2018-11-23,2108.333252,2016.666626,2075.000000,297923
2041.666626,2041.666626,2018-11-26,2083.333252,1958.333374,2075.000000,373163
2250.000000,2250.000000,2018-11-27,2250.000000,1991.666626,2083.333252,1022087
1716.666626,1716.666626,2018-11-28,1916.666626,1716.666626,1875.000000,2434931
1666.666626,1666.666626,2018-11-29,1750.000000,1650.000000,1741.666626,705503
1608.333374,1608.333374,2018-11-30,1683.333374,1608.333374,1666.666626,423539
1608.333374,1608.333374,2018-12-03,1641.666626,1583.333374,1616.666626,219071
1600.000000,1600.000000,2018-12-04,1625.000000,1583.333374,1600.000000,142379
1591.666626,1591.666626,2018-12-05,1616.666626,1575.000000,1616.666626,218387
1600.000000,1600.000000,2018-12-06,1608.333374,1583.333374,1600.000000,248591
1533.333374,1533.333374,2018-12-07,1616.666626,1525.000000,1608.333374,305303
1450.000000,1450.000000,2018-12-10,1533.333374,1408.333374,1525.000000,350507
1358.333374,1358.333374,2018-12-11,1508.333374,1358.333374,1466.666626,499991
1333.333374,1333.333374,2018-12-12,1425.000000,1308.333374,1391.666626,566927
1375.000000,1375.000000,2018-12-13,1383.333374,1325.000000,1333.333374,364187
1333.333374,1333.333374,2018-12-14,1391.666626,1291.666626,1383.333374,251699
1291.666626,1291.666626,2018-12-17,1333.333374,1275.000000,1308.333374,166223
1283.333374,1283.333374,2018-12-18,1325.000000,1258.333374,1275.000000,172043
1300.000000,1300.000000,2018-12-19,1325.000000,1275.000000,1291.666626,201071
1283.333374,1283.333374,2018-12-20,1316.666626,1275.000000,1300.000000,160379
1300.000000,1300.000000,2018-12-21,1316.666626,1250.000000,1283.333374,212003
1275.000000,1275.000000,2018-12-24,1300.000000,1275.000000,1300.000000,120659
1233.333374,1233.333374,2018-12-26,1275.000000,1208.333374,1250.000000,174575
1291.666626,1291.666626,2018-12-27,1291.666626,1225.000000,1233.333374,187427
1308.333374,1308.333374,2018-12-28,1325.000000,1283.333374,1300.000000,318167
1341.666626,1341.666626,2019-01-02,1533.333374,1300.000000,1333.333374,1630223
1350.000000,1350.000000,2019-01-03,1450.000000,1333.333374,1383.333374,409283
1333.333374,1333.333374,2019-01-04,1375.000000,1275.000000,1358.333374,342311
1325.000000,1325.000000,2019-01-07,1341.666626,1308.333374,1341.666626,115343
1333.333374,1333.333374,2019-01-08,1333.333374,1308.333374,1325.000000,66527
1333.333374,1333.333374,2019-01-09,1408.333374,1316.666626,1350.000000,301595
1358.333374,1358.333374,2019-01-10,1358.333374,1316.666626,1350.000000,137507
1400.000000,1400.000000,2019-01-11,1416.666626,1350.000000,1358.333374,177755
1400.000000,1400.000000,2019-01-14,1425.000000,1383.333374,1425.000000,128015
1375.000000,1375.000000,2019-01-15,1425.000000,1366.666626,1391.666626,303299
1483.333374,1483.333374,2019-01-16,1750.000000,1383.333374,1483.333374,2895011
1441.666626,1441.666626,2019-01-17,1525.000000,1425.000000,1500.000000,603071
1466.666626,1466.666626,2019-01-18,1475.000000,1433.333374,1441.666626,246911
1525.000000,1525.000000,2019-01-21,1541.666626,1475.000000,1491.666626,524627
1491.666626,1491.666626,2019-01-22,1541.666626,1475.000000,1533.333374,180095
1458.333374,1458.333374,2019-01-23,1500.000000,1450.000000,1491.666626,275495
1458.333374,1458.333374,2019-01-24,1491.666626,1450.000000,1475.000000,106775
1483.333374,1483.333374,2019-01-25,1491.666626,1441.666626,1458.333374,282431
1458.333374,1458.333374,2019-01-28,1500.000000,1458.333374,1483.333374,220715
1458.333374,1458.333374,2019-01-29,1466.666626,1441.666626,1466.666626,154835
1441.666626,1441.666626,2019-01-30,1458.333374,1416.666626,1450.000000,171191
1441.666626,1441.666626,2019-01-31,1458.333374,1425.000000,1425.000000,140183
1408.333374,1408.333374,2019-02-01,1433.333374,1391.666626,1433.333374,161759
1416.666626,1416.666626,2019-02-07,1416.666626,1391.666626,1416.666626,94583
1416.666626,1416.666626,2019-02-08,1433.333374,1383.333374,1400.000000,159527
1383.333374,1383.333374,2019-02-11,1425.000000,1366.666626,1416.666626,212291
1375.000000,1375.000000,2019-02-12,1391.666626,1333.333374,1391.666626,165755
1375.000000,1375.000000,2019-02-13,1383.333374,1350.000000,1375.000000,126023
1383.333374,1383.333374,2019-02-14,1475.000000,1358.333374,1375.000000,1004855
1358.333374,1358.333374,2019-02-15,1383.333374,1341.666626,1383.333374,232415
1375.000000,1375.000000,2019-02-18,1383.333374,1350.000000,1358.333374,112151
1391.666626,1391.666626,2019-02-19,1400.000000,1366.666626,1383.333374,69887
1383.333374,1383.333374,2019-02-20,1416.666626,1375.000000,1391.666626,121607
1391.666626,1391.666626,2019-02-21,1416.666626,1375.000000,1383.333374,111635
1391.666626,1391.666626,2019-02-22,1408.333374,1383.333374,1400.000000,93419
1391.666626,1391.666626,2019-02-25,1400.000000,1366.666626,1400.000000,88583
1383.333374,1383.333374,2019-02-26,1400.000000,1366.666626,1383.333374,124955
1391.666626,1391.666626,2019-02-27,1400.000000,1350.000000,1358.333374,156683
1366.666626,1366.666626,2019-02-28,1516.666626,1333.333374,1391.666626,1044827
1358.333374,1358.333374,2019-03-04,1391.666626,1333.333374,1341.666626,214679
1350.000000,1350.000000,2019-03-05,1383.333374,1333.333374,1358.333374,259643
1350.000000,1350.000000,2019-03-06,1383.333374,1341.666626,1350.000000,120251
1325.000000,1325.000000,2019-03-07,1366.666626,1316.666626,1350.000000,234107
1358.333374,1358.333374,2019-03-08,1383.333374,1300.000000,1308.333374,185231
1358.333374,1358.333374,2019-03-11,1375.000000,1325.000000,1358.333374,158087
1458.333374,1458.333374,2019-03-12,1758.333374,1375.000000,1391.666626,4606511
1550.000000,1550.000000,2019-03-13,1700.000000,1433.333374,1458.333374,4075835
1558.333374,1558.333374,2019-03-14,1625.000000,1533.333374,1558.333374,1040507
1491.666626,1491.666626,2019-03-15,1583.333374,1458.333374,1558.333374,618743
1466.666626,1466.666626,2019-03-18,1516.666626,1450.000000,1466.666626,255599
1641.666626,1641.666626,2019-03-19,1891.666626,1441.666626,1450.000000,6722855
1675.000000,1675.000000,2019-03-20,1875.000000,1600.000000,1791.666626,4692239
1566.666626,1566.666626,2019-03-21,1700.000000,1558.333374,1650.000000,1464515
1558.333374,1558.333374,2019-03-22,1608.333374,1533.333374,1600.000000,515855
1516.666626,1516.666626,2019-03-25,1558.333374,1500.000000,1533.333374,226475
1450.000000,1450.000000,2019-03-26,1541.666626,1450.000000,1508.333374,313187
1491.666626,1491.666626,2019-03-27,1583.333374,1450.000000,1475.000000,720239
1450.000000,1450.000000,2019-03-28,1541.666626,1441.666626,1516.666626,362879
1466.666626,1466.666626,2019-03-29,1491.666626,1433.333374,1458.333374,253559
1491.666626,1491.666626,2019-04-01,1516.666626,1450.000000,1483.333374,204143
1558.333374,1558.333374,2019-04-02,1641.666626,1483.333374,1500.000000,1513271
1558.333374,1558.333374,2019-04-03,1591.666626,1533.333374,1566.666626,306479
1566.666626,1566.666626,2019-04-04,1616.666626,1541.666626,1566.666626,522803
1658.333374,1658.333374,2019-04-05,1816.666626,1550.000000,1550.000000,4222547
1625.000000,1625.000000,2019-04-08,1700.000000,1600.000000,1650.000000,735311
1600.000000,1600.000000,2019-04-09,1633.333374,1566.666626,1608.333374,457823
1575.000000,1575.000000,2019-04-10,1608.333374,1550.000000,1591.666626,342323
1483.333374,1483.333374,2019-04-11,1616.666626,1441.666626,1566.666626,2368451
1575.000000,1575.000000,2019-04-12,1591.666626,1475.000000,1483.333374,1754903
1541.666626,1541.666626,2019-04-15,1600.000000,1508.333374,1558.333374,733751
1508.333374,1508.333374,2019-04-16,1591.666626,1500.000000,1558.333374,688643
1508.333374,1508.333374,2019-04-17,1683.333374,1483.333374,1525.000000,2404931
1516.666626,1516.666626,2019-04-18,1550.000000,1483.333374,1500.000000,705227
1500.000000,1500.000000,2019-04-19,1608.333374,1475.000000,1516.666626,1559615
1508.333374,1508.333374,2019-04-22,1525.000000,1491.666626,1500.000000,306719
1466.666626,1466.666626,2019-04-23,1575.000000,1441.666626,1516.666626,1424159
1466.666626,1466.666626,2019-04-24,1483.333374,1425.000000,1466.666626,632939
1441.666626,1441.666626,2019-04-25,1566.666626,1433.333374,1466.666626,2738795
null,null,2019-04-26,null,null,null,null
null,null,2019-04-29,null,null,null,null
null,null,2019-04-30,null,null,null,null
null,null,2019-05-02,null,null,null,null
null,null,2019-05-03,null,null,null,null
null,null,2019-05-07,null,null,null,null
null,null,2019-05-08,null,null,null,null
null,null,2019-05-09,null,null,null,null
null,null,2019-05-10,null,null,null,null
null,null,2019-05-13,null,null,null,null
null,null,2019-05-14,null,null,null,null
null,null,2019-05-15,null,null,null,null
null,null,2019-05-16,null,null,null,null
1870.833374,1870.833374,2019-05-17,1870.833374,1870.833374,1870.833374,1162451
2429.166748,2429.166748,2019-05-20,2429.166748,2429.166748,2429.166748,174383
2916.666748,2916.666748,2019-05-21,3154.166748,2775.000000,3154.166748,23604011
2579.166748,2579.166748,2019-05-22,2854.166748,2529.166748,2845.833252,7900019
2358.333252,2358.333252,2019-05-23,2837.500000,2333.333252,2479.166748,8349107
2308.333252,2308.333252,2019-05-24,2650.000000,2250.000000,2291.666748,4947743
2275.000000,2275.000000,2019-05-27,2400.000000,2216.666748,2337.500000,1225031
2245.833252,2245.833252,2019-05-28,2316.666748,2070.833252,2070.833252,1180259
2166.666748,2166.666748,2019-05-29,2333.333252,2166.666748,2241.666748,977771
2245.833252,2245.833252,2019-05-30,2433.333252,2216.666748,2225.000000,2485775
2150.000000,2150.000000,2019-05-31,2220.833252,2058.333252,2216.666748,1748411
2212.500000,2212.500000,2019-06-03,2325.000000,2091.666748,2150.000000,1046303
2329.166748,2329.166748,2019-06-04,2329.166748,2166.666748,2208.333252,866651
2308.333252,2308.333252,2019-06-05,2325.000000,2254.166748,2325.000000,560915
2254.166748,2254.166748,2019-06-07,2333.333252,2208.333252,2308.333252,506999
2179.166748,2179.166748,2019-06-10,2275.000000,2170.833252,2254.166748,379139
2241.666748,2241.666748,2019-06-11,2283.333252,2187.500000,2191.666748,734315
2187.500000,2187.500000,2019-06-12,2266.666748,2108.333252,2262.500000,773303
2229.166748,2229.166748,2019-06-13,2408.333252,2183.333252,2404.166748,1506887
2216.666748,2216.666748,2019-06-14,2245.833252,2175.000000,2212.500000,329627
2237.500000,2237.500000,2019-06-17,2241.666748,2170.833252,2220.833252,483779
2287.500000,2287.500000,2019-06-18,2375.000000,2237.500000,2262.500000,1068239
2479.166748,2479.166748,2019-06-19,2479.166748,2275.000000,2279.166748,1978451
2387.500000,2387.500000,2019-06-20,2550.000000,2333.333252,2525.000000,2102531
2450.000000,2450.000000,2019-06-21,2500.000000,2416.666748,2441.666748,1293479
2445.833252,2445.833252,2019-06-24,2479.166748,2358.333252,2425.000000,684023
2316.666748,2316.666748,2019-06-25,2458.333252,2275.000000,2458.333252,1079495
2262.500000,2262.500000,2019-06-26,2329.166748,2225.000000,2295.833252,588011
2208.333252,2208.333252,2019-06-27,2287.500000,2137.500000,2275.000000,885215
2229.166748,2229.166748,2019-06-28,2250.000000,2162.500000,2208.333252,383459
2308.333252,2308.333252,2019-07-01,2312.500000,2141.666748,2166.666748,458063
2291.666748,2291.666748,2019-07-02,2345.833252,2262.500000,2308.333252,303095
2275.000000,2275.000000,2019-07-03,2329.166748,2258.333252,2329.166748,217463
2183.333252,2183.333252,2019-07-04,2275.000000,2012.500000,2275.000000,1427555
2154.166748,2154.166748,2019-07-05,2225.000000,2125.000000,2137.500000,319043
2087.500000,2087.500000,2019-07-08,2183.333252,2041.666626,2137.500000,309947
2058.333252,2058.333252,2019-07-09,2125.000000,2058.333252,2058.333252,275747
2187.500000,2187.500000,2019-07-10,2454.166748,2058.333252,2075.000000,2590319
2104.166748,2104.166748,2019-07-11,2191.666748,2087.500000,2183.333252,445919
2108.333252,2108.333252,2019-07-12,2137.500000,2045.833374,2091.666748,260111
2004.166626,2004.166626,2019-07-15,2137.500000,1975.000000,2087.500000,405611
1837.500000,1837.500000,2019-07-16,2004.166626,1795.833374,2004.166626,1067543
1854.166626,1854.166626,2019-07-17,1891.666626,1750.000000,1841.666626,485675
1845.833374,1845.833374,2019-07-18,1908.333374,1825.000000,1887.500000,259763
1933.333374,1933.333374,2019-07-19,1970.833374,1804.166626,1862.500000,459599
1837.500000,1837.500000,2019-07-22,1908.333374,1829.166626,1883.333374,283739
1787.500000,1787.500000,2019-07-23,1862.500000,1775.000000,1862.500000,215507
1750.000000,1750.000000,2019-07-24,1858.333374,1750.000000,1787.500000,200303
1725.000000,1725.000000,2019-07-25,1783.333374,1700.000000,1750.000000,332027
1725.000000,1725.000000,2019-07-26,1745.833374,1625.000000,1725.000000,348347
1654.166626,1654.166626,2019-07-29,1783.333374,1570.833374,1725.000000,315347
1733.333374,1733.333374,2019-07-30,1766.666626,1650.000000,1658.333374,403211
1658.333374,1658.333374,2019-07-31,1745.833374,1608.333374,1733.333374,378779
1625.000000,1625.000000,2019-08-01,1700.000000,1558.333374,1700.000000,469115
1566.666626,1566.666626,2019-08-02,1608.333374,1541.666626,1583.333374,310187
1437.500000,1437.500000,2019-08-05,1566.666626,1375.000000,1566.666626,414767
1416.666626,1416.666626,2019-08-06,1500.000000,1329.166626,1445.833374,319619
1483.333374,1483.333374,2019-08-07,1491.666626,1416.666626,1483.333374,216815
1587.500000,1587.500000,2019-08-08,1587.500000,1462.500000,1475.000000,243935
1575.000000,1575.000000,2019-08-09,1604.166626,1508.333374,1583.333374,340127
1616.666626,1616.666626,2019-08-12,1629.166626,1516.666626,1566.666626,160919
1650.000000,1650.000000,2019-08-13,1666.666626,1587.500000,1608.333374,163319
1658.333374,1658.333374,2019-08-14,1691.666626,1629.166626,1633.333374,112607
1729.166626,1729.166626,2019-08-16,2012.500000,1633.333374,1633.333374,4743791
1637.500000,1637.500000,2019-08-19,1787.500000,1620.833374,1675.000000,1061627
1633.333374,1633.333374,2019-08-20,1725.000000,1583.333374,1637.500000,422603
1654.166626,1654.166626,2019-08-21,1666.666626,1608.333374,1637.500000,361343
1583.333374,1583.333374,2019-08-22,1708.333374,1575.000000,1666.666626,384563
1500.000000,1500.000000,2019-08-23,1558.333374,1500.000000,1529.166626,427607
1445.833374,1445.833374,2019-08-26,1516.666626,1445.833374,1445.833374,233939
1454.166626,1454.166626,2019-08-27,1500.000000,1433.333374,1500.000000,124343
1495.833374,1495.833374,2019-08-28,1525.000000,1445.833374,1458.333374,204419
1495.833374,1495.833374,2019-08-29,1520.833374,1466.666626,1520.833374,149807
1566.666626,1566.666626,2019-08-30,1608.333374,1458.333374,1458.333374,493715
1454.166626,1454.166626,2019-09-02,1500.000000,1412.500000,1500.000000,1049123
1433.333374,1433.333374,2019-09-03,1462.500000,1420.833374,1454.166626,291611
1433.333374,1433.333374,2019-09-04,1441.666626,1408.333374,1437.500000,133139
1437.500000,1437.500000,2019-09-05,1445.833374,1416.666626,1429.166626,183491
1479.166626,1479.166626,2019-09-06,1625.000000,1475.000000,1541.666626,801719
1483.333374,1483.333374,2019-09-09,1508.333374,1462.500000,1470.833374,198479
1487.500000,1487.500000,2019-09-10,1495.833374,1462.500000,1483.333374,167483
1512.500000,1512.500000,2019-09-11,1529.166626,1475.000000,1500.000000,276911
1516.666626,1516.666626,2019-09-16,1545.833374,1504.166626,1512.500000,147683
1575.000000,1575.000000,2019-09-17,1637.500000,1512.500000,1537.500000,322631
1541.666626,1541.666626,2019-09-18,1587.500000,1516.666626,1587.500000,164759
1591.666626,1591.666626,2019-09-19,1600.000000,1529.166626,1529.166626,197423
1679.166626,1679.166626,2019-09-20,1700.000000,1587.500000,1587.500000,678143
1666.666626,1666.666626,2019-09-23,1704.166626,1637.500000,1700.000000,218171
1679.166626,1679.166626,2019-09-24,1704.166626,1641.666626,1666.666626,184271
1666.666626,1666.666626,2019-09-25,1716.666626,1612.500000,1708.333374,200147
1850.000000,1850.000000,2019-09-26,1950.000000,1666.666626,1666.666626,4385051
1950.000000,1950.000000,2019-09-27,1975.000000,1695.833374,1833.333374,2817935
1745.833374,1745.833374,2019-09-30,1950.000000,1741.666626,1950.000000,1135235
1691.666626,1691.666626,2019-10-01,1754.166626,1625.000000,1716.666626,671927
1733.333374,1733.333374,2019-10-02,1841.666626,1645.833374,1675.000000,637499
1791.666626,1791.666626,2019-10-04,1987.500000,1766.666626,1858.333374,2319767
1725.000000,1725.000000,2019-10-07,1795.833374,1687.500000,1791.666626,457607
1670.833374,1670.833374,2019-10-08,1729.166626,1662.500000,1679.166626,380519
1808.333374,1808.333374,2019-10-10,1958.333374,1645.833374,1650.000000,3425219
1833.333374,1833.333374,2019-10-11,1845.833374,1754.166626,1783.333374,898691
1800.000000,1800.000000,2019-10-14,1825.000000,1766.666626,1808.333374,372623
1750.000000,1750.000000,2019-10-15,1800.000000,1737.500000,1800.000000,346151
1800.000000,1800.000000,2019-10-16,1841.666626,1725.000000,1745.833374,213107
1758.333374,1758.333374,2019-10-17,1812.500000,1729.166626,1812.500000,190871
1704.166626,1704.166626,2019-10-18,1770.833374,1683.333374,1770.833374,228935
1691.666626,1691.666626,2019-10-21,1733.333374,1675.000000,1704.166626,171635
1666.666626,1666.666626,2019-10-22,1712.500000,1666.666626,1683.333374,168203
1666.666626,1666.666626,2019-10-23,1695.833374,1654.166626,1695.833374,132995
1629.166626,1629.166626,2019-10-24,1708.333374,1608.333374,1645.833374,240347
1620.833374,1620.833374,2019-10-25,1650.000000,1566.666626,1650.000000,352607
1583.333374,1583.333374,2019-10-28,1658.333374,1566.666626,1620.833374,152159
1654.166626,1654.166626,2019-10-29,1687.500000,1583.333374,1604.166626,167579
1641.666626,1641.666626,2019-10-30,1679.166626,1625.000000,1658.333374,105143
1616.666626,1616.666626,2019-10-31,1654.166626,1608.333374,1641.666626,94607
1629.166626,1629.166626,2019-11-01,1666.666626,1600.000000,1600.000000,141131
1641.666626,1641.666626,2019-11-04,1666.666626,1608.333374,1608.333374,131903
1650.000000,1650.000000,2019-11-05,1658.333374,1612.500000,1645.833374,138743
1616.666626,1616.666626,2019-11-06,1662.500000,1616.666626,1641.666626,130523
1637.500000,1637.500000,2019-11-07,1675.000000,1604.166626,1616.666626,109535
1616.666626,1616.666626,2019-11-08,1654.166626,1587.500000,1650.000000,194735
1633.333374,1633.333374,2019-11-11,1650.000000,1566.666626,1616.666626,289415
1641.666626,1641.666626,2019-11-12,1641.666626,1604.166626,1633.333374,126791
1679.166626,1679.166626,2019-11-13,1791.666626,1641.666626,1641.666626,467987
1675.000000,1675.000000,2019-11-14,1704.166626,1645.833374,1704.166626,144803
1670.833374,1670.833374,2019-11-15,1700.000000,1645.833374,1645.833374,134879
1666.666626,1666.666626,2019-11-18,1695.833374,1650.000000,1679.166626,200051
1637.500000,1637.500000,2019-11-19,1683.333374,1633.333374,1654.166626,119387
1600.000000,1600.000000,2019-11-20,1658.333374,1575.000000,1625.000000,196019
1545.833374,1545.833374,2019-11-21,1616.666626,1533.333374,1616.666626,193031
1566.666626,1566.666626,2019-11-22,1566.666626,1529.166626,1562.500000,67823
1570.833374,1570.833374,2019-11-25,1625.000000,1550.000000,1550.000000,125747
1579.166626,1579.166626,2019-11-26,1600.000000,1558.333374,1575.000000,124931
1575.000000,1575.000000,2019-11-27,1587.500000,1558.333374,1587.500000,119987
1508.333374,1508.333374,2019-11-28,1579.166626,1495.833374,1575.000000,221303
1500.000000,1500.000000,2019-11-29,1525.000000,1487.500000,1508.333374,162743
1479.166626,1479.166626,2019-12-02,1525.000000,1479.166626,1500.000000,88415
1458.333374,1458.333374,2019-12-03,1495.833374,1441.666626,1495.833374,128951
1458.333374,1458.333374,2019-12-04,1483.333374,1441.666626,1458.333374,70691
1425.000000,1425.000000,2019-12-05,1470.833374,1412.500000,1458.333374,135479
1425.000000,1425.000000,2019-12-06,1445.833374,1408.333374,1408.333374,191783
1412.500000,1412.500000,2019-12-09,1433.333374,1400.000000,1416.666626,70415
1395.833374,1395.833374,2019-12-10,1425.000000,1354.166626,1425.000000,182435
1379.166626,1379.166626,2019-12-11,1395.833374,1358.333374,1375.000000,197003
1358.333374,1358.333374,2019-12-12,1379.166626,1333.333374,1375.000000,256259
1362.500000,1362.500000,2019-12-13,1408.333374,1350.000000,1408.333374,254375
1354.166626,1354.166626,2019-12-16,1379.166626,1350.000000,1379.166626,298607
1370.833374,1370.833374,2019-12-17,1395.833374,1354.166626,1358.333374,115835
1379.166626,1379.166626,2019-12-18,1387.500000,1354.166626,1383.333374,122819
1400.000000,1400.000000,2019-12-19,1437.500000,1358.333374,1358.333374,433259
1366.666626,1366.666626,2019-12-20,1416.666626,1345.833374,1400.000000,259067
1320.833374,1320.833374,2019-12-23,1366.666626,1304.166626,1358.333374,286595
1266.666626,1266.666626,2019-12-24,1320.833374,1245.833374,1320.833374,346871
1283.333374,1283.333374,2019-12-26,1295.833374,1254.166626,1266.666626,310619
1295.833374,1295.833374,2019-12-27,1300.000000,1258.333374,1300.000000,450119
1275.000000,1275.000000,2019-12-30,1291.666626,1245.833374,1291.666626,177467
1283.333374,1283.333374,2020-01-02,1308.333374,1275.000000,1275.000000,169271
1275.000000,1275.000000,2020-01-03,1304.166626,1254.166626,1283.333374,119795
1237.500000,1237.500000,2020-01-06,1266.666626,1233.333374,1266.666626,89987
1250.000000,1250.000000,2020-01-07,1275.000000,1229.166626,1237.500000,134831
1154.166626,1154.166626,2020-01-08,1270.833374,1125.000000,1270.833374,272759
1266.666626,1266.666626,2020-01-09,1295.833374,1166.666626,1166.666626,323795
1212.500000,1212.500000,2020-01-10,1266.666626,1183.333374,1266.666626,374903
1187.500000,1187.500000,2020-01-13,1208.333374,1162.500000,1195.833374,207335
1245.833374,1245.833374,2020-01-14,1395.833374,1191.666626,1200.000000,2772251
1208.333374,1208.333374,2020-01-15,1250.000000,1204.166626,1250.000000,322391
1200.000000,1200.000000,2020-01-16,1229.166626,1183.333374,1216.666626,246839
1208.333374,1208.333374,2020-01-17,1220.833374,1187.500000,1200.000000,170303
1175.000000,1175.000000,2020-01-20,1216.666626,1166.666626,1216.666626,138875
1166.666626,1166.666626,2020-01-21,1183.333374,1150.000000,1183.333374,144803
1158.333374,1158.333374,2020-01-22,1183.333374,1116.666626,1166.666626,305591
1154.166626,1154.166626,2020-01-23,1270.833374,1133.333374,1158.333374,749603
1095.833374,1095.833374,2020-01-28,1150.000000,1070.833374,1133.333374,419483
1087.500000,1087.500000,2020-01-29,1137.500000,1083.333374,1137.500000,147863
1054.166626,1054.166626,2020-01-30,1104.166626,1041.666626,1087.500000,163151
1066.666626,1066.666626,2020-01-31,1108.333374,1045.833374,1062.500000,209003
1062.500000,1062.500000,2020-02-03,1066.666626,1004.166687,1054.166626,215243
1075.000000,1075.000000,2020-02-04,1095.833374,1062.500000,1062.500000,213779
1033.333374,1033.333374,2020-02-05,1095.833374,1016.666687,1075.000000,411383
1070.833374,1070.833374,2020-02-06,1083.333374,1033.333374,1037.500000,230099
1116.666626,1116.666626,2020-02-07,1116.666626,1058.333374,1091.666626,178187
1179.166626,1179.166626,2020-02-10,1204.166626,1087.500000,1125.000000,443819
1154.166626,1154.166626,2020-02-11,1179.166626,1145.833374,1154.166626,205415
1158.333374,1158.333374,2020-02-12,1304.166626,1125.000000,1154.166626,2239895
1166.666626,1166.666626,2020-02-13,1241.666626,1158.333374,1162.500000,1162307
1166.666626,1166.666626,2020-02-14,1208.333374,1145.833374,1162.500000,472907
1191.666626,1191.666626,2020-02-17,1237.500000,1166.666626,1183.333374,345455
1154.166626,1154.166626,2020-02-18,1208.333374,1145.833374,1187.500000,253331
1150.000000,1150.000000,2020-02-19,1179.166626,1129.166626,1154.166626,197975
1162.500000,1162.500000,2020-02-20,1183.333374,1141.666626,1150.000000,131891
1083.333374,1083.333374,2020-02-21,1162.500000,1075.000000,1162.500000,403607
991.666687,991.666687,2020-02-24,1054.166626,987.500000,1041.666626,465143
1000.000000,1000.000000,2020-02-25,1016.666687,929.166687,987.500000,415943
979.166687,979.166687,2020-02-26,1016.666687,966.666687,1000.000000,198035
908.333313,908.333313,2020-02-27,979.166687,895.833313,975.000000,408359
887.500000,887.500000,2020-02-28,925.000000,858.333313,879.166687,421439
908.333313,908.333313,2020-03-02,908.333313,858.333313,887.500000,161483
941.666687,941.666687,2020-03-03,966.666687,908.333313,908.333313,217583
958.333313,958.333313,2020-03-04,966.666687,937.500000,941.666687,88391
970.833313,970.833313,2020-03-05,983.333313,950.000000,983.333313,69743
937.500000,937.500000,2020-03-06,962.500000,916.666687,962.500000,151187
866.666687,866.666687,2020-03-09,933.333313,858.333313,929.166687,249275
883.333313,883.333313,2020-03-10,883.333313,833.333313,845.833313,300731
841.666687,841.666687,2020-03-11,925.000000,841.666687,887.500000,262859
803.333313,803.333313,2020-03-12,850.000000,776.666687,841.666687,325871
563.333313,563.333313,2020-03-13,631.666687,562.500000,583.333313,3244691
433.333344,433.333344,2020-03-16,595.000000,433.333344,583.333313,2281799
470.833344,470.833344,2020-03-17,475.000000,392.500000,427.500000,840023
524.166687,524.166687,2020-03-18,611.666687,475.000000,475.000000,5785511
600.000000,600.000000,2020-03-19,680.833313,499.166656,674.166687,15476987
625.833313,625.833313,2020-03-20,672.500000,541.666687,541.666687,6122327
565.000000,565.000000,2020-03-23,653.333313,541.666687,600.000000,2627279
566.666687,566.666687,2020-03-24,591.666687,549.166687,565.833313,1593935
567.500000,567.500000,2020-03-25,585.833313,560.833313,567.500000,1316987
595.833313,595.833313,2020-03-26,620.000000,556.666687,570.000000,1645487
585.000000,585.000000,2020-03-27,676.666687,560.000000,600.000000,2518247
645.000000,645.000000,2020-03-30,645.000000,583.333313,583.333313,1062971
692.500000,692.500000,2020-03-31,721.666687,645.000000,671.666687,1239647
757.500000,757.500000,2020-04-01,870.833313,692.500000,692.500000,2104991
762.500000,762.500000,2020-04-02,841.666687,750.000000,757.500000,897983
749.166687,749.166687,2020-04-03,783.333313,718.333313,762.500000,594923
750.000000,750.000000,2020-04-06,755.833313,732.500000,750.000000,458891
791.666687,791.666687,2020-04-07,833.333313,750.833313,760.833313,908399
752.500000,752.500000,2020-04-08,821.666687,745.833313,791.666687,697235
788.333313,788.333313,2020-04-09,788.333313,744.166687,755.833313,662735
765.000000,765.000000,2020-04-10,815.000000,743.333313,795.833313,516167
773.333313,773.333313,2020-04-13,773.333313,740.833313,762.500000,297143
780.000000,780.000000,2020-04-14,786.666687,766.666687,773.333313,315695
811.666687,811.666687,2020-04-16,816.666687,760.000000,787.500000,365471
966.666687,966.666687,2020-04-17,966.666687,809.166687,809.166687,1910903
983.333313,983.333313,2020-04-20,1150.000000,966.666687,1033.333374,5325239
900.000000,900.000000,2020-04-21,958.333313,858.333313,929.166687,1426895
891.666687,891.666687,2020-04-22,895.833313,825.000000,895.833313,832007
866.666687,866.666687,2020-04-23,891.666687,858.333313,875.000000,381179
833.333313,833.333313,2020-04-24,883.333313,832.500000,845.833313,532403
807.500000,807.500000,2020-04-27,833.333313,792.500000,833.333313,1106231
933.333313,933.333313,2020-04-28,954.166687,809.166687,809.166687,4872095
null,null,2020-04-29,null,null,null,null
null,null,2020-05-04,null,null,null,null
null,null,2020-05-06,null,null,null,null
null,null,2020-05-07,null,null,null,null
null,null,2020-05-08,null,null,null,null
null,null,2020-05-11,null,null,null,null
null,null,2020-05-12,null,null,null,null
null,null,2020-05-13,null,null,null,null
null,null,2020-05-14,null,null,null,null
null,null,2020-05-15,null,null,null,null
null,null,2020-05-18,null,null,null,null
null,null,2020-05-19,null,null,null,null
null,null,2020-05-20,null,null,null,null
null,null,2020-05-21,null,null,null,null
null,null,2020-05-22,null,null,null,null
null,null,2020-05-25,null,null,null,null
null,null,2020-05-26,null,null,null,null
null,null,2020-05-27,null,null,null,null
null,null,2020-05-28,null,null,null,null
961.666687,961.666687,2020-05-29,1295.000000,950.000000,1021.666687,10154111
938.333313,938.333313,2020-06-01,1003.333313,880.000000,975.000000,2645999
983.333313,983.333313,2020-06-02,988.333313,896.666687,941.666687,1411505
1010.000000,1010.000000,2020-06-03,1028.333374,955.000000,1001.666687,1587683
995.000000,995.000000,2020-06-04,1016.666687,988.333313,1011.666687,453983
1005.000000,1005.000000,2020-06-05,1033.333374,986.666687,993.333313,588761
1030.000000,1030.000000,2020-06-08,1100.000000,1018.333313,1061.666626,1175897
996.666687,996.666687,2020-06-09,1061.666626,996.666687,1030.000000,751547
976.666687,976.666687,2020-06-10,1001.666687,963.333313,983.333313,458471
978.333313,978.333313,2020-06-11,1000.000000,966.666687,970.000000,388523
971.666687,971.666687,2020-06-12,973.333313,908.333313,910.000000,327749
910.000000,910.000000,2020-06-15,971.666687,878.333313,971.666687,491285
920.000000,920.000000,2020-06-16,950.000000,891.666687,910.000000,396635
885.000000,885.000000,2020-06-17,911.666687,875.000000,910.000000,272885
829.166687,829.166687,2020-06-18,883.333313,825.000000,866.666687,702983
816.666687,816.666687,2020-06-19,829.166687,812.500000,825.000000,300035
833.333313,833.333313,2020-06-22,880.000000,819.166687,820.000000,276353
810.000000,810.000000,2020-06-23,878.333313,808.333313,833.333313,332453
808.333313,808.333313,2020-06-24,821.666687,802.500000,811.666687,324599
758.333313,758.333313,2020-06-25,807.500000,758.333313,806.666687,528953
798.333313,798.333313,2020-06-26,800.000000,733.333313,755.833313,535523
802.500000,802.500000,2020-06-29,832.500000,768.333313,783.333313,359933
780.000000,780.000000,2020-06-30,808.333313,780.000000,786.666687,171881
763.333313,763.333313,2020-07-01,796.666687,756.666687,780.000000,152915
748.333313,748.333313,2020-07-02,764.166687,701.666687,763.333313,649073
863.333313,863.333313,2020-07-03,955.000000,774.166687,791.666687,5715545
873.333313,873.333313,2020-07-06,906.666687,833.333313,878.333313,1228007
878.333313,878.333313,2020-07-07,880.000000,833.333313,858.333313,1181225
843.333313,843.333313,2020-07-08,895.000000,835.000000,878.333313,750497
825.833313,825.833313,2020-07-09,880.000000,813.333313,843.333313,270425
850.000000,850.000000,2020-07-10,860.000000,808.333313,838.333313,336035
845.000000,845.000000,2020-07-13,863.333313,838.333313,853.333313,410585
821.666687,821.666687,2020-07-14,845.000000,809.166687,835.000000,239255
776.666687,776.666687,2020-07-15,825.000000,775.000000,825.000000,473735
785.000000,785.000000,2020-07-16,806.666687,768.333313,793.333313,299237
772.500000,772.500000,2020-07-17,791.666687,765.000000,791.666687,120245
737.500000,737.500000,2020-07-20,793.333313,723.333313,772.500000,409097
716.666687,716.666687,2020-07-21,749.166687,715.833313,749.166687,444233
740.000000,740.000000,2020-07-22,745.833313,707.500000,716.666687,279173
744.166687,744.166687,2020-07-23,773.333313,703.333313,740.000000,396293
742.500000,742.500000,2020-07-24,769.166687,732.500000,732.500000,218501
733.333313,733.333313,2020-07-27,772.500000,730.833313,742.500000,147257
710.000000,710.000000,2020-07-28,748.333313,709.166687,731.666687,242345
705.000000,705.000000,2020-07-29,729.166687,703.333313,705.000000,102857
744.166687,744.166687,2020-07-30,808.333313,706.666687,706.666687,789059
800.000000,800.000000,2020-07-31,813.333313,727.500000,744.166687,523619
783.333313,783.333313,2020-08-03,835.000000,755.000000,800.000000,1246589
827.500000,827.500000,2020-08-04,828.333313,758.333313,783.333313,938969
835.000000,835.000000,2020-08-05,841.666687,805.833313,828.333313,752453
893.333313,893.333313,2020-08-06,895.000000,821.666687,838.333313,1274009
906.666687,906.666687,2020-08-07,923.333313,881.666687,900.000000,1240679
933.333313,933.333313,2020-08-10,1020.000000,903.333313,906.666687,3235001
968.333313,968.333313,2020-08-11,1006.666687,850.000000,925.000000,2414357
1000.000000,1000.000000,2020-08-12,1041.666626,978.333313,998.333313,1642793
951.666687,951.666687,2020-08-13,1011.666687,926.666687,1000.000000,962423
1156.666626,1156.666626,2020-08-14,1236.666626,941.666687,1016.666687,10356191
938.333313,938.333313,2020-08-18,1116.666626,886.666687,1060.000000,7449743
903.333313,903.333313,2020-08-19,938.333313,866.666687,925.000000,1286591
826.666687,826.666687,2020-08-20,898.333313,820.833313,886.666687,1132793
918.333313,918.333313,2020-08-21,928.333313,836.666687,836.666687,1426325
891.666687,891.666687,2020-08-24,916.666687,818.333313,885.000000,1210643
850.000000,850.000000,2020-08-25,906.666687,830.833313,906.666687,2521715
828.333313,828.333313,2020-08-26,848.333313,803.333313,848.333313,1406159
803.333313,803.333313,2020-08-27,824.166687,800.000000,815.833313,888293
833.333313,833.333313,2020-08-28,888.333313,810.000000,856.666687,2069225
856.666687,856.666687,2020-08-31,860.000000,826.666687,840.000000,805253
863.333313,863.333313,2020-09-01,878.333313,833.333313,856.666687,754325
833.333313,833.333313,2020-09-02,876.666687,820.833313,876.666687,916217
835.000000,835.000000,2020-09-03,871.666687,816.666687,850.000000,3347831
808.333313,808.333313,2020-09-04,825.000000,795.000000,808.333313,1223939
808.333313,808.333313,2020-09-07,820.000000,806.666687,808.333313,545141
805.833313,805.833313,2020-09-08,814.166687,800.000000,805.000000,513725
795.833313,795.833313,2020-09-09,806.666687,779.166687,805.833313,667421
808.333313,808.333313,2020-09-10,808.333313,791.666687,791.666687,205841
815.000000,815.000000,2020-09-11,825.000000,800.000000,808.333313,512879
831.666687,831.666687,2020-09-14,845.000000,815.000000,815.000000,844961
825.000000,825.000000,2020-09-15,841.666687,813.333313,830.833313,601013
814.166687,814.166687,2020-09-16,826.666687,805.000000,825.000000,407135
790.000000,790.000000,2020-09-17,832.500000,784.166687,813.333313,827087
790.000000,790.000000,2020-09-18,797.500000,760.000000,790.000000,424049
780.833313,780.833313,2020-09-21,825.000000,770.833313,780.000000,698243
750.000000,750.000000,2020-09-22,780.833313,725.000000,775.000000,607001
760.000000,760.000000,2020-09-23,780.000000,742.500000,744.166687,348035
750.000000,750.000000,2020-09-24,755.000000,720.833313,742.500000,310667
764.166687,764.166687,2020-09-25,778.333313,729.166687,776.666687,517223
794.166687,794.166687,2020-09-28,800.000000,741.666687,768.333313,291587
806.666687,806.666687,2020-09-29,808.333313,787.500000,800.000000,324773
793.333313,793.333313,2020-10-05,813.333313,787.500000,813.333313,188429
808.333313,808.333313,2020-10-06,840.000000,793.333313,807.500000,1149629
808.333313,808.333313,2020-10-07,821.666687,786.666687,819.166687,398363
816.666687,816.666687,2020-10-08,836.666687,808.333313,808.333313,1004585
898.333313,898.333313,2020-10-12,946.666687,824.166687,832.500000,5598275
903.333313,903.333313,2020-10-13,923.333313,890.000000,898.333313,1683929
868.333313,868.333313,2020-10-14,956.666687,860.000000,925.000000,1842899
891.666687,891.666687,2020-10-15,916.666687,866.666687,868.333313,1004483
918.333313,918.333313,2020-10-16,975.000000,896.666687,896.666687,2060657
908.333313,908.333313,2020-10-19,928.333313,878.333313,918.333313,904769
873.333313,873.333313,2020-10-20,908.333313,850.000000,908.333313,908669
930.000000,930.000000,2020-10-21,953.333313,858.333313,871.666687,1294799
1090.000000,1090.000000,2020-10-22,1111.666626,916.666687,925.000000,6988505
1158.333374,1158.333374,2020-10-23,1200.000000,1111.666626,1131.666626,5845949
811.666687,811.666687,2020-10-26,1160.000000,811.666687,1156.666626,11828021
835.000000,835.000000,2020-10-27,888.333313,709.166687,811.666687,8058617
835.000000,835.000000,2020-10-28,861.666687,788.333313,835.000000,1731389
880.000000,880.000000,2020-10-29,903.333313,815.833313,835.000000,1699751
866.666687,866.666687,2020-10-30,900.000000,863.333313,900.000000,1383965
941.666687,941.666687,2020-11-02,988.333313,866.666687,866.666687,2924279
975.000000,975.000000,2020-11-03,996.666687,930.000000,943.333313,2985977
993.333313,993.333313,2020-11-04,1000.000000,938.333313,966.666687,2517965
1108.333374,1108.333374,2020-11-05,1115.000000,975.000000,995.000000,4593971
1080.000000,1080.000000,2020-11-06,1161.666626,1006.666687,1116.666626,3607301
1036.666626,1036.666626,2020-11-09,1131.666626,978.333313,1078.333374,7803023
1015.000000,1015.000000,2020-11-10,1065.000000,1010.000000,1065.000000,1534055
1086.666626,1086.666626,2020-11-11,1138.333374,1035.000000,1058.333374,6596657
1140.000000,1140.000000,2020-11-12,1146.666626,1075.000000,1075.000000,4888235
1283.333374,1283.333374,2020-11-13,1316.666626,1140.000000,1141.666626,12016073
1206.666626,1206.666626,2020-11-16,1288.333374,1180.000000,1285.000000,4444145
1123.333374,1123.333374,2020-11-17,1218.333374,1096.666626,1216.666626,3953153
1091.666626,1091.666626,2020-11-18,1133.333374,1051.666626,1126.666626,3018563
1133.333374,1133.333374,2020-11-19,1133.333374,971.666687,1078.333374,6336677
1163.333374,1163.333374,2020-11-20,1256.666626,1133.333374,1153.333374,3308543
1113.333374,1113.333374,2020-11-23,1183.333374,1071.666626,1163.333374,2702003
1111.666626,1111.666626,2020-11-24,1183.333374,1080.000000,1113.333374,2989577
1075.000000,1075.000000,2020-11-25,1133.333374,1075.000000,1111.666626,2356685
1150.000000,1150.000000,2020-11-26,1178.333374,1083.333374,1100.000000,4606883
1130.000000,1130.000000,2020-11-27,1178.333374,1118.333374,1175.000000,1590281
1166.666626,1166.666626,2020-11-30,1170.000000,1125.000000,1141.666626,2286707
1195.000000,1195.000000,2020-12-01,1208.333374,1151.666626,1170.000000,2540531
1225.000000,1225.000000,2020-12-02,1250.000000,1181.666626,1188.333374,2282567
1210.000000,1210.000000,2020-12-03,1261.666626,1210.000000,1245.000000,2153339
1210.000000,1210.000000,2020-12-04,1218.333374,1161.666626,1210.000000,1782629
1265.000000,1265.000000,2020-12-07,1315.000000,1166.666626,1210.000000,5831321
1275.000000,1275.000000,2020-12-08,1310.000000,1243.333374,1271.666626,3412799
1208.333374,1208.333374,2020-12-09,1280.000000,1201.666626,1275.000000,1859543
1211.666626,1211.666626,2020-12-10,1243.333374,1186.666626,1208.333374,1561121
1208.333374,1208.333374,2020-12-11,1246.666626,1193.333374,1218.333374,1479749
1181.666626,1181.666626,2020-12-14,1206.666626,1105.000000,1206.666626,2410415
1098.333374,1098.333374,2020-12-15,1183.333374,1071.666626,1146.666626,3244817
1108.333374,1108.333374,2020-12-16,1111.666626,1011.666687,1078.333374,4878491
1200.000000,1200.000000,2020-12-17,1235.000000,1108.333374,1108.333374,8303681
1166.666626,1166.666626,2020-12-18,1248.333374,1150.000000,1216.666626,3404381
1075.000000,1075.000000,2020-12-21,1156.666626,1053.333374,1133.333374,4073741
1048.333374,1048.333374,2020-12-22,1113.333374,1046.666626,1075.000000,1626785
1028.333374,1028.333374,2020-12-23,1083.333374,996.666687,1083.333374,1771031
1023.333313,1023.333313,2020-12-24,1063.333374,973.333313,1028.333374,1911095
936.666687,936.666687,2020-12-28,1026.666626,926.666687,1011.666687,1729325
955.000000,955.000000,2020-12-29,975.000000,921.666687,921.666687,1233389
968.333313,968.333313,2020-12-30,1020.000000,953.333313,955.000000,1150853
940.000000,940.000000,2021-01-04,983.333313,925.000000,983.333313,1430351
925.000000,925.000000,2021-01-05,948.333313,918.333313,940.000000,1317371
1030.000000,1030.000000,2021-01-06,1036.666626,910.000000,918.333313,4180463
1071.666626,1071.666626,2021-01-07,1108.333374,998.333313,1030.000000,3578603
1128.333374,1128.333374,2021-01-08,1146.666626,1061.666626,1066.666626,3255059
1088.333374,1088.333374,2021-01-11,1161.666626,1061.666626,1110.000000,3036281
1121.666626,1121.666626,2021-01-12,1146.666626,1083.333374,1088.333374,2264525
1201.666626,1201.666626,2021-01-13,1221.666626,1135.000000,1153.333374,5866205
1225.000000,1225.000000,2021-01-14,1280.000000,1200.000000,1211.666626,4094123
1141.666626,1141.666626,2021-01-15,1266.666626,1078.333374,1225.000000,7276847
1125.000000,1125.000000,2021-01-18,1170.000000,1088.333374,1101.666626,3082085
1125.000000,1125.000000,2021-01-19,1148.333374,1095.000000,1098.333374,2399495
1111.666626,1111.666626,2021-01-20,1138.333374,1096.666626,1138.333374,1467983
1118.333374,1118.333374,2021-01-21,1128.333374,1076.666626,1111.666626,2011679
1123.333374,1123.333374,2021-01-22,1151.666626,1093.333374,1096.666626,1886303
1138.333374,1138.333374,2021-01-25,1158.333374,1125.000000,1125.000000,1288055
1118.333374,1118.333374,2021-01-26,1148.333374,1093.333374,1148.333374,1421531
1086.666626,1086.666626,2021-01-27,1126.666626,1083.333374,1126.666626,911333
1070.000000,1070.000000,2021-01-28,1086.666626,1045.000000,1086.666626,1004471
1045.000000,1045.000000,2021-01-29,1093.333374,1016.666687,1070.000000,685709
1033.333374,1033.333374,2021-02-01,1058.333374,1000.000000,1045.000000,714671
1090.000000,1090.000000,2021-02-02,1113.333374,1038.333374,1050.000000,1814975
1100.000000,1100.000000,2021-02-03,1138.333374,1085.000000,1105.000000,1490531
1106.666626,1106.666626,2021-02-04,1123.333374,1076.666626,1123.333374,698267
1105.000000,1105.000000,2021-02-05,1130.000000,1091.666626,1106.666626,1100687
1108.333374,1108.333374,2021-02-08,1113.333374,1075.000000,1113.333374,1276697
1033.333374,1033.333374,2021-02-09,1116.666626,1033.333374,1116.666626,1461905
1073.333374,1073.333374,2021-02-10,1073.333374,1030.000000,1055.000000,645737
1096.666626,1096.666626,2021-02-15,1098.333374,1068.333374,1091.666626,910385
1075.000000,1075.000000,2021-02-16,1106.666626,1051.666626,1106.666626,863477
1120.000000,1120.000000,2021-02-17,1125.000000,1053.333374,1070.000000,1654091
1141.666626,1141.666626,2021-02-18,1183.333374,1111.666626,1140.000000,3639107
1166.666626,1166.666626,2021-02-19,1171.666626,1111.666626,1160.000000,2443583
1153.333374,1153.333374,2021-02-22,1166.666626,1115.000000,1160.000000,1932083
1176.666626,1176.666626,2021-02-23,1176.666626,1125.000000,1153.333374,2519141
1135.000000,1135.000000,2021-02-24,1193.333374,1083.333374,1193.333374,2923349
1158.333374,1158.333374,2021-02-25,1176.666626,1143.333374,1151.666626,1767413
1165.000000,1165.000000,2021-02-26,1183.333374,1100.000000,1146.666626,2187095
1168.333374,1168.333374,2021-03-02,1200.000000,1123.333374,1165.000000,4462865
1133.333374,1133.333374,2021-03-03,1181.666626,1128.333374,1181.666626,1660151
1130.000000,1130.000000,2021-03-04,1146.666626,1105.000000,1131.666626,1039613
1126.666626,1126.666626,2021-03-05,1126.666626,1091.666626,1116.666626,1069547
1118.333374,1118.333374,2021-03-08,1141.666626,1105.000000,1128.333374,843515
1083.333374,1083.333374,2021-03-09,1123.333374,1058.333374,1123.333374,828617
1083.333374,1083.333374,2021-03-10,1110.000000,1050.000000,1096.666626,820433
1073.333374,1073.333374,2021-03-11,1096.666626,1050.000000,1076.666626,892727
1128.333374,1128.333374,2021-03-12,1148.333374,1058.333374,1083.333374,1955819
1150.000000,1150.000000,2021-03-15,1173.333374,1103.333374,1136.666626,4173983
1113.333374,1113.333374,2021-03-16,1160.000000,1103.333374,1155.000000,1587785
1116.666626,1116.666626,2021-03-17,1123.333374,1081.666626,1113.333374,1069265
1108.333374,1108.333374,2021-03-18,1128.333374,1095.000000,1113.333374,759623
1115.000000,1115.000000,2021-03-19,1151.666626,1091.666626,1100.000000,1261319
1141.666626,1141.666626,2021-03-22,1160.000000,1060.000000,1126.666626,1945253
1131.666626,1131.666626,2021-03-23,1186.666626,1118.333374,1161.666626,2682839
1120.000000,1120.000000,2021-03-24,1133.333374,1103.333374,1121.666626,716435
1136.666626,1136.666626,2021-03-25,1136.666626,1100.000000,1131.666626,873401
1121.666626,1121.666626,2021-03-26,1140.000000,1110.000000,1133.333374,734549
1100.000000,1100.000000,2021-03-29,1120.000000,1093.333374,1120.000000,736133
1101.666626,1101.666626,2021-03-30,1111.666626,1083.333374,1100.000000,440537
1105.000000,1105.000000,2021-03-31,1113.333374,1083.333374,1113.333374,681707
1100.000000,1100.000000,2021-04-01,1111.666626,1083.333374,1105.000000,540353
1095.000000,1095.000000,2021-04-02,1100.000000,1086.666626,1100.000000,531035
1086.666626,1086.666626,2021-04-05,1103.333374,1085.000000,1085.000000,517337
1096.666626,1096.666626,2021-04-06,1108.333374,1083.333374,1083.333374,614105
1081.666626,1081.666626,2021-04-07,1095.000000,1076.666626,1095.000000,499079
1065.000000,1065.000000,2021-04-08,1086.666626,1056.666626,1081.666626,740915
1030.000000,1030.000000,2021-04-09,1066.666626,1016.666687,1066.666626,1481051
1101.666626,1101.666626,2021-04-12,1116.666626,1005.000000,1038.333374,1577945
1095.000000,1095.000000,2021-04-13,1113.333374,1066.666626,1113.333374,456575
1058.333374,1058.333374,2021-04-14,1095.000000,1058.333374,1085.000000,584183
1041.666626,1041.666626,2021-04-15,1061.666626,1030.000000,1056.666626,554105
1055.000000,1055.000000,2021-04-16,1066.666626,1016.666687,1046.666626,617885
1071.666626,1071.666626,2021-04-19,1081.666626,1055.000000,1055.000000,716189
1051.666626,1051.666626,2021-04-20,1080.000000,1050.000000,1075.000000,437285
1038.333374,1038.333374,2021-04-21,1060.000000,1030.000000,1051.666626,433865
1045.000000,1045.000000,2021-04-22,1068.333374,1020.000000,1026.666626,409037
1071.666626,1071.666626,2021-04-23,1083.333374,1035.000000,1045.000000,610265
1066.666626,1066.666626,2021-04-26,1100.000000,1063.333374,1083.333374,692465
1043.333374,1043.333374,2021-04-27,1078.333374,1038.333374,1058.333374,436127
1061.666626,1061.666626,2021-04-28,1075.000000,1030.000000,1038.333374,561179
1060.000000,1060.000000,2021-04-29,1091.666626,1053.333374,1071.666626,807899
1043.333374,1043.333374,2021-04-30,1065.000000,1035.000000,1060.000000,488831
1033.333374,1033.333374,2021-05-03,1058.333374,1016.666687,1033.333374,614315
1005.000000,1005.000000,2021-05-04,1038.333374,983.333313,1021.666687,657209
1080.000000,1080.000000,2021-05-06,1133.333374,990.000000,990.000000,3485945
1108.333374,1108.333374,2021-05-07,1120.000000,1076.666626,1080.000000,1493723
1140.000000,1140.000000,2021-05-10,1155.000000,1123.333374,1131.666626,2315771
1160.000000,1160.000000,2021-05-11,1188.333374,1125.000000,1138.333374,1714709
1133.333374,1133.333374,2021-05-12,1188.333374,1076.666626,1188.333374,1749431
1136.666626,1136.666626,2021-05-13,1173.333374,1091.666626,1103.333374,991583
1171.666626,1171.666626,2021-05-14,1183.333374,1125.000000,1163.333374,2337179
1096.666626,1096.666626,2021-05-17,1180.000000,1090.000000,1170.000000,1584113
1058.333374,1058.333374,2021-05-18,1095.000000,1048.333374,1091.666626,1445321
1038.333374,1038.333374,2021-05-20,1075.000000,1036.666626,1040.000000,679043
1031.666626,1031.666626,2021-05-21,1058.333374,1016.666687,1038.333374,619535
1081.666626,1081.666626,2021-05-24,1081.666626,1020.000000,1048.333374,757559
1081.666626,1081.666626,2021-05-25,1106.666626,1061.666626,1078.333374,594629
1080.000000,1080.000000,2021-05-26,1155.000000,1065.000000,1085.000000,1731167
1080.000000,1080.000000,2021-05-27,1098.333374,1050.000000,1098.333374,850703
1080.000000,1080.000000,2021-05-28,1091.666626,1073.333374,1080.000000,331337
1063.333374,1063.333374,2021-05-31,1100.000000,1058.333374,1098.333374,388421
1108.333374,1108.333374,2021-06-01,1108.333374,1051.666626,1066.666626,686135
1091.666626,1091.666626,2021-06-02,1113.333374,1081.666626,1113.333374,498305
1095.000000,1095.000000,2021-06-03,1116.666626,1080.000000,1091.666626,517043
1085.000000,1085.000000,2021-06-04,1096.666626,1065.000000,1096.666626,426113
1083.333374,1083.333374,2021-06-07,1100.000000,1060.000000,1100.000000,555893
1065.000000,1065.000000,2021-06-08,1081.666626,1051.666626,1070.000000,577169
1066.666626,1066.666626,2021-06-09,1083.333374,1055.000000,1055.000000,531953
1075.000000,1075.000000,2021-06-10,1085.000000,1050.000000,1066.666626,609971
1133.333374,1133.333374,2021-06-11,1135.000000,1066.666626,1078.333374,2491559
1135.000000,1135.000000,2021-06-14,1180.000000,1123.333374,1150.000000,2352749
1135.000000,1135.000000,2021-06-15,1143.333374,1113.333374,1143.333374,822563
1145.000000,1145.000000,2021-06-16,1160.000000,1125.000000,1131.666626,2157857
1316.666626,1316.666626,2021-06-17,1323.333374,1123.333374,1145.000000,8304191
1350.000000,1350.000000,2021-06-18,1371.666626,1226.666626,1316.666626,10777799
1390.000000,1390.000000,2021-06-21,1405.000000,1308.333374,1323.333374,3578225
1361.666626,1361.666626,2021-06-22,1421.666626,1278.333374,1416.666626,3974123
1350.000000,1350.000000,2021-06-23,1383.333374,1308.333374,1361.666626,1672949
1398.333374,1398.333374,2021-06-24,1416.666626,1333.333374,1333.333374,2218235
1390.000000,1390.000000,2021-06-25,1416.666626,1373.333374,1378.333374,1592675
1400.000000,1400.000000,2021-06-28,1443.333374,1356.666626,1390.000000,3061547
1373.333374,1373.333374,2021-06-29,1441.666626,1363.333374,1401.666626,3269189
1338.333374,1338.333374,2021-06-30,1396.666626,1293.333374,1370.000000,2795801
1278.333374,1278.333374,2021-07-01,1336.666626,1250.000000,1336.666626,2185961
1415.000000,1415.000000,2021-07-02,1491.666626,1291.666626,1291.666626,14543345
1453.333374,1453.333374,2021-07-05,1460.000000,1353.333374,1393.333374,6555695
1635.000000,1635.000000,2021-07-06,1825.000000,1591.666626,1766.666626,24956837
1616.666626,1616.666626,2021-07-07,1700.000000,1588.333374,1675.000000,10940969
1490.000000,1490.000000,2021-07-08,1575.000000,1460.000000,1571.666626,8367611
1366.666626,1366.666626,2021-07-09,1473.333374,1301.666626,1455.000000,8263811
1238.333374,1238.333374,2021-07-12,1346.666626,1221.666626,1341.666626,8753015
1250.000000,1250.000000,2021-07-13,1260.000000,1155.000000,1220.000000,8383715
1250.000000,1250.000000,2021-07-14,1306.666626,1216.666626,1221.666626,4264553
1228.333374,1228.333374,2021-07-15,1271.666626,1223.333374,1271.666626,4262897
1208.333374,1208.333374,2021-07-16,1250.000000,1170.000000,1250.000000,7358345
1570.000000,1570.000000,2021-07-19,1570.000000,1570.000000,1570.000000,1038000
2040.000000,2040.000000,2021-07-20,2040.000000,2040.000000,2040.000000,2710472
2650.000000,2650.000000,2021-07-21,2650.000000,2260.000000,2270.000000,20782410
2745.000000,2745.000000,2021-07-22,3335.000000,2615.000000,2910.000000,24611370
2110.000000,2110.000000,2021-07-23,2435.000000,2105.000000,2430.000000,14141270
2000.000000,2000.000000,2021-07-26,2180.000000,1960.000000,2070.000000,5306741
1830.000000,1830.000000,2021-07-27,1935.000000,1740.000000,1930.000000,6312432
1770.000000,1770.000000,2021-07-28,1855.000000,1720.000000,1830.000000,3351843
1805.000000,1805.000000,2021-07-29,1840.000000,1735.000000,1750.000000,3645908
1640.000000,1640.000000,2021-07-30,1800.000000,1635.000000,1780.000000,3000257
1755.000000,1755.000000,2021-08-02,1810.000000,1650.000000,1690.000000,5348746
1785.000000,1785.000000,2021-08-03,1795.000000,1690.000000,1725.000000,1976879
1775.000000,1775.000000,2021-08-04,1835.000000,1765.000000,1785.000000,2744500
1725.000000,1725.000000,2021-08-05,1775.000000,1685.000000,1770.000000,1545826
1210.000000,1210.000000,2021-08-06,1210.000000,1210.000000,1210.000000,5729176
894.000000,894.000000,2021-08-09,967.000000,880.000000,920.000000,92033350
846.000000,846.000000,2021-08-10,916.000000,830.000000,895.000000,44841320
902.000000,902.000000,2021-08-11,945.000000,857.000000,860.000000,69845680
845.000000,845.000000,2021-08-12,906.000000,840.000000,893.000000,20321900
793.000000,793.000000,2021-08-13,844.000000,784.000000,829.000000,16995710
740.000000,740.000000,2021-08-17,823.000000,734.000000,815.000000,13524030
708.000000,708.000000,2021-08-18,756.000000,695.000000,748.000000,13024350
706.000000,706.000000,2021-08-19,766.000000,678.000000,705.000000,23127140
629.000000,629.000000,2021-08-20,724.000000,627.000000,706.000000,16248390
663.000000,663.000000,2021-08-23,674.000000,626.000000,640.000000,10243370
647.000000,647.000000,2021-08-24,686.000000,633.000000,662.000000,11202170
690.000000,690.000000,2021-08-25,726.000000,641.000000,654.000000,24820760
680.000000,680.000000,2021-08-26,704.000000,672.000000,690.000000,8059323
830.000000,830.000000,2021-08-27,884.000000,694.000000,700.000000,132828900
850.000000,850.000000,2021-08-30,888.000000,817.000000,840.000000,45413210
809.000000,809.000000,2021-08-31,855.000000,803.000000,854.000000,16034420
780.000000,780.000000,2021-09-01,800.000000,759.000000,796.000000,12288060
795.000000,795.000000,2021-09-02,841.000000,761.000000,774.000000,23993690
796.000000,796.000000,2021-09-03,818.000000,781.000000,795.000000,8829056
806.000000,806.000000,2021-09-06,830.000000,785.000000,787.000000,10466410
796.000000,796.000000,2021-09-07,826.000000,794.000000,808.000000,7617626
776.000000,776.000000,2021-09-08,803.000000,773.000000,802.000000,5216782
748.000000,748.000000,2021-09-09,792.000000,742.000000,768.000000,5771374
715.000000,715.000000,2021-09-10,770.000000,696.000000,748.000000,9725970
717.000000,717.000000,2021-09-13,723.000000,690.000000,717.000000,4381925
718.000000,718.000000,2021-09-14,737.000000,707.000000,720.000000,4883467
896.000000,896.000000,2021-09-15,923.000000,718.000000,718.000000,137981600
812.000000,812.000000,2021-09-16,909.000000,807.000000,896.000000,41786790
876.000000,876.000000,2021-09-17,934.000000,802.000000,811.000000,92957560
863.000000,863.000000,2021-09-23,923.000000,863.000000,876.000000,32872720
817.000000,817.000000,2021-09-24,865.000000,815.000000,860.000000,15241950
814.000000,814.000000,2021-09-27,843.000000,800.000000,815.000000,8583176
770.000000,770.000000,2021-09-28,816.000000,766.000000,814.000000,9056365
769.000000,769.000000,2021-09-29,782.000000,737.000000,753.000000,6328160
763.000000,763.000000,2021-09-30,824.000000,744.000000,769.000000,16116880
773.000000,773.000000,2021-10-01,820.000000,764.000000,770.000000,14058520
748.000000,748.000000,2021-10-05,797.000000,739.000000,776.000000,6463799
712.000000,712.000000,2021-10-06,767.000000,710.000000,750.000000,5433585
722.000000,722.000000,2021-10-07,740.000000,700.000000,712.000000,3606512
710.000000,710.000000,2021-10-08,734.000000,705.000000,727.000000,3530077
695.000000,695.000000,2021-10-12,716.000000,691.000000,715.000000,3203705
694.000000,694.000000,2021-10-13,710.000000,681.000000,681.000000,3060756
708.000000,708.000000,2021-10-14,717.000000,685.000000,695.000000,3117017
764.000000,764.000000,2021-10-15,820.000000,708.000000,720.000000,33431420
727.000000,727.000000,2021-10-18,761.000000,725.000000,756.000000,5386852
713.000000,713.000000,2021-10-19,734.000000,710.000000,734.000000,3986032
709.000000,709.000000,2021-10-20,734.000000,706.000000,713.000000,4344318
710.000000,710.000000,2021-10-21,721.000000,703.000000,710.000000,3738187
701.000000,701.000000,2021-10-22,717.000000,701.000000,711.000000,3141460
706.000000,706.000000,2021-10-25,713.000000,700.000000,703.000000,2035941
713.000000,713.000000,2021-10-26,734.000000,701.000000,707.000000,5224943
710.000000,710.000000,2021-10-27,723.000000,704.000000,713.000000,2802333
702.000000,702.000000,2021-10-28,711.000000,700.000000,707.000000,2486018
693.000000,693.000000,2021-10-29,708.000000,693.000000,705.000000,2565050
690.000000,690.000000,2021-11-01,707.000000,687.000000,698.000000,2496923
700.000000,700.000000,2021-11-02,702.000000,689.000000,690.000000,1800142
685.000000,685.000000,2021-11-03,703.000000,681.000000,702.000000,2794812
659.000000,659.000000,2021-11-04,689.000000,656.000000,687.000000,5489387
644.000000,644.000000,2021-11-05,663.000000,632.000000,657.000000,3065972
648.000000,648.000000,2021-11-08,655.000000,630.000000,646.000000,2419875
638.000000,638.000000,2021-11-09,657.000000,635.000000,648.000000,2158739
618.000000,618.000000,2021-11-10,640.000000,616.000000,635.000000,3196108
603.000000,603.000000,2021-11-11,632.000000,602.000000,614.000000,2721592
619.000000,619.000000,2021-11-12,623.000000,602.000000,603.000000,2377578
633.000000,633.000000,2021-11-15,641.000000,611.000000,619.000000,1854555
618.000000,618.000000,2021-11-16,631.000000,610.000000,619.000000,2317160
616.000000,616.000000,2021-11-17,626.000000,608.000000,623.000000,1744988
608.000000,608.000000,2021-11-18,616.000000,599.000000,616.000000,1572674
617.000000,617.000000,2021-11-19,623.000000,602.000000,603.000000,1737939
600.000000,600.000000,2021-11-22,617.000000,596.000000,617.000000,2751192
587.000000,587.000000,2021-11-23,608.000000,584.000000,600.000000,2205218
578.000000,578.000000,2021-11-24,591.000000,570.000000,588.000000,2807511
617.000000,617.000000,2021-11-25,676.000000,559.000000,577.000000,23290880
578.000000,578.000000,2021-11-26,623.000000,574.000000,611.000000,4622724
555.000000,555.000000,2021-11-29,572.000000,541.000000,561.000000,2096551
522.000000,522.000000,2021-11-30,570.000000,521.000000,556.000000,3497329
545.000000,545.000000,2021-12-01,549.000000,510.000000,522.000000,1856793
558.000000,558.000000,2021-12-02,576.000000,530.000000,544.000000,1307688
573.000000,573.000000,2021-12-03,577.000000,552.000000,564.000000,1166868
592.000000,592.000000,2021-12-06,618.000000,557.000000,573.000000,3219762
583.000000,583.000000,2021-12-07,604.000000,577.000000,593.000000,1670367
587.000000,587.000000,2021-12-08,597.000000,581.000000,587.000000,1172578
593.000000,593.000000,2021-12-09,595.000000,585.000000,587.000000,694909
604.000000,604.000000,2021-12-10,623.000000,586.000000,593.000000,1986388
592.000000,592.000000,2021-12-13,613.000000,591.000000,604.000000,1601259
578.000000,578.000000,2021-12-14,599.000000,572.000000,592.000000,1789670
576.000000,576.000000,2021-12-15,589.000000,570.000000,570.000000,1196445
575.000000,575.000000,2021-12-16,585.000000,570.000000,576.000000,943110
570.000000,570.000000,2021-12-17,580.000000,564.000000,575.000000,1271877
741.000000,741.000000,2021-12-20,741.000000,563.000000,563.000000,55696310
790.000000,790.000000,2021-12-21,904.000000,680.000000,760.000000,235940600
766.000000,766.000000,2021-12-22,845.000000,745.000000,793.000000,69406270
701.000000,701.000000,2021-12-23,778.000000,701.000000,775.000000,23204770
730.000000,730.000000,2021-12-24,774.000000,691.000000,708.000000,58226740
720.000000,720.000000,2021-12-27,770.000000,710.000000,737.000000,27033130
722.000000,722.000000,2021-12-28,737.000000,708.000000,730.000000,13396540
715.000000,715.000000,2021-12-29,734.000000,713.000000,722.000000,8417615
708.000000,708.000000,2021-12-30,720.000000,708.000000,715.000000,4995357
728.000000,728.000000,2022-01-04,753.000000,716.000000,722.000000,12673110
707.000000,707.000000,2022-01-05,729.000000,703.000000,725.000000,6391859
671.000000,671.000000,2022-01-06,711.000000,669.000000,700.000000,6771302
700.000000,700.000000,2022-01-07,713.000000,672.000000,672.000000,7278803
696.000000,696.000000,2022-01-10,717.000000,693.000000,706.000000,3826531
672.000000,672.000000,2022-01-11,701.000000,660.000000,696.000000,4802718
681.000000,681.000000,2022-01-12,689.000000,665.000000,678.000000,2624113
674.000000,674.000000,2022-01-13,707.000000,673.000000,683.000000,3237115
656.000000,656.000000,2022-01-14,671.000000,652.000000,670.000000,2551930
633.000000,633.000000,2022-01-17,660.000000,621.000000,657.000000,2673861
626.000000,626.000000,2022-01-18,649.000000,621.000000,633.000000,2090983
627.000000,627.000000,2022-01-19,646.000000,607.000000,625.000000,2159686
636.000000,636.000000,2022-01-20,640.000000,622.000000,627.000000,1468149
630.000000,630.000000,2022-01-21,649.000000,628.000000,636.000000,1470910
601.000000,601.000000,2022-01-24,630.000000,598.000000,630.000000,2397876
582.000000,582.000000,2022-01-25,614.000000,578.000000,614.000000,2099672
581.000000,581.000000,2022-01-26,598.000000,573.000000,576.000000,1579782
550.000000,550.000000,2022-01-27,588.000000,550.000000,583.000000,2971163
563.000000,563.000000,2022-01-28,569.000000,530.000000,553.000000,1857764
590.000000,590.000000,2022-02-03,604.000000,567.000000,567.000000,1895531
600.000000,600.000000,2022-02-04,604.000000,578.000000,590.000000,1532620
600.000000,600.000000,2022-02-07,615.000000,585.000000,603.000000,1892157
592.000000,592.000000,2022-02-08,611.000000,589.000000,600.000000,1161937
599.000000,599.000000,2022-02-09,607.000000,592.000000,592.000000,908937
594.000000,594.000000,2022-02-10,604.000000,589.000000,600.000000,1264665
578.000000,578.000000,2022-02-11,596.000000,577.000000,592.000000,951939
554.000000,554.000000,2022-02-14,573.000000,550.000000,568.000000,1192814
543.000000,543.000000,2022-02-15,561.000000,535.000000,561.000000,1265073
557.000000,557.000000,2022-02-16,568.000000,535.000000,559.000000,1449471
553.000000,553.000000,2022-02-17,569.000000,543.000000,559.000000,1699230
555.000000,555.000000,2022-02-18,559.000000,542.000000,551.000000,869906
546.000000,546.000000,2022-02-21,551.000000,536.000000,550.000000,1164998
535.000000,535.000000,2022-02-22,547.000000,531.000000,542.000000,1894117
535.000000,535.000000,2022-02-23,544.000000,533.000000,535.000000,853804
513.000000,513.000000,2022-02-24,535.000000,510.000000,535.000000,2091622
520.000000,520.000000,2022-02-25,530.000000,514.000000,521.000000,894207
526.000000,526.000000,2022-02-28,531.000000,516.000000,523.000000,825108
532.000000,532.000000,2022-03-02,535.000000,524.000000,530.000000,642455
539.000000,539.000000,2022-03-03,544.000000,527.000000,534.000000,945209
531.000000,531.000000,2022-03-04,540.000000,529.000000,539.000000,823854
518.000000,518.000000,2022-03-07,529.000000,513.000000,529.000000,722068
542.000000,542.000000,2022-03-08,630.000000,506.000000,510.000000,32249910
550.000000,550.000000,2022-03-10,595.000000,534.000000,545.000000,5386651
571.000000,571.000000,2022-03-11,583.000000,543.000000,550.000000,3173459
548.000000,548.000000,2022-03-14,572.000000,545.000000,571.000000,2146081
537.000000,537.000000,2022-03-15,548.000000,533.000000,548.000000,1127434
555.000000,555.000000,2022-03-16,572.000000,536.000000,537.000000,1272818
562.000000,562.000000,2022-03-17,572.000000,552.000000,556.000000,1470508
564.000000,564.000000,2022-03-18,574.000000,555.000000,555.000000,1153508
563.000000,563.000000,2022-03-21,568.000000,558.000000,564.000000,815307
552.000000,552.000000,2022-03-22,563.000000,547.000000,560.000000,1785618
535.000000,535.000000,2022-03-23,553.000000,508.000000,530.000000,7395758
518.000000,518.000000,2022-03-24,537.000000,510.000000,537.000000,3708443
522.000000,522.000000,2022-03-25,535.000000,518.000000,522.000000,1901536
520.000000,520.000000,2022-03-28,529.000000,512.000000,517.000000,1230538
520.000000,520.000000,2022-03-29,522.000000,513.000000,518.000000,1355689
518.000000,518.000000,2022-03-30,523.000000,515.000000,520.000000,1141867
526.000000,526.000000,2022-03-31,531.000000,515.000000,515.000000,1160373
537.000000,537.000000,2022-04-01,544.000000,523.000000,525.000000,1423370
538.000000,538.000000,2022-04-04,540.000000,532.000000,537.000000,888744
538.000000,538.000000,2022-04-05,539.000000,528.000000,538.000000,1048099
529.000000,529.000000,2022-04-06,535.000000,525.000000,534.000000,878298
518.000000,518.000000,2022-04-07,527.000000,515.000000,527.000000,1068644
515.000000,515.000000,2022-04-08,522.000000,511.000000,518.000000,640049
511.000000,511.000000,2022-04-11,520.000000,510.000000,520.000000,677215
515.000000,515.000000,2022-04-12,516.000000,506.000000,510.000000,932481
514.000000,514.000000,2022-04-13,522.000000,511.000000,515.000000,673139
513.000000,513.000000,2022-04-14,519.000000,511.000000,514.000000,492128
509.000000,509.000000,2022-04-15,513.000000,509.000000,513.000000,695160
507.000000,507.000000,2022-04-18,514.000000,507.000000,509.000000,516913
508.000000,508.000000,2022-04-19,515.000000,507.000000,507.000000,560677
511.000000,511.000000,2022-04-20,514.000000,506.000000,509.000000,807990
508.000000,508.000000,2022-04-21,514.000000,506.000000,511.000000,784559
504.000000,504.000000,2022-04-22,512.000000,504.000000,507.000000,911785
495.000000,495.000000,2022-04-25,503.000000,491.000000,500.000000,1426664
493.000000,493.000000,2022-04-26,498.000000,491.000000,493.000000,474294
483.000000,483.000000,2022-04-27,492.000000,475.000000,484.000000,1283205
519.000000,519.000000,2022-04-28,560.000000,493.000000,493.000000,11716470
514.000000,514.000000,2022-04-29,527.000000,514.000000,525.000000,1233187
null,null,2022-05-02,null,null,null,null
525.000000,525.000000,2022-05-03,530.000000,513.000000,513.000000,947826
518.000000,518.000000,2022-05-04,534.000000,516.000000,527.000000,837761
514.000000,514.000000,2022-05-06,515.000000,507.000000,514.000000,840671
509.000000,509.000000,2022-05-10,510.000000,492.000000,506.000000,1276321
504.000000,504.000000,2022-05-11,516.000000,500.000000,512.000000,609683
490.000000,490.000000,2022-05-12,507.000000,487.000000,507.000000,1158016
490.000000,490.000000,2022-05-13,497.000000,484.000000,484.000000,891750
495.000000,495.000000,2022-05-16,510.000000,490.000000,495.000000,1078915
499.000000,499.000000,2022-05-17,505.000000,493.000000,498.000000,836297
497.000000,497.000000,2022-05-18,509.000000,495.000000,503.000000,846569
492.000000,492.000000,2022-05-19,497.000000,485.000000,492.000000,962562
495.000000,495.000000,2022-05-20,499.000000,489.000000,493.000000,598675
492.000000,492.000000,2022-05-23,495.000000,490.000000,495.000000,455671
484.000000,484.000000,2022-05-24,494.000000,484.000000,491.000000,748542
484.000000,484.000000,2022-05-25,488.000000,480.000000,483.000000,541682
482.000000,482.000000,2022-05-26,485.000000,480.000000,481.000000,360266
487.000000,487.000000,2022-05-27,491.000000,482.000000,482.000000,458511
485.000000,485.000000,2022-05-30,490.000000,484.000000,488.000000,516838
491.000000,491.000000,2022-05-31,492.000000,484.000000,487.000000,635269
494.000000,494.000000,2022-06-02,495.000000,485.000000,491.000000,363498
500.000000,500.000000,2022-06-03,509.000000,494.000000,497.000000,670401
489.000000,489.000000,2022-06-07,504.000000,488.000000,500.000000,626668
486.000000,486.000000,2022-06-08,492.000000,483.000000,489.000000,526740
483.000000,483.000000,2022-06-09,487.000000,480.000000,486.000000,457651
486.000000,486.000000,2022-06-10,488.000000,480.000000,488.000000,420719
464.000000,464.000000,2022-06-13,486.000000,464.000000,484.000000,1112619
450.000000,450.000000,2022-06-14,462.000000,440.000000,460.000000,1227070
430.000000,430.000000,2022-06-15,455.000000,430.000000,449.000000,896283
429.000000,429.000000,2022-06-16,448.000000,427.000000,436.000000,486816
433.000000,433.000000,2022-06-17,442.000000,410.000000,410.000000,1052634
420.000000,420.000000,2022-06-20,448.000000,406.000000,448.000000,1136491
419.000000,419.000000,2022-06-21,420.000000,405.000000,417.000000,858617
419.000000,419.000000,2022-06-22,440.000000,393.000000,427.000000,1528060
428.000000,428.000000,2022-06-23,459.000000,410.000000,410.000000,3488622
440.000000,440.000000,2022-06-24,452.000000,429.000000,429.000000,1079471
447.000000,447.000000,2022-06-27,451.000000,434.000000,440.000000,505830
436.000000,436.000000,2022-06-28,447.000000,431.000000,447.000000,466512
431.000000,431.000000,2022-06-29,436.000000,427.000000,428.000000,237881
425.000000,425.000000,2022-06-30,435.000000,424.000000,431.000000,360238
410.000000,410.000000,2022-07-01,427.000000,408.000000,425.000000,453766
412.000000,412.000000,2022-07-04,418.000000,403.000000,411.000000,342623
421.000000,421.000000,2022-07-05,423.000000,410.000000,412.000000,328589
421.000000,421.000000,2022-07-06,428.000000,413.000000,428.000000,309589
423.000000,423.000000,2022-07-07,425.000000,415.000000,416.000000,301022
428.000000,428.000000,2022-07-08,435.000000,420.000000,425.000000,366361
430.000000,430.000000,2022-07-11,434.000000,426.000000,432.000000,255222
419.000000,419.000000,2022-07-12,430.000000,412.000000,430.000000,315001
419.000000,419.000000,2022-07-13,419.000000,408.000000,416.000000,368257
445.000000,445.000000,2022-07-14,469.000000,414.000000,419.000000,2590150
550.000000,550.000000,2022-07-15,578.000000,437.000000,448.000000,69071210
526.000000,526.000000,2022-07-18,559.000000,519.000000,555.000000,16291990
525.000000,525.000000,2022-07-19,544.000000,511.000000,524.000000,7184613
515.000000,515.000000,2022-07-20,524.000000,502.000000,523.000000,3408175
494.000000,494.000000,2022-07-21,516.000000,489.000000,510.000000,3017385
495.000000,495.000000,2022-07-22,506.000000,489.000000,496.000000,2178623
546.000000,546.000000,2022-07-25,598.000000,484.000000,495.000000,41958940
525.000000,525.000000,2022-07-26,580.000000,524.000000,544.000000,8973914
529.000000,529.000000,2022-07-27,541.000000,520.000000,525.000000,2913435
535.000000,535.000000,2022-07-28,552.000000,525.000000,535.000000,3773606
548.000000,548.000000,2022-07-29,558.000000,532.000000,534.000000,4035768
542.000000,542.000000,2022-08-01,560.000000,538.000000,560.000000,2167515
534.000000,534.000000,2022-08-02,545.000000,526.000000,541.000000,1544163
528.000000,528.000000,2022-08-03,540.000000,522.000000,532.000000,1820155
520.000000,520.000000,2022-08-04,541.000000,513.000000,528.000000,2024786
525.000000,525.000000,2022-08-05,531.000000,513.000000,520.000000,1132999
523.000000,523.000000,2022-08-08,534.000000,517.000000,534.000000,695232
518.000000,518.000000,2022-08-09,522.000000,515.000000,518.000000,596738
524.000000,524.000000,2022-08-10,527.000000,510.000000,518.000000,889329
525.000000,525.000000,2022-08-11,532.000000,519.000000,524.000000,817715
537.000000,537.000000,2022-08-12,549.000000,525.000000,535.000000,2545511
542.000000,542.000000,2022-08-16,545.000000,531.000000,537.000000,1690530
539.000000,539.000000,2022-08-17,546.000000,518.000000,541.000000,1511977
556.000000,556.000000,2022-08-18,580.000000,535.000000,535.000000,4830707
536.000000,536.000000,2022-08-19,557.000000,535.000000,557.000000,1376430
520.000000,520.000000,2022-08-22,535.000000,519.000000,535.000000,1084620
513.000000,513.000000,2022-08-23,522.000000,509.000000,519.000000,776506
508.000000,508.000000,2022-08-24,522.000000,507.000000,511.000000,716505
516.000000,516.000000,2022-08-25,521.000000,510.000000,510.000000,304450
515.000000,515.000000,2022-08-26,525.000000,509.000000,516.000000,589879
536.000000,536.000000,2022-08-29,600.000000,525.000000,566.000000,14368280
545.000000,545.000000,2022-08-30,558.000000,530.000000,531.000000,3045756
543.000000,543.000000,2022-08-31,553.000000,540.000000,545.000000,1017916
544.000000,544.000000,2022-09-01,559.000000,535.000000,537.000000,1690627
548.000000,548.000000,2022-09-02,555.000000,540.000000,544.000000,1151330
534.000000,534.000000,2022-09-05,550.000000,526.000000,543.000000,1335190
539.000000,539.000000,2022-09-06,546.000000,528.000000,528.000000,1210308
520.000000,520.000000,2022-09-07,545.000000,518.000000,543.000000,1260678
524.000000,524.000000,2022-09-08,531.000000,515.000000,520.000000,585880
527.000000,527.000000,2022-09-13,538.000000,520.000000,528.000000,1414760
531.000000,531.000000,2022-09-14,535.000000,510.000000,518.000000,709173
535.000000,535.000000,2022-09-15,539.000000,520.000000,529.000000,612806
523.000000,523.000000,2022-09-16,536.000000,522.000000,530.000000,645521
526.000000,526.000000,2022-09-19,529.000000,514.000000,519.000000,1071101
522.000000,522.000000,2022-09-20,529.000000,517.000000,522.000000,617506
513.000000,513.000000,2022-09-21,526.000000,512.000000,520.000000,492859
521.000000,521.000000,2022-09-22,524.000000,500.000000,513.000000,949606
522.000000,522.000000,2022-09-23,533.000000,513.000000,521.000000,716772
505.000000,505.000000,2022-09-26,519.000000,500.000000,514.000000,1018784
534.000000,534.000000,2022-09-27,538.000000,504.000000,510.000000,2420992
524.000000,524.000000,2022-09-28,543.000000,520.000000,534.000000,1761426
514.000000,514.000000,2022-09-29,528.000000,514.000000,528.000000,910157
505.000000,505.000000,2022-09-30,516.000000,501.000000,508.000000,817221
510.000000,510.000000,2022-10-04,514.000000,506.000000,509.000000,442178
530.000000,530.000000,2022-10-05,560.000000,507.000000,519.000000,6136628
533.000000,533.000000,2022-10-06,534.000000,523.000000,525.000000,1126653
525.000000,525.000000,2022-10-07,536.000000,521.000000,530.000000,1114069
501.000000,501.000000,2022-10-11,528.000000,500.000000,528.000000,1598509
505.000000,505.000000,2022-10-12,520.000000,493.000000,498.000000,744379
487.000000,487.000000,2022-10-13,507.000000,474.000000,505.000000,1299138
507.000000,507.000000,2022-10-14,513.000000,491.000000,498.000000,844133
526.000000,526.000000,2022-10-17,532.000000,498.000000,507.000000,1267214
522.000000,522.000000,2022-10-18,536.000000,520.000000,530.000000,489156
519.000000,519.000000,2022-10-19,531.000000,517.000000,522.000000,542113
519.000000,519.000000,2022-10-20,530.000000,513.000000,521.000000,471980
513.000000,513.000000,2022-10-21,521.000000,507.000000,519.000000,415650
510.000000,510.000000,2022-10-24,519.000000,509.000000,513.000000,353969
507.000000,507.000000,2022-10-25,515.000000,505.000000,508.000000,441785
506.000000,506.000000,2022-10-26,521.000000,504.000000,514.000000,466846
508.000000,508.000000,2022-10-27,512.000000,502.000000,507.000000,262478
506.000000,506.000000,2022-10-28,519.000000,502.000000,507.000000,645268
510.000000,510.000000,2022-10-31,514.000000,505.000000,514.000000,249718
513.000000,513.000000,2022-11-01,514.000000,503.000000,510.000000,709906
525.000000,525.000000,2022-11-02,528.000000,509.000000,511.000000,1043646
520.000000,520.000000,2022-11-03,550.000000,514.000000,518.000000,1420727
523.000000,523.000000,2022-11-04,527.000000,511.000000,513.000000,378073
545.000000,545.000000,2022-11-07,552.000000,520.000000,520.000000,1698614
562.000000,562.000000,2022-11-08,565.000000,544.000000,550.000000,1512845
547.000000,547.000000,2022-11-09,571.000000,547.000000,563.000000,1707049
543.000000,543.000000,2022-11-10,554.000000,530.000000,547.000000,787678
552.000000,552.000000,2022-11-11,553.000000,533.000000,547.000000,1733506
549.000000,549.000000,2022-11-14,576.000000,548.000000,569.000000,2453489
481.000000,481.000000,2022-11-15,540.000000,459.000000,540.000000,10712950
482.000000,482.000000,2022-11-16,488.000000,471.000000,483.000000,1352051
479.000000,479.000000,2022-11-17,487.000000,470.000000,482.000000,453672
469.000000,469.000000,2022-11-18,479.000000,465.000000,476.000000,2108470
456.000000,456.000000,2022-11-21,472.000000,451.000000,470.000000,939662
453.000000,453.000000,2022-11-22,461.000000,450.000000,456.000000,526052
454.000000,454.000000,2022-11-23,460.000000,445.000000,460.000000,429852
469.000000,469.000000,2022-11-24,471.000000,454.000000,457.000000,467517
468.000000,468.000000,2022-11-25,471.000000,463.000000,469.000000,196816
454.000000,454.000000,2022-11-28,471.000000,450.000000,468.000000,912934
456.000000,456.000000,2022-11-29,459.000000,445.000000,450.000000,725049
460.000000,460.000000,2022-11-30,464.000000,452.000000,459.000000,394297
461.000000,461.000000,2022-12-01,468.000000,455.000000,466.000000,328201
454.000000,454.000000,2022-12-02,462.000000,450.000000,461.000000,547256
449.000000,449.000000,2022-12-05,457.000000,445.000000,457.000000,616219
445.000000,445.000000,2022-12-06,452.000000,444.000000,450.000000,262404
442.000000,442.000000,2022-12-07,453.000000,441.000000,443.000000,385608
431.000000,431.000000,2022-12-08,450.000000,429.000000,443.000000,735974
444.000000,444.000000,2022-12-09,444.000000,431.000000,436.000000,356130
449.000000,449.000000,2022-12-12,451.000000,439.000000,449.000000,384358
457.000000,457.000000,2022-12-13,461.000000,448.000000,448.000000,883875
455.000000,455.000000,2022-12-14,465.000000,451.000000,454.000000,694568
457.000000,457.000000,2022-12-15,461.000000,452.000000,457.000000,255651
453.000000,453.000000,2022-12-16,458.000000,447.000000,449.000000,157200
454.000000,454.000000,2022-12-19,455.000000,445.000000,452.000000,682847
444.000000,444.000000,2022-12-20,460.000000,444.000000,454.000000,302249
443.000000,443.000000,2022-12-21,455.000000,440.000000,450.000000,294557
443.000000,443.000000,2022-12-22,447.000000,440.000000,447.000000,440529
435.000000,435.000000,2022-12-23,443.000000,432.000000,440.000000,382707
420.000000,420.000000,2022-12-26,436.000000,420.000000,435.000000,1134810
427.000000,427.000000,2022-12-27,431.000000,415.000000,425.000000,632858
424.000000,424.000000,2022-12-28,428.000000,419.000000,424.000000,329569
417.000000,417.000000,2022-12-29,423.000000,408.000000,423.000000,538672
412.000000,412.000000,2023-01-02,426.000000,405.000000,415.000000,814960
411.000000,411.000000,2023-01-03,416.000000,396.000000,415.000000,630989
417.000000,417.000000,2023-01-04,422.000000,403.000000,408.000000,372967
420.000000,420.000000,2023-01-05,427.000000,419.000000,420.000000,179901
452.000000,452.000000,2023-01-06,453.000000,415.000000,420.000000,605613
450.000000,450.000000,2023-01-09,452.000000,440.000000,450.000000,338240
444.000000,444.000000,2023-01-10,450.000000,440.000000,450.000000,239027
449.000000,449.000000,2023-01-11,453.000000,444.000000,445.000000,185666
450.000000,450.000000,2023-01-12,454.000000,442.000000,454.000000,144885
467.000000,467.000000,2023-01-13,473.000000,446.000000,454.000000,1012529
464.000000,464.000000,2023-01-16,473.000000,460.000000,468.000000,433175
465.000000,465.000000,2023-01-17,473.000000,461.000000,472.000000,317296
461.000000,461.000000,2023-01-18,465.000000,448.000000,465.000000,442280
460.000000,460.000000,2023-01-19,462.000000,449.000000,459.000000,436993
460.000000,460.000000,2023-01-20,461.000000,452.000000,461.000000,142538
466.000000,466.000000,2023-01-25,471.000000,458.000000,461.000000,1245207
468.000000,468.000000,2023-01-26,477.000000,462.000000,465.000000,369412
472.000000,472.000000,2023-01-27,489.000000,461.000000,461.000000,809690
475.000000,475.000000,2023-01-30,479.000000,465.000000,470.000000,463950
473.000000,473.000000,2023-01-31,478.000000,461.000000,472.000000,376986
478.000000,478.000000,2023-02-01,483.000000,472.000000,473.000000,837255
485.000000,485.000000,2023-02-02,489.000000,477.000000,478.000000,816044
487.000000,487.000000,2023-02-03,495.000000,483.000000,490.000000,1501831
480.000000,480.000000,2023-02-06,486.000000,475.000000,486.000000,390495
479.000000,479.000000,2023-02-07,484.000000,475.000000,482.000000,273131
479.000000,479.000000,2023-02-08,482.000000,474.000000,481.000000,278769
477.000000,477.000000,2023-02-09,480.000000,474.000000,480.000000,244019
465.000000,465.000000,2023-02-10,481.000000,461.000000,481.000000,588922
456.000000,456.000000,2023-02-13,465.000000,455.000000,465.000000,439011
461.000000,461.000000,2023-02-14,463.000000,456.000000,456.000000,414399
451.000000,451.000000,2023-02-15,466.000000,450.000000,466.000000,527115
460.000000,460.000000,2023-02-16,461.000000,450.000000,451.000000,483857
457.000000,457.000000,2023-02-17,459.000000,450.000000,457.000000,259660
456.000000,456.000000,2023-02-20,466.000000,453.000000,457.000000,811764
466.000000,466.000000,2023-02-21,466.000000,456.000000,463.000000,702948
474.000000,474.000000,2023-02-22,485.000000,461.000000,461.000000,876749
472.000000,472.000000,2023-02-23,479.000000,468.000000,474.000000,344949
460.000000,460.000000,2023-02-24,473.000000,460.000000,472.000000,730378
460.000000,460.000000,2023-02-27,464.000000,454.000000,454.000000,352387
464.000000,464.000000,2023-02-28,475.000000,455.000000,468.000000,594199
483.000000,483.000000,2023-03-02,496.000000,464.000000,464.000000,1748824
499.000000,499.000000,2023-03-03,505.000000,481.000000,488.000000,1872234
495.000000,495.000000,2023-03-06,520.000000,489.000000,500.000000,810116
488.000000,488.000000,2023-03-07,498.000000,479.000000,495.000000,962191
483.000000,483.000000,2023-03-08,493.000000,480.000000,485.000000,455695
475.000000,475.000000,2023-03-09,487.000000,472.000000,487.000000,420290
480.000000,480.000000,2023-03-10,496.000000,466.000000,472.000000,569952
498.000000,498.000000,2023-03-13,502.000000,468.000000,475.000000,1572221
481.000000,481.000000,2023-03-14,499.000000,475.000000,492.000000,789805
510.000000,510.000000,2023-03-15,510.000000,480.000000,488.000000,1828792
533.000000,533.000000,2023-03-16,537.000000,507.000000,511.000000,2717772
528.000000,528.000000,2023-03-17,545.000000,510.000000,535.000000,1894517
526.000000,526.000000,2023-03-20,537.000000,514.000000,528.000000,846359
511.000000,511.000000,2023-03-21,530.000000,509.000000,527.000000,703574
506.000000,506.000000,2023-03-22,515.000000,504.000000,510.000000,688336
527.000000,527.000000,2023-03-23,532.000000,501.000000,506.000000,1157612
555.000000,555.000000,2023-03-24,562.000000,523.000000,533.000000,4748380
575.000000,575.000000,2023-03-27,581.000000,550.000000,560.000000,2709234
585.000000,585.000000,2023-03-28,596.000000,576.000000,578.000000,1285918
593.000000,593.000000,2023-03-29,598.000000,572.000000,588.000000,1953911
607.000000,607.000000,2023-03-30,609.000000,583.000000,596.000000,1471368
590.000000,590.000000,2023-03-31,618.000000,574.000000,606.000000,2382776
588.000000,588.000000,2023-04-03,596.000000,576.000000,583.000000,859598
603.000000,603.000000,2023-04-04,606.000000,582.000000,592.000000,1262256
624.000000,624.000000,2023-04-05,631.000000,593.000000,603.000000,1759312
623.000000,623.000000,2023-04-06,633.000000,612.000000,620.000000,957377
605.000000,605.000000,2023-04-07,625.000000,598.000000,623.000000,1354220
589.000000,589.000000,2023-04-10,616.000000,575.000000,600.000000,1467323
589.000000,589.000000,2023-04-11,599.000000,570.000000,589.000000,1271146
588.000000,588.000000,2023-04-12,595.000000,573.000000,585.000000,1054944
607.000000,607.000000,2023-04-13,607.000000,575.000000,585.000000,1027902
593.000000,593.000000,2023-04-14,607.000000,588.000000,605.000000,793369
584.000000,584.000000,2023-04-17,594.000000,580.000000,593.000000,452710
591.000000,591.000000,2023-04-18,599.000000,574.000000,578.000000,819875
600.000000,600.000000,2023-04-19,608.000000,579.000000,591.000000,1402903
589.000000,589.000000,2023-04-20,603.000000,580.000000,600.000000,696713
578.000000,578.000000,2023-04-21,589.000000,576.000000,582.000000,602802
564.000000,564.000000,2023-04-24,581.000000,550.000000,578.000000,1018056
556.000000,556.000000,2023-04-25,572.000000,548.000000,565.000000,874169
546.000000,546.000000,2023-04-26,563.000000,539.000000,553.000000,641041
569.000000,569.000000,2023-04-27,569.000000,536.000000,555.000000,743705
556.000000,556.000000,2023-04-28,572.000000,550.000000,565.000000,717474
559.000000,559.000000,2023-05-02,572.000000,548.000000,551.000000,626044
562.000000,562.000000,2023-05-03,576.000000,557.000000,559.000000,388613
551.000000,551.000000,2023-05-04,566.000000,544.000000,553.000000,704195
551.000000,551.000000,2023-05-08,564.000000,523.000000,560.000000,1050439
560.000000,560.000000,2023-05-09,565.000000,538.000000,541.000000,696065
554.000000,554.000000,2023-05-10,567.000000,551.000000,563.000000,493433
548.000000,548.000000,2023-05-11,559.000000,544.000000,554.000000,587613
538.000000,538.000000,2023-05-12,549.000000,537.000000,548.000000,795797
526.000000,526.000000,2023-05-15,544.000000,525.000000,531.000000,558270
525.000000,525.000000,2023-05-16,536.000000,518.000000,524.000000,413509
528.000000,528.000000,2023-05-17,530.000000,515.000000,515.000000,343535
537.000000,537.000000,2023-05-18,540.000000,525.000000,528.000000,448153
531.000000,531.000000,2023-05-19,542.000000,528.000000,540.000000,316163
532.000000,532.000000,2023-05-22,536.000000,525.000000,530.000000,502311
519.000000,519.000000,2023-05-23,537.000000,519.000000,531.000000,767115
517.000000,517.000000,2023-05-24,526.000000,513.000000,522.000000,790245
517.000000,517.000000,2023-05-25,524.000000,510.000000,524.000000,489498
511.000000,511.000000,2023-05-26,521.000000,500.000000,521.000000,842758
505.000000,505.000000,2023-05-30,517.000000,500.000000,517.000000,689019
505.000000,505.000000,2023-05-31,509.000000,500.000000,502.000000,326666
477.000000,477.000000,2023-06-01,505.000000,475.000000,505.000000,1623308
504.000000,504.000000,2023-06-02,522.000000,478.000000,478.000000,2010161
510.000000,510.000000,2023-06-05,513.000000,505.000000,511.000000,584800
499.000000,499.000000,2023-06-07,514.000000,499.000000,514.000000,450640
497.000000,497.000000,2023-06-08,505.000000,480.000000,501.000000,624306
497.000000,497.000000,2023-06-09,506.000000,495.000000,500.000000,271334
499.000000,499.000000,2023-06-12,500.000000,487.000000,495.000000,324005
499.000000,499.000000,2023-06-13,506.000000,490.000000,498.000000,339669
482.000000,482.000000,2023-06-14,499.000000,475.000000,494.000000,1312579
476.000000,476.000000,2023-06-15,488.000000,470.000000,485.000000,816590
479.000000,479.000000,2023-06-16,485.000000,472.000000,485.000000,234449
477.000000,477.000000,2023-06-19,479.000000,470.000000,479.000000,202859
475.000000,475.000000,2023-06-20,483.000000,470.000000,475.000000,464292
458.000000,458.000000,2023-06-21,479.000000,457.000000,475.000000,1394983
465.000000,465.000000,2023-06-22,482.000000,453.000000,461.000000,1604429
452.000000,452.000000,2023-06-23,473.000000,451.000000,465.000000,561681
446.000000,446.000000,2023-06-26,460.000000,445.000000,451.000000,586156
437.000000,437.000000,2023-06-27,450.000000,434.000000,445.000000,539131
433.000000,433.000000,2023-06-28,440.000000,425.000000,440.000000,646024
428.000000,428.000000,2023-06-29,436.000000,419.000000,427.000000,668726
434.000000,434.000000,2023-06-30,439.000000,420.000000,421.000000,560746
434.000000,434.000000,2023-07-03,443.000000,428.000000,438.000000,338880
422.000000,422.000000,2023-07-04,435.000000,417.000000,434.000000,565371
416.000000,416.000000,2023-07-05,425.000000,400.000000,425.000000,591336
405.000000,405.000000,2023-07-06,416.000000,401.000000,416.000000,567812
409.000000,409.000000,2023-07-07,412.000000,404.000000,404.000000,266310
406.000000,406.000000,2023-07-10,410.000000,402.000000,410.000000,200413
null,null,2023-07-11,null,null,null,null
416.000000,416.000000,2023-07-12,426.000000,414.000000,420.000000,338552
415.000000,415.000000,2023-07-13,420.000000,408.000000,408.000000,503781
406.000000,406.000000,2023-07-14,418.000000,398.000000,411.000000,919703
403.000000,403.000000,2023-07-17,408.000000,389.000000,403.000000,1598353
396.000000,396.000000,2023-07-18,407.000000,393.000000,405.000000,633663
398.000000,398.000000,2023-07-19,402.000000,389.000000,398.000000,586782
396.000000,396.000000,2023-07-20,400.000000,390.000000,395.000000,276351
391.000000,391.000000,2023-07-21,396.000000,388.000000,394.000000,714665
377.000000,377.000000,2023-07-24,391.000000,374.000000,391.000000,1284519
370.000000,370.000000,2023-07-25,381.000000,369.000000,381.000000,911446
349.000000,349.000000,2023-07-26,371.000000,330.000000,369.000000,2329298
378.000000,378.000000,2023-07-27,388.000000,349.000000,349.000000,1238296
383.000000,383.000000,2023-07-28,388.000000,373.000000,378.000000,276969
384.000000,384.000000,2023-07-31,391.000000,371.000000,385.000000,285225
388.000000,388.000000,2023-08-01,391.000000,376.000000,384.000000,347316
379.000000,379.000000,2023-08-02,392.000000,377.000000,386.000000,423414
377.000000,377.000000,2023-08-03,382.000000,370.000000,378.000000,371351
381.000000,381.000000,2023-08-04,382.000000,370.000000,376.000000,229146
385.000000,385.000000,2023-08-07,387.000000,374.000000,381.000000,220453
375.000000,375.000000,2023-08-08,388.000000,373.000000,386.000000,243407
380.000000,380.000000,2023-08-09,381.000000,370.000000,370.000000,211973
384.000000,384.000000,2023-08-10,384.000000,374.000000,378.000000,328178
409.000000,409.000000,2023-08-11,415.000000,377.000000,384.000000,1008024
410.000000,410.000000,2023-08-14,415.000000,396.000000,409.000000,434966
400.000000,400.000000,2023-08-16,410.000000,397.000000,410.000000,526054
438.000000,438.000000,2023-08-17,460.000000,388.000000,397.000000,3425745
465.000000,465.000000,2023-08-18,471.000000,429.000000,436.000000,2570868
484.000000,484.000000,2023-08-21,484.000000,448.000000,465.000000,1956639
480.000000,480.000000,2023-08-22,506.000000,471.000000,482.000000,2251221
469.000000,469.000000,2023-08-23,490.000000,464.000000,472.000000,677115
479.000000,479.000000,2023-08-24,492.000000,438.000000,465.000000,1198701
494.000000,494.000000,2023-08-25,508.000000,474.000000,476.000000,1488767
490.000000,490.000000,2023-08-28,496.000000,486.000000,494.000000,632515
488.000000,488.000000,2023-08-29,495.000000,480.000000,485.000000,763036
484.000000,484.000000,2023-08-30,488.000000,477.000000,486.000000,529729
488.000000,488.000000,2023-08-31,492.000000,465.000000,492.000000,917971
490.000000,490.000000,2023-09-01,496.000000,478.000000,488.000000,542747
500.000000,500.000000,2023-09-04,514.000000,486.000000,490.000000,1105562
498.000000,498.000000,2023-09-05,502.000000,490.000000,500.000000,374801
498.000000,498.000000,2023-09-06,499.000000,489.000000,498.000000,674756
496.000000,496.000000,2023-09-07,506.000000,490.000000,495.000000,723917
484.000000,484.000000,2023-09-08,496.000000,474.000000,495.000000,663904
478.000000,478.000000,2023-09-11,486.000000,465.000000,478.000000,824236
462.000000,462.000000,2023-09-12,492.000000,459.000000,474.000000,755239
448.000000,448.000000,2023-09-13,467.000000,446.000000,462.000000,568445
464.000000,464.000000,2023-09-14,470.000000,448.000000,448.000000,250180
450.000000,450.000000,2023-09-15,470.000000,450.000000,464.000000,488238
445.000000,445.000000,2023-09-18,455.000000,431.000000,449.000000,434809
439.000000,439.000000,2023-09-19,454.000000,436.000000,443.000000,286450
431.000000,431.000000,2023-09-20,444.000000,430.000000,439.000000,336335
424.000000,424.000000,2023-09-21,437.000000,415.000000,430.000000,569801
443.000000,443.000000,2023-09-22,461.000000,417.000000,420.000000,687003
419.000000,419.000000,2023-09-25,448.000000,419.000000,443.000000,505847
422.000000,422.000000,2023-09-26,433.000000,417.000000,420.000000,301078
446.000000,446.000000,2023-09-27,446.000000,418.000000,422.000000,409996
430.000000,430.000000,2023-10-04,448.000000,430.000000,444.000000,343963
420.000000,420.000000,2023-10-05,440.000000,415.000000,430.000000,298441
418.000000,418.000000,2023-10-06,433.000000,412.000000,420.000000,293980
398.000000,398.000000,2023-10-10,426.000000,398.000000,414.000000,362073
411.000000,411.000000,2023-10-11,423.000000,389.000000,389.000000,592013
415.000000,415.000000,2023-10-12,420.000000,408.000000,411.000000,406731
409.000000,409.000000,2023-10-13,422.000000,409.000000,413.000000,277522
397.000000,397.000000,2023-10-16,409.000000,388.000000,409.000000,646788
414.000000,414.000000,2023-10-17,419.000000,397.000000,397.000000,279277
413.000000,413.000000,2023-10-18,418.000000,403.000000,414.000000,172486
416.000000,416.000000,2023-10-19,426.000000,400.000000,413.000000,406303
452.000000,452.000000,2023-10-20,465.000000,413.000000,414.000000,2157457
443.000000,443.000000,2023-10-23,458.000000,435.000000,458.000000,505709
443.000000,443.000000,2023-10-24,451.000000,423.000000,441.000000,547418
490.000000,490.000000,2023-10-25,575.000000,443.000000,443.000000,28590570
466.000000,466.000000,2023-10-26,495.000000,450.000000,480.000000,3581203
457.000000,457.000000,2023-10-27,480.000000,435.000000,465.000000,1376815
473.000000,473.000000,2023-10-30,495.000000,449.000000,465.000000,2315104
457.000000,457.000000,2023-10-31,481.000000,449.000000,476.000000,1198389
441.000000,441.000000,2023-11-01,490.000000,437.000000,450.000000,3135128
452.000000,452.000000,2023-11-02,458.000000,437.000000,442.000000,1294155
457.000000,457.000000,2023-11-03,465.000000,444.000000,448.000000,920504
463.000000,463.000000,2023-11-06,474.000000,456.000000,458.000000,981298
456.000000,456.000000,2023-11-07,467.000000,444.000000,463.000000,912029
454.000000,454.000000,2023-11-08,465.000000,445.000000,456.000000,589036
446.000000,446.000000,2023-11-09,487.000000,446.000000,454.000000,1298403
424.000000,424.000000,2023-11-10,454.000000,423.000000,443.000000,1145431
422.000000,422.000000,2023-11-13,437.000000,414.000000,424.000000,409863
438.000000,438.000000,2023-11-14,440.000000,421.000000,422.000000,369738
445.000000,445.000000,2023-11-15,447.000000,436.000000,447.000000,300395
452.000000,452.000000,2023-11-16,458.000000,440.000000,451.000000,322886
452.000000,452.000000,2023-11-17,458.000000,445.000000,449.000000,358412
457.000000,457.000000,2023-11-20,463.000000,451.000000,451.000000,339446
456.000000,456.000000,2023-11-21,463.000000,449.000000,460.000000,211082
463.000000,463.000000,2023-11-22,467.000000,450.000000,450.000000,579283
480.000000,480.000000,2023-11-23,497.000000,459.000000,464.000000,1795852
480.000000,480.000000,2023-11-24,496.000000,475.000000,481.000000,794082
479.000000,479.000000,2023-11-27,490.000000,460.000000,481.000000,733397
491.000000,491.000000,2023-11-28,491.000000,472.000000,479.000000,1176278
488.000000,488.000000,2023-11-29,502.000000,475.000000,488.000000,1285562
485.000000,485.000000,2023-11-30,496.000000,475.000000,490.000000,1064192
515.000000,515.000000,2023-12-01,516.000000,477.000000,487.000000,2415333
505.000000,505.000000,2023-12-04,518.000000,502.000000,506.000000,836890
515.000000,515.000000,2023-12-05,530.000000,501.000000,501.000000,818616
514.000000,514.000000,2023-12-06,518.000000,505.000000,515.000000,655966
512.000000,512.000000,2023-12-07,524.000000,510.000000,514.000000,511960
520.000000,520.000000,2023-12-08,524.000000,509.000000,512.000000,928757
485.000000,485.000000,2023-12-11,520.000000,482.000000,520.000000,1750926
499.000000,499.000000,2023-12-12,510.000000,458.000000,480.000000,1653194
493.000000,493.000000,2023-12-13,515.000000,490.000000,496.000000,1295617
505.000000,505.000000,2023-12-14,514.000000,482.000000,500.000000,1677511
573.000000,573.000000,2023-12-15,575.000000,502.000000,509.000000,12548210
503.000000,503.000000,2023-12-18,600.000000,499.000000,575.000000,11606560
487.000000,487.000000,2023-12-19,506.000000,487.000000,503.000000,2002569
486.000000,486.000000,2023-12-20,500.000000,480.000000,489.000000,1281325
485.000000,485.000000,2023-12-21,490.000000,470.000000,486.000000,1549643
488.000000,488.000000,2023-12-22,499.000000,479.000000,482.000000,808071
484.000000,484.000000,2023-12-26,494.000000,477.000000,486.000000,907797
490.000000,490.000000,2023-12-27,504.000000,475.000000,484.000000,935528
504.000000,504.000000,2023-12-28,518.000000,480.000000,492.000000,1892720
507.000000,507.000000,2024-01-02,512.000000,502.000000,502.000000,700569
502.000000,502.000000,2024-01-03,512.000000,501.000000,505.000000,449956
508.000000,508.000000,2024-01-04,518.000000,500.000000,505.000000,832816
514.000000,514.000000,2024-01-05,515.000000,500.000000,509.000000,562892
506.000000,506.000000,2024-01-08,517.000000,502.000000,517.000000,399364
510.000000,510.000000,2024-01-09,514.000000,506.000000,509.000000,482567
500.000000,500.000000,2024-01-10,510.000000,500.000000,507.000000,399981
514.000000,514.000000,2024-01-11,515.000000,499.000000,506.000000,1005060
513.000000,513.000000,2024-01-12,515.000000,498.000000,514.000000,1102030
505.000000,505.000000,2024-01-15,515.000000,501.000000,508.000000,431311
500.000000,500.000000,2024-01-16,510.000000,497.000000,505.000000,599273
499.000000,499.000000,2024-01-17,507.000000,490.000000,507.000000,626728
510.000000,510.000000,2024-01-18,513.000000,498.000000,504.000000,546320
530.000000,530.000000,2024-01-19,540.000000,510.000000,515.000000,3061098
532.000000,532.000000,2024-01-22,550.000000,525.000000,536.000000,2043261
521.000000,521.000000,2024-01-23,537.000000,512.000000,535.000000,945487
506.000000,506.000000,2024-01-24,521.000000,501.000000,512.000000,591888
500.000000,500.000000,2024-01-25,509.000000,496.000000,506.000000,812590
499.000000,499.000000,2024-01-26,505.000000,492.000000,496.000000,891047
495.000000,495.000000,2024-01-29,508.000000,492.000000,495.000000,796160
500.000000,500.000000,2024-01-30,504.000000,488.000000,495.000000,683049
498.000000,498.000000,2024-01-31,514.000000,494.000000,495.000000,816321
493.000000,493.000000,2024-02-01,504.000000,490.000000,498.000000,546273
474.000000,474.000000,2024-02-02,498.000000,473.000000,495.000000,1098151
475.000000,475.000000,2024-02-05,479.000000,465.000000,475.000000,516879
477.000000,477.000000,2024-02-06,479.000000,468.000000,475.000000,550674
475.000000,475.000000,2024-02-07,485.000000,470.000000,480.000000,266474
476.000000,476.000000,2024-02-08,486.000000,474.000000,478.000000,392033
484.000000,484.000000,2024-02-13,487.000000,473.000000,480.000000,507701
469.000000,469.000000,2024-02-14,484.000000,469.000000,478.000000,993094
488.000000,488.000000,2024-02-15,495.000000,469.000000,474.000000,1509721
521.000000,521.000000,2024-02-16,528.000000,485.000000,495.000000,3505706
518.000000,518.000000,2024-02-19,528.000000,507.000000,526.000000,1506209
504.000000,504.000000,2024-02-20,520.000000,502.000000,518.000000,1305070
506.000000,506.000000,2024-02-21,512.000000,500.000000,504.000000,764429
500.000000,500.000000,2024-02-22,506.000000,497.000000,506.000000,746738
493.000000,493.000000,2024-02-23,504.000000,461.000000,501.000000,3009762
456.000000,456.000000,2024-02-26,493.000000,451.000000,493.000000,4318896
426.000000,426.000000,2024-02-27,456.000000,413.000000,446.000000,3871342
427.000000,427.000000,2024-02-28,454.000000,426.000000,448.000000,1555223
430.000000,430.000000,2024-02-29,433.000000,416.000000,430.000000,878361
425.000000,425.000000,2024-03-04,434.000000,422.000000,430.000000,730087
421.000000,421.000000,2024-03-05,427.000000,415.000000,425.000000,642820
417.000000,417.000000,2024-03-06,423.000000,412.000000,418.000000,424049
415.000000,415.000000,2024-03-07,423.000000,406.000000,417.000000,867882
423.000000,423.000000,2024-03-08,426.000000,413.000000,417.000000,568008
445.000000,445.000000,2024-03-11,446.000000,423.000000,433.000000,727371
432.000000,432.000000,2024-03-12,450.000000,430.000000,437.000000,634387
426.000000,426.000000,2024-03-13,437.000000,423.000000,433.000000,579599
427.000000,427.000000,2024-03-14,430.000000,421.000000,430.000000,669564
413.000000,413.000000,2024-03-15,448.000000,411.000000,440.000000,1371757
410.000000,410.000000,2024-03-18,415.000000,406.000000,413.000000,547360
402.000000,402.000000,2024-03-19,414.000000,391.000000,410.000000,1019563
425.000000,425.000000,2024-03-20,438.000000,402.000000,406.000000,1545228
420.000000,420.000000,2024-03-21,441.000000,395.000000,428.000000,2352749
424.000000,424.000000,2024-03-22,430.000000,403.000000,405.000000,1858687
420.000000,420.000000,2024-03-25,430.000000,417.000000,430.000000,2407875
426.000000,426.000000,2024-03-26,447.000000,416.000000,426.000000,2272490
418.000000,418.000000,2024-03-27,434.000000,417.000000,426.000000,698345
424.000000,424.000000,2024-03-28,433.000000,417.000000,421.000000,551729
427.000000,427.000000,2024-03-29,436.000000,423.000000,426.000000,430115
